feasible,best_chromosome,final_population_best,best_fitness,species_count_json,species_count_max,history_length,species_count_mean,best_gap_percent,runtime_seconds,history_json,seed,instance,convergence_generation,algorithm,instance_path
True,27 7 4 5 9 29 24 3 19 13 2 11 26 6 28 25 15 30 16 23 12 10 21 14 20 18 32 22 8 17 31,1019.0,1019.0,"[1, 1, 1, 1, 1, 1, 1, 1, 1, 1, 1, 1, 1, 1, 1, 1, 1, 1, 1, 1, 1, 1, 1, 1, 1, 1, 1, 1, 1, 1, 1, 1, 1, 1, 1, 1, 1, 1, 1, 1, 1, 1, 1, 1, 1, 1, 1, 1, 1, 1, 1, 1, 1, 1, 1, 1, 1, 1, 1, 1, 1, 1, 1, 1, 1, 1, 1, 1, 1, 1, 1, 1, 1, 1, 1, 1, 1, 1, 1, 1, 1, 1, 1, 1, 1, 1, 1, 1, 1, 1, 1, 1, 1, 1, 1, 1, 1, 1, 1, 1, 1, 1, 1, 1, 1, 1, 1, 1, 1, 1, 1, 1, 1, 1, 1, 1, 1, 1, 1, 1, 1, 1, 1, 1, 1, 1, 1, 1, 1, 1, 1, 1, 1, 1, 1, 1, 1, 1, 1, 1, 1, 1, 1, 1, 1, 1, 1, 1, 1, 1, 1, 1, 1, 1, 1, 1, 1, 1, 1, 1, 1, 1, 1, 1, 1, 1, 1, 1, 1, 1, 1, 1, 1, 1, 1, 1, 1, 1, 1, 1, 1, 1, 1, 1, 1, 1, 1, 1, 1, 1, 1, 1, 1, 1, 1, 1, 1, 1, 1, 1, 1, 1, 1, 1, 1, 1, 1, 1, 1, 1, 1, 1, 1, 1, 1, 1, 1, 1, 1, 1, 1, 1, 1, 1, 1, 1, 1, 1, 1, 1, 1, 1, 1, 1, 1, 1, 1, 1, 1, 1, 1, 1, 1, 1, 1, 1, 1, 1, 1, 1, 1, 1, 1, 1, 1, 1, 1, 1, 1, 1, 1, 1, 1, 1, 1, 1, 1, 1, 1, 1, 1, 1, 1, 1, 1, 1, 1, 1, 1, 1, 1, 1, 1, 1, 1, 1, 1, 1, 1, 1, 1, 1, 1, 1, 1, 1, 1, 1, 1, 1]",1,300,1.0,,2.20965,"[1564.0, 1564.0, 1564.0, 1414.0, 1414.0, 1374.0, 1374.0, 1374.0, 1374.0, 1374.0, 1328.0, 1328.0, 1328.0, 1328.0, 1295.0, 1295.0, 1295.0, 1283.0, 1283.0, 1239.0, 1239.0, 1239.0, 1239.0, 1239.0, 1239.0, 1239.0, 1214.0, 1214.0, 1214.0, 1214.0, 1214.0, 1214.0, 1214.0, 1214.0, 1214.0, 1214.0, 1214.0, 1214.0, 1214.0, 1214.0, 1214.0, 1214.0, 1214.0, 1214.0, 1214.0, 1214.0, 1214.0, 1214.0, 1214.0, 1214.0, 1212.0, 1212.0, 1212.0, 1212.0, 1212.0, 1212.0, 1212.0, 1212.0, 1212.0, 1212.0, 1212.0, 1212.0, 1212.0, 1212.0, 1212.0, 1212.0, 1212.0, 1212.0, 1212.0, 1188.0, 1188.0, 1188.0, 1188.0, 1188.0, 1188.0, 1188.0, 1188.0, 1188.0, 1188.0, 1188.0, 1188.0, 1188.0, 1188.0, 1188.0, 1188.0, 1188.0, 1188.0, 1184.0, 1184.0, 1184.0, 1184.0, 1184.0, 1184.0, 1184.0, 1184.0, 1184.0, 1184.0, 1184.0, 1184.0, 1184.0, 1184.0, 1184.0, 1184.0, 1184.0, 1184.0, 1184.0, 1184.0, 1184.0, 1184.0, 1184.0, 1184.0, 1184.0, 1184.0, 1184.0, 1184.0, 1184.0, 1184.0, 1184.0, 1184.0, 1184.0, 1184.0, 1184.0, 1181.0, 1134.0, 1134.0, 1134.0, 1134.0, 1134.0, 1134.0, 1134.0, 1134.0, 1129.0, 1111.0, 1111.0, 1111.0, 1111.0, 1111.0, 1111.0, 1111.0, 1111.0, 1096.0, 1096.0, 1096.0, 1096.0, 1096.0, 1096.0, 1096.0, 1096.0, 1096.0, 1096.0, 1096.0, 1096.0, 1096.0, 1096.0, 1096.0, 1096.0, 1096.0, 1096.0, 1096.0, 1096.0, 1096.0, 1096.0, 1096.0, 1096.0, 1096.0, 1096.0, 1096.0, 1096.0, 1096.0, 1096.0, 1096.0, 1096.0, 1096.0, 1096.0, 1096.0, 1096.0, 1096.0, 1096.0, 1096.0, 1096.0, 1096.0, 1096.0, 1096.0, 1096.0, 1096.0, 1096.0, 1096.0, 1096.0, 1038.0, 1038.0, 1038.0, 1038.0, 1038.0, 1038.0, 1038.0, 1038.0, 1038.0, 1038.0, 1038.0, 1038.0, 1038.0, 1038.0, 1038.0, 1038.0, 1038.0, 1038.0, 1038.0, 1038.0, 1038.0, 1038.0, 1038.0, 1038.0, 1038.0, 1038.0, 1038.0, 1038.0, 1038.0, 1038.0, 1038.0, 1038.0, 1038.0, 1038.0, 1038.0, 1038.0, 1038.0, 1038.0, 1038.0, 1038.0, 1038.0, 1038.0, 1038.0, 1038.0, 1038.0, 1038.0, 1038.0, 1038.0, 1038.0, 1027.0, 1027.0, 1027.0, 1027.0, 1027.0, 1022.0, 1022.0, 1022.0, 1022.0, 1022.0, 1022.0, 1022.0, 1022.0, 1022.0, 1022.0, 1022.0, 1022.0, 1022.0, 1022.0, 1022.0, 1022.0, 1022.0, 1022.0, 1022.0, 1022.0, 1022.0, 1022.0, 1022.0, 1022.0, 1022.0, 1022.0, 1022.0, 1022.0, 1022.0, 1022.0, 1022.0, 1022.0, 1022.0, 1022.0, 1022.0, 1022.0, 1022.0, 1022.0, 1022.0, 1022.0, 1022.0, 1022.0, 1022.0, 1022.0, 1019.0, 1019.0, 1019.0, 1019.0, 1019.0, 1019.0, 1019.0, 1019.0, 1019.0, 1019.0, 1019.0, 1019.0, 1019.0, 1019.0]",1,A-n32-k5.vrp,287,GA,data/vrp/A-n32-k5.vrp
True,32 20 18 7 15 25 29 5 19 9 12 23 30 26 28 24 3 4 14 22 27 31 13 10 16 11 6 21 2 8 17,1064.0,1064.0,"[1, 1, 1, 1, 1, 1, 1, 1, 1, 1, 1, 1, 1, 1, 1, 1, 1, 1, 1, 1, 1, 1, 1, 1, 1, 1, 1, 1, 1, 1, 1, 1, 1, 1, 1, 1, 1, 1, 1, 1, 1, 1, 1, 1, 1, 1, 1, 1, 1, 1, 1, 1, 1, 1, 1, 1, 1, 1, 1, 1, 1, 1, 1, 1, 1, 1, 1, 1, 1, 1, 1, 1, 1, 1, 1, 1, 1, 1, 1, 1, 1, 1, 1, 1, 1, 1, 1, 1, 1, 1, 1, 1, 1, 1, 1, 1, 1, 1, 1, 1, 1, 1, 1, 1, 1, 1, 1, 1, 1, 1, 1, 1, 1, 1, 1, 1, 1, 1, 1, 1, 1, 1, 1, 1, 1, 1, 1, 1, 1, 1, 1, 1, 1, 1, 1, 1, 1, 1, 1, 1, 1, 1, 1, 1, 1, 1, 1, 1, 1, 1, 1, 1, 1, 1, 1, 1, 1, 1, 1, 1, 1, 1, 1, 1, 1, 1, 1, 1, 1, 1, 1, 1, 1, 1, 1, 1, 1, 1, 1, 1, 1, 1, 1, 1, 1, 1, 1, 1, 1, 1, 1, 1, 1, 1, 1, 1, 1, 1, 1, 1, 1, 1, 1, 1, 1, 1, 1, 1, 1, 1, 1, 1, 1, 1, 1, 1, 1, 1, 1, 1, 1, 1, 1, 1, 1, 1, 1, 1, 1, 1, 1, 1, 1, 1, 1, 1, 1, 1, 1, 1, 1, 1, 1, 1, 1, 1, 1, 1, 1, 1, 1, 1, 1, 1, 1, 1, 1, 1, 1, 1, 1, 1, 1, 1, 1, 1, 1, 1, 1, 1, 1, 1, 1, 1, 1, 1, 1, 1, 1, 1, 1, 1, 1, 1, 1, 1, 1, 1, 1, 1, 1, 1, 1, 1, 1, 1, 1, 1, 1, 1]",1,300,1.0,,2.20856,"[1693.0, 1693.0, 1485.0, 1485.0, 1485.0, 1485.0, 1459.0, 1459.0, 1459.0, 1455.0, 1415.0, 1415.0, 1415.0, 1358.0, 1358.0, 1358.0, 1338.0, 1338.0, 1257.0, 1257.0, 1257.0, 1253.0, 1253.0, 1253.0, 1253.0, 1253.0, 1229.0, 1229.0, 1229.0, 1229.0, 1229.0, 1222.0, 1212.0, 1212.0, 1212.0, 1211.0, 1211.0, 1186.0, 1186.0, 1186.0, 1186.0, 1186.0, 1186.0, 1186.0, 1186.0, 1183.0, 1162.0, 1162.0, 1162.0, 1162.0, 1162.0, 1162.0, 1162.0, 1162.0, 1162.0, 1162.0, 1162.0, 1162.0, 1162.0, 1162.0, 1162.0, 1162.0, 1162.0, 1162.0, 1162.0, 1162.0, 1162.0, 1162.0, 1162.0, 1162.0, 1162.0, 1162.0, 1162.0, 1162.0, 1162.0, 1162.0, 1162.0, 1162.0, 1162.0, 1159.0, 1159.0, 1159.0, 1159.0, 1159.0, 1159.0, 1159.0, 1159.0, 1159.0, 1159.0, 1159.0, 1159.0, 1159.0, 1159.0, 1159.0, 1159.0, 1159.0, 1159.0, 1159.0, 1159.0, 1159.0, 1159.0, 1159.0, 1159.0, 1159.0, 1159.0, 1159.0, 1137.0, 1137.0, 1137.0, 1137.0, 1137.0, 1137.0, 1137.0, 1137.0, 1137.0, 1137.0, 1129.0, 1129.0, 1129.0, 1129.0, 1129.0, 1129.0, 1129.0, 1129.0, 1129.0, 1129.0, 1129.0, 1129.0, 1129.0, 1129.0, 1129.0, 1129.0, 1129.0, 1129.0, 1129.0, 1129.0, 1129.0, 1129.0, 1129.0, 1129.0, 1129.0, 1129.0, 1129.0, 1129.0, 1124.0, 1124.0, 1124.0, 1124.0, 1124.0, 1124.0, 1124.0, 1124.0, 1124.0, 1124.0, 1124.0, 1124.0, 1124.0, 1124.0, 1124.0, 1115.0, 1115.0, 1115.0, 1115.0, 1115.0, 1115.0, 1115.0, 1115.0, 1115.0, 1072.0, 1072.0, 1072.0, 1072.0, 1072.0, 1072.0, 1072.0, 1072.0, 1072.0, 1072.0, 1072.0, 1072.0, 1072.0, 1072.0, 1072.0, 1072.0, 1069.0, 1069.0, 1069.0, 1069.0, 1069.0, 1069.0, 1069.0, 1069.0, 1069.0, 1069.0, 1069.0, 1069.0, 1069.0, 1069.0, 1069.0, 1069.0, 1069.0, 1069.0, 1069.0, 1069.0, 1069.0, 1069.0, 1069.0, 1069.0, 1069.0, 1069.0, 1069.0, 1069.0, 1069.0, 1069.0, 1069.0, 1069.0, 1069.0, 1069.0, 1069.0, 1069.0, 1069.0, 1068.0, 1068.0, 1068.0, 1068.0, 1068.0, 1068.0, 1068.0, 1068.0, 1068.0, 1068.0, 1068.0, 1068.0, 1068.0, 1068.0, 1068.0, 1068.0, 1068.0, 1068.0, 1068.0, 1068.0, 1068.0, 1068.0, 1068.0, 1068.0, 1068.0, 1068.0, 1068.0, 1068.0, 1068.0, 1068.0, 1068.0, 1068.0, 1068.0, 1068.0, 1068.0, 1068.0, 1068.0, 1068.0, 1068.0, 1064.0, 1064.0, 1064.0, 1064.0, 1064.0, 1064.0, 1064.0, 1064.0, 1064.0, 1064.0, 1064.0, 1064.0, 1064.0, 1064.0, 1064.0, 1064.0, 1064.0, 1064.0, 1064.0, 1064.0, 1064.0, 1064.0, 1064.0, 1064.0, 1064.0, 1064.0, 1064.0, 1064.0, 1064.0, 1064.0, 1064.0, 1064.0, 1064.0, 1064.0, 1064.0, 1064.0, 1064.0, 1064.0, 1064.0, 1064.0]",2,A-n32-k5.vrp,261,GA,data/vrp/A-n32-k5.vrp
True,3 29 9 5 12 23 10 19 17 14 20 2 13 21 26 6 28 15 31 8 27 7 18 22 32 4 24 30 16 11 25,1062.0,1062.0,"[1, 1, 1, 1, 1, 1, 1, 1, 1, 1, 1, 1, 1, 1, 1, 1, 1, 1, 1, 1, 1, 1, 1, 1, 1, 1, 1, 1, 1, 1, 1, 1, 1, 1, 1, 1, 1, 1, 1, 1, 1, 1, 1, 1, 1, 1, 1, 1, 1, 1, 1, 1, 1, 1, 1, 1, 1, 1, 1, 1, 1, 1, 1, 1, 1, 1, 1, 1, 1, 1, 1, 1, 1, 1, 1, 1, 1, 1, 1, 1, 1, 1, 1, 1, 1, 1, 1, 1, 1, 1, 1, 1, 1, 1, 1, 1, 1, 1, 1, 1, 1, 1, 1, 1, 1, 1, 1, 1, 1, 1, 1, 1, 1, 1, 1, 1, 1, 1, 1, 1, 1, 1, 1, 1, 1, 1, 1, 1, 1, 1, 1, 1, 1, 1, 1, 1, 1, 1, 1, 1, 1, 1, 1, 1, 1, 1, 1, 1, 1, 1, 1, 1, 1, 1, 1, 1, 1, 1, 1, 1, 1, 1, 1, 1, 1, 1, 1, 1, 1, 1, 1, 1, 1, 1, 1, 1, 1, 1, 1, 1, 1, 1, 1, 1, 1, 1, 1, 1, 1, 1, 1, 1, 1, 1, 1, 1, 1, 1, 1, 1, 1, 1, 1, 1, 1, 1, 1, 1, 1, 1, 1, 1, 1, 1, 1, 1, 1, 1, 1, 1, 1, 1, 1, 1, 1, 1, 1, 1, 1, 1, 1, 1, 1, 1, 1, 1, 1, 1, 1, 1, 1, 1, 1, 1, 1, 1, 1, 1, 1, 1, 1, 1, 1, 1, 1, 1, 1, 1, 1, 1, 1, 1, 1, 1, 1, 1, 1, 1, 1, 1, 1, 1, 1, 1, 1, 1, 1, 1, 1, 1, 1, 1, 1, 1, 1, 1, 1, 1, 1, 1, 1, 1, 1, 1, 1, 1, 1, 1, 1, 1]",1,300,1.0,,2.214817,"[1686.0, 1686.0, 1648.0, 1648.0, 1626.0, 1626.0, 1473.0, 1473.0, 1473.0, 1473.0, 1473.0, 1473.0, 1473.0, 1473.0, 1468.0, 1468.0, 1410.0, 1410.0, 1358.0, 1351.0, 1337.0, 1322.0, 1321.0, 1321.0, 1321.0, 1321.0, 1321.0, 1321.0, 1321.0, 1314.0, 1314.0, 1314.0, 1308.0, 1308.0, 1308.0, 1308.0, 1308.0, 1308.0, 1308.0, 1308.0, 1297.0, 1297.0, 1283.0, 1283.0, 1283.0, 1283.0, 1283.0, 1283.0, 1283.0, 1283.0, 1283.0, 1283.0, 1283.0, 1283.0, 1283.0, 1283.0, 1283.0, 1283.0, 1283.0, 1283.0, 1283.0, 1283.0, 1275.0, 1275.0, 1275.0, 1275.0, 1275.0, 1275.0, 1270.0, 1270.0, 1270.0, 1262.0, 1232.0, 1227.0, 1217.0, 1212.0, 1212.0, 1193.0, 1190.0, 1190.0, 1184.0, 1184.0, 1184.0, 1184.0, 1184.0, 1176.0, 1176.0, 1176.0, 1176.0, 1171.0, 1169.0, 1164.0, 1164.0, 1164.0, 1164.0, 1164.0, 1164.0, 1164.0, 1161.0, 1161.0, 1161.0, 1161.0, 1146.0, 1146.0, 1146.0, 1146.0, 1146.0, 1146.0, 1146.0, 1146.0, 1146.0, 1146.0, 1146.0, 1142.0, 1142.0, 1142.0, 1142.0, 1142.0, 1142.0, 1142.0, 1142.0, 1142.0, 1142.0, 1142.0, 1142.0, 1142.0, 1142.0, 1142.0, 1142.0, 1142.0, 1142.0, 1142.0, 1142.0, 1142.0, 1142.0, 1142.0, 1142.0, 1142.0, 1142.0, 1142.0, 1142.0, 1142.0, 1142.0, 1142.0, 1142.0, 1142.0, 1142.0, 1104.0, 1104.0, 1104.0, 1104.0, 1104.0, 1104.0, 1104.0, 1104.0, 1104.0, 1104.0, 1104.0, 1104.0, 1104.0, 1104.0, 1104.0, 1104.0, 1104.0, 1104.0, 1104.0, 1104.0, 1104.0, 1104.0, 1104.0, 1104.0, 1104.0, 1104.0, 1104.0, 1104.0, 1104.0, 1104.0, 1104.0, 1104.0, 1104.0, 1104.0, 1104.0, 1104.0, 1104.0, 1104.0, 1104.0, 1104.0, 1104.0, 1104.0, 1104.0, 1104.0, 1104.0, 1104.0, 1104.0, 1104.0, 1104.0, 1104.0, 1104.0, 1104.0, 1104.0, 1104.0, 1104.0, 1104.0, 1104.0, 1104.0, 1104.0, 1104.0, 1104.0, 1104.0, 1104.0, 1104.0, 1104.0, 1104.0, 1104.0, 1104.0, 1104.0, 1104.0, 1104.0, 1104.0, 1104.0, 1102.0, 1102.0, 1102.0, 1102.0, 1102.0, 1102.0, 1102.0, 1102.0, 1102.0, 1102.0, 1102.0, 1102.0, 1102.0, 1102.0, 1102.0, 1102.0, 1102.0, 1102.0, 1102.0, 1102.0, 1102.0, 1102.0, 1100.0, 1100.0, 1100.0, 1100.0, 1100.0, 1100.0, 1100.0, 1100.0, 1100.0, 1100.0, 1100.0, 1100.0, 1100.0, 1100.0, 1100.0, 1100.0, 1100.0, 1100.0, 1100.0, 1100.0, 1100.0, 1100.0, 1100.0, 1100.0, 1100.0, 1100.0, 1100.0, 1100.0, 1075.0, 1075.0, 1075.0, 1075.0, 1075.0, 1072.0, 1072.0, 1072.0, 1072.0, 1072.0, 1072.0, 1072.0, 1072.0, 1072.0, 1072.0, 1072.0, 1072.0, 1064.0, 1064.0, 1064.0, 1064.0, 1064.0, 1064.0, 1064.0, 1064.0, 1064.0, 1064.0, 1064.0, 1064.0, 1062.0]",3,A-n32-k5.vrp,300,GA,data/vrp/A-n32-k5.vrp
True,3 24 10 9 12 5 29 8 14 20 32 22 13 25 15 17 7 4 18 27 28 23 19 30 16 21 6 26 11 2 31,1094.0,1094.0,"[1, 1, 1, 1, 1, 1, 1, 1, 1, 1, 1, 1, 1, 1, 1, 1, 1, 1, 1, 1, 1, 1, 1, 1, 1, 1, 1, 1, 1, 1, 1, 1, 1, 1, 1, 1, 1, 1, 1, 1, 1, 1, 1, 1, 1, 1, 1, 1, 1, 1, 1, 1, 1, 1, 1, 1, 1, 1, 1, 1, 1, 1, 1, 1, 1, 1, 1, 1, 1, 1, 1, 1, 1, 1, 1, 1, 1, 1, 1, 1, 1, 1, 1, 1, 1, 1, 1, 1, 1, 1, 1, 1, 1, 1, 1, 1, 1, 1, 1, 1, 1, 1, 1, 1, 1, 1, 1, 1, 1, 1, 1, 1, 1, 1, 1, 1, 1, 1, 1, 1, 1, 1, 1, 1, 1, 1, 1, 1, 1, 1, 1, 1, 1, 1, 1, 1, 1, 1, 1, 1, 1, 1, 1, 1, 1, 1, 1, 1, 1, 1, 1, 1, 1, 1, 1, 1, 1, 1, 1, 1, 1, 1, 1, 1, 1, 1, 1, 1, 1, 1, 1, 1, 1, 1, 1, 1, 1, 1, 1, 1, 1, 1, 1, 1, 1, 1, 1, 1, 1, 1, 1, 1, 1, 1, 1, 1, 1, 1, 1, 1, 1, 1, 1, 1, 1, 1, 1, 1, 1, 1, 1, 1, 1, 1, 1, 1, 1, 1, 1, 1, 1, 1, 1, 1, 1, 1, 1, 1, 1, 1, 1, 1, 1, 1, 1, 1, 1, 1, 1, 1, 1, 1, 1, 1, 1, 1, 1, 1, 1, 1, 1, 1, 1, 1, 1, 1, 1, 1, 1, 1, 1, 1, 1, 1, 1, 1, 1, 1, 1, 1, 1, 1, 1, 1, 1, 1, 1, 1, 1, 1, 1, 1, 1, 1, 1, 1, 1, 1, 1, 1, 1, 1, 1, 1, 1, 1, 1, 1, 1, 1]",1,300,1.0,,2.279425,"[1672.0, 1672.0, 1607.0, 1549.0, 1549.0, 1389.0, 1296.0, 1296.0, 1296.0, 1296.0, 1296.0, 1206.0, 1206.0, 1206.0, 1206.0, 1206.0, 1201.0, 1201.0, 1201.0, 1201.0, 1201.0, 1201.0, 1201.0, 1201.0, 1201.0, 1201.0, 1201.0, 1201.0, 1201.0, 1201.0, 1201.0, 1201.0, 1201.0, 1201.0, 1201.0, 1201.0, 1201.0, 1201.0, 1193.0, 1193.0, 1193.0, 1193.0, 1193.0, 1193.0, 1193.0, 1193.0, 1193.0, 1184.0, 1184.0, 1184.0, 1176.0, 1176.0, 1175.0, 1175.0, 1175.0, 1175.0, 1171.0, 1171.0, 1171.0, 1171.0, 1171.0, 1171.0, 1171.0, 1171.0, 1167.0, 1167.0, 1167.0, 1167.0, 1167.0, 1167.0, 1167.0, 1167.0, 1167.0, 1163.0, 1163.0, 1163.0, 1161.0, 1161.0, 1161.0, 1161.0, 1161.0, 1157.0, 1157.0, 1157.0, 1157.0, 1157.0, 1157.0, 1157.0, 1157.0, 1154.0, 1154.0, 1154.0, 1154.0, 1154.0, 1154.0, 1154.0, 1154.0, 1154.0, 1154.0, 1154.0, 1154.0, 1154.0, 1154.0, 1154.0, 1154.0, 1154.0, 1154.0, 1154.0, 1154.0, 1148.0, 1134.0, 1134.0, 1134.0, 1134.0, 1134.0, 1134.0, 1134.0, 1134.0, 1134.0, 1134.0, 1134.0, 1134.0, 1134.0, 1134.0, 1134.0, 1134.0, 1134.0, 1134.0, 1134.0, 1134.0, 1134.0, 1134.0, 1134.0, 1134.0, 1134.0, 1134.0, 1134.0, 1134.0, 1134.0, 1134.0, 1134.0, 1134.0, 1134.0, 1134.0, 1134.0, 1134.0, 1134.0, 1134.0, 1134.0, 1134.0, 1134.0, 1134.0, 1134.0, 1134.0, 1134.0, 1134.0, 1134.0, 1134.0, 1134.0, 1134.0, 1134.0, 1134.0, 1134.0, 1134.0, 1134.0, 1134.0, 1134.0, 1134.0, 1134.0, 1134.0, 1134.0, 1134.0, 1134.0, 1134.0, 1134.0, 1134.0, 1134.0, 1132.0, 1132.0, 1132.0, 1132.0, 1132.0, 1132.0, 1132.0, 1132.0, 1132.0, 1132.0, 1132.0, 1132.0, 1132.0, 1132.0, 1132.0, 1132.0, 1132.0, 1132.0, 1132.0, 1132.0, 1132.0, 1132.0, 1132.0, 1132.0, 1132.0, 1132.0, 1132.0, 1132.0, 1132.0, 1132.0, 1132.0, 1132.0, 1132.0, 1132.0, 1132.0, 1132.0, 1132.0, 1118.0, 1118.0, 1118.0, 1118.0, 1118.0, 1118.0, 1118.0, 1118.0, 1118.0, 1118.0, 1118.0, 1118.0, 1118.0, 1118.0, 1118.0, 1118.0, 1118.0, 1118.0, 1118.0, 1118.0, 1118.0, 1118.0, 1118.0, 1118.0, 1118.0, 1118.0, 1118.0, 1118.0, 1118.0, 1118.0, 1118.0, 1118.0, 1118.0, 1118.0, 1118.0, 1118.0, 1118.0, 1118.0, 1118.0, 1100.0, 1100.0, 1100.0, 1100.0, 1100.0, 1100.0, 1100.0, 1100.0, 1100.0, 1100.0, 1100.0, 1100.0, 1100.0, 1100.0, 1100.0, 1100.0, 1100.0, 1100.0, 1100.0, 1094.0, 1094.0, 1094.0, 1094.0, 1094.0, 1094.0, 1094.0, 1094.0, 1094.0, 1094.0, 1094.0, 1094.0, 1094.0, 1094.0, 1094.0, 1094.0, 1094.0, 1094.0, 1094.0, 1094.0, 1094.0, 1094.0, 1094.0, 1094.0, 1094.0, 1094.0, 1094.0, 1094.0]",4,A-n32-k5.vrp,273,GA,data/vrp/A-n32-k5.vrp
True,15 19 10 23 9 29 24 3 8 22 32 18 7 25 28 13 2 17 6 11 26 31 27 12 5 4 20 14 21 30 16,1123.0,1123.0,"[1, 1, 1, 1, 1, 1, 1, 1, 1, 1, 1, 1, 1, 1, 1, 1, 1, 1, 1, 1, 1, 1, 1, 1, 1, 1, 1, 1, 1, 1, 1, 1, 1, 1, 1, 1, 1, 1, 1, 1, 1, 1, 1, 1, 1, 1, 1, 1, 1, 1, 1, 1, 1, 1, 1, 1, 1, 1, 1, 1, 1, 1, 1, 1, 1, 1, 1, 1, 1, 1, 1, 1, 1, 1, 1, 1, 1, 1, 1, 1, 1, 1, 1, 1, 1, 1, 1, 1, 1, 1, 1, 1, 1, 1, 1, 1, 1, 1, 1, 1, 1, 1, 1, 1, 1, 1, 1, 1, 1, 1, 1, 1, 1, 1, 1, 1, 1, 1, 1, 1, 1, 1, 1, 1, 1, 1, 1, 1, 1, 1, 1, 1, 1, 1, 1, 1, 1, 1, 1, 1, 1, 1, 1, 1, 1, 1, 1, 1, 1, 1, 1, 1, 1, 1, 1, 1, 1, 1, 1, 1, 1, 1, 1, 1, 1, 1, 1, 1, 1, 1, 1, 1, 1, 1, 1, 1, 1, 1, 1, 1, 1, 1, 1, 1, 1, 1, 1, 1, 1, 1, 1, 1, 1, 1, 1, 1, 1, 1, 1, 1, 1, 1, 1, 1, 1, 1, 1, 1, 1, 1, 1, 1, 1, 1, 1, 1, 1, 1, 1, 1, 1, 1, 1, 1, 1, 1, 1, 1, 1, 1, 1, 1, 1, 1, 1, 1, 1, 1, 1, 1, 1, 1, 1, 1, 1, 1, 1, 1, 1, 1, 1, 1, 1, 1, 1, 1, 1, 1, 1, 1, 1, 1, 1, 1, 1, 1, 1, 1, 1, 1, 1, 1, 1, 1, 1, 1, 1, 1, 1, 1, 1, 1, 1, 1, 1, 1, 1, 1, 1, 1, 1, 1, 1, 1, 1, 1, 1, 1, 1, 1]",1,300,1.0,,2.217755,"[1720.0, 1573.0, 1573.0, 1573.0, 1409.0, 1386.0, 1370.0, 1370.0, 1370.0, 1313.0, 1313.0, 1313.0, 1234.0, 1234.0, 1234.0, 1234.0, 1234.0, 1234.0, 1234.0, 1234.0, 1234.0, 1234.0, 1234.0, 1234.0, 1234.0, 1234.0, 1234.0, 1207.0, 1206.0, 1205.0, 1203.0, 1203.0, 1203.0, 1197.0, 1197.0, 1194.0, 1194.0, 1193.0, 1193.0, 1193.0, 1193.0, 1193.0, 1193.0, 1193.0, 1193.0, 1193.0, 1193.0, 1193.0, 1193.0, 1193.0, 1193.0, 1193.0, 1193.0, 1193.0, 1193.0, 1193.0, 1193.0, 1193.0, 1193.0, 1193.0, 1193.0, 1193.0, 1189.0, 1189.0, 1189.0, 1189.0, 1189.0, 1189.0, 1189.0, 1182.0, 1182.0, 1182.0, 1182.0, 1182.0, 1182.0, 1182.0, 1182.0, 1182.0, 1182.0, 1182.0, 1182.0, 1182.0, 1182.0, 1182.0, 1182.0, 1182.0, 1182.0, 1182.0, 1182.0, 1182.0, 1182.0, 1182.0, 1182.0, 1182.0, 1182.0, 1182.0, 1182.0, 1182.0, 1182.0, 1182.0, 1182.0, 1182.0, 1182.0, 1182.0, 1182.0, 1182.0, 1182.0, 1182.0, 1182.0, 1182.0, 1182.0, 1182.0, 1182.0, 1182.0, 1171.0, 1171.0, 1171.0, 1148.0, 1148.0, 1148.0, 1148.0, 1148.0, 1148.0, 1148.0, 1148.0, 1148.0, 1148.0, 1148.0, 1148.0, 1148.0, 1148.0, 1148.0, 1148.0, 1148.0, 1148.0, 1148.0, 1148.0, 1148.0, 1148.0, 1148.0, 1148.0, 1148.0, 1148.0, 1148.0, 1148.0, 1148.0, 1148.0, 1148.0, 1148.0, 1148.0, 1148.0, 1148.0, 1148.0, 1148.0, 1148.0, 1148.0, 1148.0, 1148.0, 1148.0, 1148.0, 1148.0, 1148.0, 1148.0, 1148.0, 1148.0, 1148.0, 1148.0, 1148.0, 1148.0, 1148.0, 1148.0, 1148.0, 1148.0, 1148.0, 1148.0, 1148.0, 1148.0, 1148.0, 1148.0, 1148.0, 1148.0, 1148.0, 1148.0, 1148.0, 1148.0, 1148.0, 1148.0, 1148.0, 1148.0, 1148.0, 1148.0, 1148.0, 1148.0, 1148.0, 1148.0, 1148.0, 1148.0, 1148.0, 1148.0, 1148.0, 1148.0, 1148.0, 1148.0, 1148.0, 1148.0, 1148.0, 1148.0, 1148.0, 1148.0, 1148.0, 1148.0, 1148.0, 1148.0, 1145.0, 1145.0, 1145.0, 1145.0, 1145.0, 1145.0, 1140.0, 1140.0, 1140.0, 1140.0, 1140.0, 1140.0, 1140.0, 1140.0, 1140.0, 1140.0, 1140.0, 1140.0, 1140.0, 1140.0, 1140.0, 1140.0, 1140.0, 1140.0, 1140.0, 1140.0, 1140.0, 1140.0, 1140.0, 1140.0, 1140.0, 1140.0, 1140.0, 1140.0, 1140.0, 1140.0, 1140.0, 1140.0, 1140.0, 1140.0, 1140.0, 1140.0, 1140.0, 1140.0, 1140.0, 1140.0, 1140.0, 1140.0, 1140.0, 1140.0, 1140.0, 1140.0, 1140.0, 1140.0, 1140.0, 1140.0, 1140.0, 1140.0, 1140.0, 1129.0, 1129.0, 1129.0, 1129.0, 1129.0, 1129.0, 1129.0, 1129.0, 1129.0, 1129.0, 1129.0, 1129.0, 1129.0, 1129.0, 1129.0, 1123.0, 1123.0, 1123.0, 1123.0, 1123.0, 1123.0, 1123.0, 1123.0, 1123.0, 1123.0, 1123.0, 1123.0, 1123.0]",5,A-n32-k5.vrp,288,GA,data/vrp/A-n32-k5.vrp
True,13 2 17 28 3 26 11 30 29 24 4 7 25 27 20 32 22 18 8 14 21 6 16 10 12 5 9 19 23 15 31,1027.0,1027.0,"[1, 1, 1, 1, 1, 1, 1, 1, 1, 1, 1, 1, 1, 1, 1, 1, 1, 1, 1, 1, 1, 1, 1, 1, 1, 1, 1, 1, 1, 1, 1, 1, 1, 1, 1, 1, 1, 1, 1, 1, 1, 1, 1, 1, 1, 1, 1, 1, 1, 1, 1, 1, 1, 1, 1, 1, 1, 1, 1, 1, 1, 1, 1, 1, 1, 1, 1, 1, 1, 1, 1, 1, 1, 1, 1, 1, 1, 1, 1, 1, 1, 1, 1, 1, 1, 1, 1, 1, 1, 1, 1, 1, 1, 1, 1, 1, 1, 1, 1, 1, 1, 1, 1, 1, 1, 1, 1, 1, 1, 1, 1, 1, 1, 1, 1, 1, 1, 1, 1, 1, 1, 1, 1, 1, 1, 1, 1, 1, 1, 1, 1, 1, 1, 1, 1, 1, 1, 1, 1, 1, 1, 1, 1, 1, 1, 1, 1, 1, 1, 1, 1, 1, 1, 1, 1, 1, 1, 1, 1, 1, 1, 1, 1, 1, 1, 1, 1, 1, 1, 1, 1, 1, 1, 1, 1, 1, 1, 1, 1, 1, 1, 1, 1, 1, 1, 1, 1, 1, 1, 1, 1, 1, 1, 1, 1, 1, 1, 1, 1, 1, 1, 1, 1, 1, 1, 1, 1, 1, 1, 1, 1, 1, 1, 1, 1, 1, 1, 1, 1, 1, 1, 1, 1, 1, 1, 1, 1, 1, 1, 1, 1, 1, 1, 1, 1, 1, 1, 1, 1, 1, 1, 1, 1, 1, 1, 1, 1, 1, 1, 1, 1, 1, 1, 1, 1, 1, 1, 1, 1, 1, 1, 1, 1, 1, 1, 1, 1, 1, 1, 1, 1, 1, 1, 1, 1, 1, 1, 1, 1, 1, 1, 1, 1, 1, 1, 1, 1, 1, 1, 1, 1, 1, 1, 1, 1, 1, 1, 1, 1, 1]",1,300,1.0,,2.230124,"[1773.0, 1488.0, 1488.0, 1488.0, 1460.0, 1460.0, 1428.0, 1428.0, 1428.0, 1428.0, 1428.0, 1428.0, 1396.0, 1396.0, 1396.0, 1396.0, 1396.0, 1396.0, 1396.0, 1396.0, 1373.0, 1373.0, 1354.0, 1354.0, 1354.0, 1331.0, 1331.0, 1331.0, 1261.0, 1261.0, 1261.0, 1261.0, 1261.0, 1261.0, 1261.0, 1203.0, 1203.0, 1203.0, 1203.0, 1203.0, 1203.0, 1203.0, 1193.0, 1182.0, 1182.0, 1182.0, 1179.0, 1179.0, 1179.0, 1173.0, 1173.0, 1158.0, 1158.0, 1158.0, 1158.0, 1158.0, 1158.0, 1158.0, 1158.0, 1152.0, 1152.0, 1152.0, 1152.0, 1152.0, 1152.0, 1130.0, 1130.0, 1130.0, 1130.0, 1130.0, 1130.0, 1130.0, 1130.0, 1130.0, 1130.0, 1130.0, 1130.0, 1130.0, 1130.0, 1130.0, 1130.0, 1130.0, 1130.0, 1130.0, 1130.0, 1130.0, 1130.0, 1130.0, 1130.0, 1130.0, 1130.0, 1130.0, 1130.0, 1130.0, 1130.0, 1130.0, 1130.0, 1130.0, 1130.0, 1130.0, 1130.0, 1130.0, 1130.0, 1130.0, 1130.0, 1130.0, 1130.0, 1130.0, 1130.0, 1130.0, 1130.0, 1130.0, 1130.0, 1130.0, 1130.0, 1130.0, 1130.0, 1130.0, 1130.0, 1130.0, 1130.0, 1130.0, 1130.0, 1130.0, 1130.0, 1130.0, 1130.0, 1130.0, 1130.0, 1130.0, 1130.0, 1130.0, 1130.0, 1130.0, 1130.0, 1130.0, 1130.0, 1125.0, 1125.0, 1125.0, 1125.0, 1125.0, 1125.0, 1125.0, 1125.0, 1125.0, 1125.0, 1125.0, 1125.0, 1125.0, 1125.0, 1125.0, 1125.0, 1125.0, 1125.0, 1125.0, 1087.0, 1087.0, 1087.0, 1087.0, 1087.0, 1087.0, 1087.0, 1087.0, 1087.0, 1085.0, 1085.0, 1085.0, 1085.0, 1085.0, 1085.0, 1085.0, 1085.0, 1085.0, 1085.0, 1085.0, 1085.0, 1085.0, 1085.0, 1085.0, 1085.0, 1085.0, 1085.0, 1085.0, 1085.0, 1085.0, 1085.0, 1085.0, 1085.0, 1085.0, 1085.0, 1085.0, 1085.0, 1085.0, 1085.0, 1085.0, 1085.0, 1085.0, 1085.0, 1085.0, 1085.0, 1085.0, 1085.0, 1085.0, 1085.0, 1085.0, 1085.0, 1085.0, 1085.0, 1085.0, 1085.0, 1085.0, 1085.0, 1085.0, 1085.0, 1085.0, 1085.0, 1085.0, 1085.0, 1085.0, 1085.0, 1085.0, 1085.0, 1085.0, 1085.0, 1085.0, 1085.0, 1085.0, 1079.0, 1079.0, 1079.0, 1079.0, 1060.0, 1060.0, 1060.0, 1060.0, 1060.0, 1060.0, 1060.0, 1060.0, 1060.0, 1060.0, 1060.0, 1060.0, 1060.0, 1060.0, 1060.0, 1060.0, 1060.0, 1060.0, 1060.0, 1060.0, 1060.0, 1060.0, 1060.0, 1030.0, 1030.0, 1030.0, 1030.0, 1030.0, 1030.0, 1030.0, 1030.0, 1030.0, 1030.0, 1030.0, 1030.0, 1030.0, 1030.0, 1030.0, 1030.0, 1030.0, 1030.0, 1030.0, 1030.0, 1030.0, 1030.0, 1030.0, 1030.0, 1030.0, 1030.0, 1030.0, 1030.0, 1030.0, 1030.0, 1030.0, 1030.0, 1030.0, 1030.0, 1030.0, 1030.0, 1030.0, 1030.0, 1027.0, 1027.0, 1027.0, 1027.0, 1027.0, 1027.0, 1027.0]",6,A-n32-k5.vrp,294,GA,data/vrp/A-n32-k5.vrp
True,6 30 9 29 4 24 5 10 23 31 28 25 15 27 17 2 13 16 12 19 11 26 21 32 18 22 20 3 7 14 8,1128.0,1128.0,"[1, 1, 1, 1, 1, 1, 1, 1, 1, 1, 1, 1, 1, 1, 1, 1, 1, 1, 1, 1, 1, 1, 1, 1, 1, 1, 1, 1, 1, 1, 1, 1, 1, 1, 1, 1, 1, 1, 1, 1, 1, 1, 1, 1, 1, 1, 1, 1, 1, 1, 1, 1, 1, 1, 1, 1, 1, 1, 1, 1, 1, 1, 1, 1, 1, 1, 1, 1, 1, 1, 1, 1, 1, 1, 1, 1, 1, 1, 1, 1, 1, 1, 1, 1, 1, 1, 1, 1, 1, 1, 1, 1, 1, 1, 1, 1, 1, 1, 1, 1, 1, 1, 1, 1, 1, 1, 1, 1, 1, 1, 1, 1, 1, 1, 1, 1, 1, 1, 1, 1, 1, 1, 1, 1, 1, 1, 1, 1, 1, 1, 1, 1, 1, 1, 1, 1, 1, 1, 1, 1, 1, 1, 1, 1, 1, 1, 1, 1, 1, 1, 1, 1, 1, 1, 1, 1, 1, 1, 1, 1, 1, 1, 1, 1, 1, 1, 1, 1, 1, 1, 1, 1, 1, 1, 1, 1, 1, 1, 1, 1, 1, 1, 1, 1, 1, 1, 1, 1, 1, 1, 1, 1, 1, 1, 1, 1, 1, 1, 1, 1, 1, 1, 1, 1, 1, 1, 1, 1, 1, 1, 1, 1, 1, 1, 1, 1, 1, 1, 1, 1, 1, 1, 1, 1, 1, 1, 1, 1, 1, 1, 1, 1, 1, 1, 1, 1, 1, 1, 1, 1, 1, 1, 1, 1, 1, 1, 1, 1, 1, 1, 1, 1, 1, 1, 1, 1, 1, 1, 1, 1, 1, 1, 1, 1, 1, 1, 1, 1, 1, 1, 1, 1, 1, 1, 1, 1, 1, 1, 1, 1, 1, 1, 1, 1, 1, 1, 1, 1, 1, 1, 1, 1, 1, 1, 1, 1, 1, 1, 1, 1]",1,300,1.0,,2.751341,"[1639.0, 1639.0, 1576.0, 1576.0, 1536.0, 1530.0, 1530.0, 1473.0, 1473.0, 1412.0, 1353.0, 1278.0, 1278.0, 1278.0, 1278.0, 1278.0, 1278.0, 1278.0, 1265.0, 1265.0, 1256.0, 1252.0, 1252.0, 1252.0, 1252.0, 1252.0, 1252.0, 1252.0, 1252.0, 1252.0, 1252.0, 1252.0, 1252.0, 1252.0, 1252.0, 1239.0, 1239.0, 1239.0, 1239.0, 1239.0, 1239.0, 1239.0, 1239.0, 1239.0, 1239.0, 1239.0, 1239.0, 1212.0, 1212.0, 1212.0, 1212.0, 1212.0, 1210.0, 1210.0, 1210.0, 1210.0, 1210.0, 1210.0, 1210.0, 1210.0, 1210.0, 1210.0, 1210.0, 1210.0, 1210.0, 1210.0, 1210.0, 1210.0, 1210.0, 1210.0, 1210.0, 1210.0, 1210.0, 1210.0, 1210.0, 1210.0, 1210.0, 1210.0, 1210.0, 1210.0, 1210.0, 1210.0, 1210.0, 1210.0, 1210.0, 1210.0, 1210.0, 1210.0, 1210.0, 1210.0, 1210.0, 1210.0, 1210.0, 1210.0, 1210.0, 1210.0, 1210.0, 1210.0, 1210.0, 1210.0, 1210.0, 1210.0, 1210.0, 1210.0, 1210.0, 1210.0, 1210.0, 1210.0, 1210.0, 1210.0, 1210.0, 1210.0, 1210.0, 1210.0, 1210.0, 1210.0, 1210.0, 1210.0, 1210.0, 1210.0, 1210.0, 1210.0, 1210.0, 1210.0, 1210.0, 1210.0, 1210.0, 1210.0, 1210.0, 1210.0, 1210.0, 1210.0, 1210.0, 1210.0, 1210.0, 1210.0, 1209.0, 1209.0, 1209.0, 1209.0, 1209.0, 1209.0, 1196.0, 1196.0, 1196.0, 1196.0, 1196.0, 1196.0, 1196.0, 1196.0, 1196.0, 1196.0, 1196.0, 1196.0, 1196.0, 1196.0, 1196.0, 1196.0, 1196.0, 1192.0, 1192.0, 1192.0, 1192.0, 1192.0, 1192.0, 1192.0, 1192.0, 1192.0, 1192.0, 1192.0, 1192.0, 1192.0, 1192.0, 1192.0, 1192.0, 1192.0, 1192.0, 1192.0, 1192.0, 1192.0, 1192.0, 1192.0, 1192.0, 1192.0, 1192.0, 1192.0, 1192.0, 1192.0, 1192.0, 1192.0, 1192.0, 1192.0, 1192.0, 1192.0, 1192.0, 1192.0, 1192.0, 1192.0, 1192.0, 1192.0, 1192.0, 1192.0, 1192.0, 1192.0, 1192.0, 1192.0, 1192.0, 1183.0, 1183.0, 1183.0, 1183.0, 1183.0, 1149.0, 1149.0, 1149.0, 1149.0, 1149.0, 1149.0, 1149.0, 1149.0, 1149.0, 1149.0, 1149.0, 1148.0, 1148.0, 1148.0, 1148.0, 1148.0, 1148.0, 1148.0, 1148.0, 1148.0, 1148.0, 1148.0, 1148.0, 1148.0, 1148.0, 1148.0, 1148.0, 1148.0, 1148.0, 1148.0, 1148.0, 1148.0, 1148.0, 1148.0, 1148.0, 1148.0, 1148.0, 1148.0, 1148.0, 1130.0, 1130.0, 1130.0, 1130.0, 1130.0, 1130.0, 1130.0, 1130.0, 1130.0, 1130.0, 1130.0, 1130.0, 1130.0, 1130.0, 1130.0, 1128.0, 1128.0, 1128.0, 1128.0, 1128.0, 1128.0, 1128.0, 1128.0, 1128.0, 1128.0, 1128.0, 1128.0, 1128.0, 1128.0, 1128.0, 1128.0, 1128.0, 1128.0, 1128.0, 1128.0, 1128.0, 1128.0, 1128.0, 1128.0, 1128.0, 1128.0, 1128.0, 1128.0, 1128.0, 1128.0, 1128.0, 1128.0, 1128.0, 1128.0]",7,A-n32-k5.vrp,267,GA,data/vrp/A-n32-k5.vrp
True,17 8 14 18 22 2 32 20 4 24 12 7 15 28 27 25 3 29 5 31 21 6 26 30 11 16 23 10 9 19 13,1033.0,1033.0,"[1, 1, 1, 1, 1, 1, 1, 1, 1, 1, 1, 1, 1, 1, 1, 1, 1, 1, 1, 1, 1, 1, 1, 1, 1, 1, 1, 1, 1, 1, 1, 1, 1, 1, 1, 1, 1, 1, 1, 1, 1, 1, 1, 1, 1, 1, 1, 1, 1, 1, 1, 1, 1, 1, 1, 1, 1, 1, 1, 1, 1, 1, 1, 1, 1, 1, 1, 1, 1, 1, 1, 1, 1, 1, 1, 1, 1, 1, 1, 1, 1, 1, 1, 1, 1, 1, 1, 1, 1, 1, 1, 1, 1, 1, 1, 1, 1, 1, 1, 1, 1, 1, 1, 1, 1, 1, 1, 1, 1, 1, 1, 1, 1, 1, 1, 1, 1, 1, 1, 1, 1, 1, 1, 1, 1, 1, 1, 1, 1, 1, 1, 1, 1, 1, 1, 1, 1, 1, 1, 1, 1, 1, 1, 1, 1, 1, 1, 1, 1, 1, 1, 1, 1, 1, 1, 1, 1, 1, 1, 1, 1, 1, 1, 1, 1, 1, 1, 1, 1, 1, 1, 1, 1, 1, 1, 1, 1, 1, 1, 1, 1, 1, 1, 1, 1, 1, 1, 1, 1, 1, 1, 1, 1, 1, 1, 1, 1, 1, 1, 1, 1, 1, 1, 1, 1, 1, 1, 1, 1, 1, 1, 1, 1, 1, 1, 1, 1, 1, 1, 1, 1, 1, 1, 1, 1, 1, 1, 1, 1, 1, 1, 1, 1, 1, 1, 1, 1, 1, 1, 1, 1, 1, 1, 1, 1, 1, 1, 1, 1, 1, 1, 1, 1, 1, 1, 1, 1, 1, 1, 1, 1, 1, 1, 1, 1, 1, 1, 1, 1, 1, 1, 1, 1, 1, 1, 1, 1, 1, 1, 1, 1, 1, 1, 1, 1, 1, 1, 1, 1, 1, 1, 1, 1, 1, 1, 1, 1, 1, 1, 1]",1,300,1.0,,1.786039,"[1795.0, 1758.0, 1682.0, 1532.0, 1532.0, 1532.0, 1531.0, 1476.0, 1476.0, 1476.0, 1476.0, 1416.0, 1416.0, 1416.0, 1400.0, 1400.0, 1387.0, 1387.0, 1387.0, 1387.0, 1372.0, 1372.0, 1372.0, 1372.0, 1372.0, 1372.0, 1372.0, 1372.0, 1316.0, 1316.0, 1316.0, 1298.0, 1298.0, 1298.0, 1266.0, 1244.0, 1244.0, 1244.0, 1244.0, 1244.0, 1244.0, 1244.0, 1244.0, 1244.0, 1244.0, 1244.0, 1244.0, 1244.0, 1244.0, 1244.0, 1244.0, 1244.0, 1244.0, 1244.0, 1244.0, 1244.0, 1244.0, 1244.0, 1244.0, 1244.0, 1244.0, 1244.0, 1244.0, 1244.0, 1244.0, 1244.0, 1238.0, 1221.0, 1221.0, 1221.0, 1221.0, 1215.0, 1215.0, 1215.0, 1215.0, 1215.0, 1215.0, 1215.0, 1212.0, 1212.0, 1212.0, 1212.0, 1212.0, 1212.0, 1212.0, 1212.0, 1212.0, 1206.0, 1206.0, 1206.0, 1206.0, 1206.0, 1206.0, 1206.0, 1206.0, 1206.0, 1206.0, 1206.0, 1206.0, 1206.0, 1206.0, 1206.0, 1206.0, 1206.0, 1206.0, 1206.0, 1206.0, 1206.0, 1206.0, 1206.0, 1206.0, 1206.0, 1206.0, 1206.0, 1206.0, 1206.0, 1206.0, 1206.0, 1206.0, 1206.0, 1201.0, 1201.0, 1201.0, 1201.0, 1201.0, 1201.0, 1201.0, 1201.0, 1201.0, 1201.0, 1201.0, 1201.0, 1201.0, 1201.0, 1201.0, 1201.0, 1201.0, 1193.0, 1193.0, 1193.0, 1193.0, 1193.0, 1193.0, 1193.0, 1193.0, 1193.0, 1193.0, 1186.0, 1186.0, 1186.0, 1186.0, 1186.0, 1186.0, 1186.0, 1186.0, 1186.0, 1186.0, 1186.0, 1186.0, 1186.0, 1186.0, 1186.0, 1186.0, 1186.0, 1186.0, 1186.0, 1186.0, 1186.0, 1186.0, 1186.0, 1186.0, 1186.0, 1186.0, 1186.0, 1186.0, 1186.0, 1186.0, 1186.0, 1186.0, 1186.0, 1186.0, 1186.0, 1186.0, 1143.0, 1143.0, 1143.0, 1143.0, 1143.0, 1143.0, 1137.0, 1137.0, 1137.0, 1137.0, 1137.0, 1137.0, 1137.0, 1137.0, 1137.0, 1137.0, 1137.0, 1137.0, 1137.0, 1137.0, 1137.0, 1137.0, 1137.0, 1137.0, 1137.0, 1137.0, 1137.0, 1137.0, 1137.0, 1137.0, 1137.0, 1124.0, 1124.0, 1124.0, 1124.0, 1124.0, 1124.0, 1124.0, 1104.0, 1104.0, 1104.0, 1087.0, 1087.0, 1087.0, 1041.0, 1041.0, 1041.0, 1041.0, 1039.0, 1039.0, 1039.0, 1039.0, 1039.0, 1039.0, 1039.0, 1039.0, 1039.0, 1039.0, 1039.0, 1039.0, 1039.0, 1039.0, 1039.0, 1039.0, 1039.0, 1039.0, 1039.0, 1039.0, 1039.0, 1039.0, 1039.0, 1039.0, 1039.0, 1039.0, 1039.0, 1039.0, 1039.0, 1039.0, 1039.0, 1039.0, 1039.0, 1039.0, 1039.0, 1039.0, 1039.0, 1039.0, 1039.0, 1039.0, 1039.0, 1039.0, 1039.0, 1039.0, 1039.0, 1039.0, 1039.0, 1033.0, 1033.0, 1033.0, 1033.0, 1033.0, 1033.0, 1033.0, 1033.0, 1033.0, 1033.0, 1033.0, 1033.0, 1033.0, 1033.0, 1033.0, 1033.0, 1033.0, 1033.0, 1033.0, 1033.0, 1033.0, 1033.0]",8,A-n32-k5.vrp,279,GA,data/vrp/A-n32-k5.vrp
True,2 3 29 5 12 9 21 26 11 16 23 10 30 6 31 22 32 18 20 14 27 25 15 28 7 19 24 4 8 17 13,962.0,962.0,"[1, 1, 1, 1, 1, 1, 1, 1, 1, 1, 1, 1, 1, 1, 1, 1, 1, 1, 1, 1, 1, 1, 1, 1, 1, 1, 1, 1, 1, 1, 1, 1, 1, 1, 1, 1, 1, 1, 1, 1, 1, 1, 1, 1, 1, 1, 1, 1, 1, 1, 1, 1, 1, 1, 1, 1, 1, 1, 1, 1, 1, 1, 1, 1, 1, 1, 1, 1, 1, 1, 1, 1, 1, 1, 1, 1, 1, 1, 1, 1, 1, 1, 1, 1, 1, 1, 1, 1, 1, 1, 1, 1, 1, 1, 1, 1, 1, 1, 1, 1, 1, 1, 1, 1, 1, 1, 1, 1, 1, 1, 1, 1, 1, 1, 1, 1, 1, 1, 1, 1, 1, 1, 1, 1, 1, 1, 1, 1, 1, 1, 1, 1, 1, 1, 1, 1, 1, 1, 1, 1, 1, 1, 1, 1, 1, 1, 1, 1, 1, 1, 1, 1, 1, 1, 1, 1, 1, 1, 1, 1, 1, 1, 1, 1, 1, 1, 1, 1, 1, 1, 1, 1, 1, 1, 1, 1, 1, 1, 1, 1, 1, 1, 1, 1, 1, 1, 1, 1, 1, 1, 1, 1, 1, 1, 1, 1, 1, 1, 1, 1, 1, 1, 1, 1, 1, 1, 1, 1, 1, 1, 1, 1, 1, 1, 1, 1, 1, 1, 1, 1, 1, 1, 1, 1, 1, 1, 1, 1, 1, 1, 1, 1, 1, 1, 1, 1, 1, 1, 1, 1, 1, 1, 1, 1, 1, 1, 1, 1, 1, 1, 1, 1, 1, 1, 1, 1, 1, 1, 1, 1, 1, 1, 1, 1, 1, 1, 1, 1, 1, 1, 1, 1, 1, 1, 1, 1, 1, 1, 1, 1, 1, 1, 1, 1, 1, 1, 1, 1, 1, 1, 1, 1, 1, 1, 1, 1, 1, 1, 1, 1]",1,300,1.0,,1.786152,"[1735.0, 1577.0, 1577.0, 1577.0, 1563.0, 1500.0, 1377.0, 1377.0, 1371.0, 1366.0, 1366.0, 1345.0, 1345.0, 1345.0, 1262.0, 1262.0, 1262.0, 1262.0, 1247.0, 1217.0, 1217.0, 1200.0, 1147.0, 1144.0, 1144.0, 1144.0, 1144.0, 1144.0, 1144.0, 1144.0, 1144.0, 1144.0, 1144.0, 1144.0, 1144.0, 1144.0, 1144.0, 1144.0, 1144.0, 1141.0, 1141.0, 1141.0, 1141.0, 1141.0, 1141.0, 1134.0, 1134.0, 1126.0, 1126.0, 1126.0, 1126.0, 1121.0, 1121.0, 1121.0, 1121.0, 1121.0, 1121.0, 1121.0, 1121.0, 1121.0, 1121.0, 1121.0, 1121.0, 1121.0, 1121.0, 1121.0, 1121.0, 1121.0, 1121.0, 1113.0, 1113.0, 1113.0, 1113.0, 1113.0, 1113.0, 1113.0, 1113.0, 1113.0, 1113.0, 1113.0, 1113.0, 1113.0, 1113.0, 1113.0, 1113.0, 1113.0, 1113.0, 1113.0, 1072.0, 1072.0, 1072.0, 1072.0, 1072.0, 1055.0, 1055.0, 1055.0, 1014.0, 1014.0, 1014.0, 1014.0, 1014.0, 1014.0, 1014.0, 1014.0, 1014.0, 1014.0, 1014.0, 1011.0, 1011.0, 1011.0, 1011.0, 1011.0, 1011.0, 1011.0, 1011.0, 1011.0, 1011.0, 1011.0, 1011.0, 1011.0, 1011.0, 984.0, 984.0, 984.0, 984.0, 984.0, 984.0, 984.0, 984.0, 984.0, 984.0, 984.0, 984.0, 984.0, 984.0, 984.0, 984.0, 984.0, 972.0, 972.0, 972.0, 972.0, 972.0, 972.0, 972.0, 962.0, 962.0, 962.0, 962.0, 962.0, 962.0, 962.0, 962.0, 962.0, 962.0, 962.0, 962.0, 962.0, 962.0, 962.0, 962.0, 962.0, 962.0, 962.0, 962.0, 962.0, 962.0, 962.0, 962.0, 962.0, 962.0, 962.0, 962.0, 962.0, 962.0, 962.0, 962.0, 962.0, 962.0, 962.0, 962.0, 962.0, 962.0, 962.0, 962.0, 962.0, 962.0, 962.0, 962.0, 962.0, 962.0, 962.0, 962.0, 962.0, 962.0, 962.0, 962.0, 962.0, 962.0, 962.0, 962.0, 962.0, 962.0, 962.0, 962.0, 962.0, 962.0, 962.0, 962.0, 962.0, 962.0, 962.0, 962.0, 962.0, 962.0, 962.0, 962.0, 962.0, 962.0, 962.0, 962.0, 962.0, 962.0, 962.0, 962.0, 962.0, 962.0, 962.0, 962.0, 962.0, 962.0, 962.0, 962.0, 962.0, 962.0, 962.0, 962.0, 962.0, 962.0, 962.0, 962.0, 962.0, 962.0, 962.0, 962.0, 962.0, 962.0, 962.0, 962.0, 962.0, 962.0, 962.0, 962.0, 962.0, 962.0, 962.0, 962.0, 962.0, 962.0, 962.0, 962.0, 962.0, 962.0, 962.0, 962.0, 962.0, 962.0, 962.0, 962.0, 962.0, 962.0, 962.0, 962.0, 962.0, 962.0, 962.0, 962.0, 962.0, 962.0, 962.0, 962.0, 962.0, 962.0, 962.0, 962.0, 962.0, 962.0, 962.0, 962.0, 962.0, 962.0, 962.0, 962.0, 962.0, 962.0, 962.0, 962.0, 962.0, 962.0, 962.0]",9,A-n32-k5.vrp,146,GA,data/vrp/A-n32-k5.vrp
True,27 13 24 5 29 9 23 28 2 20 18 32 22 8 15 25 30 16 6 26 11 21 14 4 3 12 10 19 7 17 31,1009.0,1009.0,"[1, 1, 1, 1, 1, 1, 1, 1, 1, 1, 1, 1, 1, 1, 1, 1, 1, 1, 1, 1, 1, 1, 1, 1, 1, 1, 1, 1, 1, 1, 1, 1, 1, 1, 1, 1, 1, 1, 1, 1, 1, 1, 1, 1, 1, 1, 1, 1, 1, 1, 1, 1, 1, 1, 1, 1, 1, 1, 1, 1, 1, 1, 1, 1, 1, 1, 1, 1, 1, 1, 1, 1, 1, 1, 1, 1, 1, 1, 1, 1, 1, 1, 1, 1, 1, 1, 1, 1, 1, 1, 1, 1, 1, 1, 1, 1, 1, 1, 1, 1, 1, 1, 1, 1, 1, 1, 1, 1, 1, 1, 1, 1, 1, 1, 1, 1, 1, 1, 1, 1, 1, 1, 1, 1, 1, 1, 1, 1, 1, 1, 1, 1, 1, 1, 1, 1, 1, 1, 1, 1, 1, 1, 1, 1, 1, 1, 1, 1, 1, 1, 1, 1, 1, 1, 1, 1, 1, 1, 1, 1, 1, 1, 1, 1, 1, 1, 1, 1, 1, 1, 1, 1, 1, 1, 1, 1, 1, 1, 1, 1, 1, 1, 1, 1, 1, 1, 1, 1, 1, 1, 1, 1, 1, 1, 1, 1, 1, 1, 1, 1, 1, 1, 1, 1, 1, 1, 1, 1, 1, 1, 1, 1, 1, 1, 1, 1, 1, 1, 1, 1, 1, 1, 1, 1, 1, 1, 1, 1, 1, 1, 1, 1, 1, 1, 1, 1, 1, 1, 1, 1, 1, 1, 1, 1, 1, 1, 1, 1, 1, 1, 1, 1, 1, 1, 1, 1, 1, 1, 1, 1, 1, 1, 1, 1, 1, 1, 1, 1, 1, 1, 1, 1, 1, 1, 1, 1, 1, 1, 1, 1, 1, 1, 1, 1, 1, 1, 1, 1, 1, 1, 1, 1, 1, 1, 1, 1, 1, 1, 1, 1]",1,300,1.0,,1.756178,"[1721.0, 1721.0, 1622.0, 1622.0, 1410.0, 1410.0, 1410.0, 1410.0, 1410.0, 1410.0, 1338.0, 1338.0, 1338.0, 1338.0, 1334.0, 1312.0, 1312.0, 1312.0, 1312.0, 1312.0, 1312.0, 1312.0, 1301.0, 1301.0, 1290.0, 1266.0, 1263.0, 1248.0, 1179.0, 1179.0, 1179.0, 1179.0, 1179.0, 1164.0, 1164.0, 1164.0, 1164.0, 1164.0, 1164.0, 1164.0, 1159.0, 1159.0, 1159.0, 1159.0, 1159.0, 1159.0, 1159.0, 1159.0, 1159.0, 1152.0, 1152.0, 1152.0, 1152.0, 1152.0, 1152.0, 1152.0, 1152.0, 1138.0, 1138.0, 1138.0, 1138.0, 1138.0, 1138.0, 1138.0, 1138.0, 1138.0, 1138.0, 1138.0, 1138.0, 1138.0, 1138.0, 1138.0, 1138.0, 1138.0, 1138.0, 1138.0, 1138.0, 1138.0, 1138.0, 1138.0, 1138.0, 1138.0, 1138.0, 1138.0, 1138.0, 1138.0, 1138.0, 1138.0, 1138.0, 1138.0, 1138.0, 1138.0, 1138.0, 1096.0, 1096.0, 1096.0, 1096.0, 1096.0, 1096.0, 1096.0, 1096.0, 1096.0, 1096.0, 1096.0, 1054.0, 1054.0, 1054.0, 1054.0, 1054.0, 1054.0, 1054.0, 1054.0, 1054.0, 1054.0, 1054.0, 1044.0, 1044.0, 1044.0, 1044.0, 1044.0, 1044.0, 1044.0, 1044.0, 1044.0, 1044.0, 1044.0, 1044.0, 1044.0, 1044.0, 1044.0, 1044.0, 1044.0, 1044.0, 1044.0, 1044.0, 1044.0, 1044.0, 1044.0, 1044.0, 1044.0, 1044.0, 1044.0, 1044.0, 1044.0, 1044.0, 1044.0, 1036.0, 1036.0, 1036.0, 1036.0, 1036.0, 1036.0, 1036.0, 1036.0, 1036.0, 1036.0, 1036.0, 1036.0, 1036.0, 1036.0, 1036.0, 1036.0, 1027.0, 1027.0, 1027.0, 1027.0, 1027.0, 1027.0, 1027.0, 1027.0, 1027.0, 1027.0, 1027.0, 1027.0, 1027.0, 1027.0, 1027.0, 1027.0, 1027.0, 1027.0, 1027.0, 1027.0, 1027.0, 1027.0, 1027.0, 1027.0, 1027.0, 1027.0, 1027.0, 1027.0, 1027.0, 1027.0, 1027.0, 1027.0, 1027.0, 1027.0, 1027.0, 1027.0, 1027.0, 1027.0, 1027.0, 1027.0, 1027.0, 1027.0, 1027.0, 1027.0, 1027.0, 1027.0, 1027.0, 1027.0, 1027.0, 1027.0, 1027.0, 1027.0, 1027.0, 1027.0, 1027.0, 1027.0, 1027.0, 1027.0, 1024.0, 1024.0, 1024.0, 1024.0, 1024.0, 1024.0, 1024.0, 1024.0, 1024.0, 1024.0, 1014.0, 1014.0, 1014.0, 1013.0, 1013.0, 1013.0, 1013.0, 1013.0, 1013.0, 1013.0, 1013.0, 1013.0, 1013.0, 1013.0, 1013.0, 1013.0, 1013.0, 1013.0, 1013.0, 1013.0, 1013.0, 1013.0, 1013.0, 1013.0, 1013.0, 1013.0, 1013.0, 1013.0, 1013.0, 1013.0, 1013.0, 1013.0, 1013.0, 1011.0, 1011.0, 1011.0, 1011.0, 1011.0, 1011.0, 1011.0, 1011.0, 1011.0, 1011.0, 1011.0, 1011.0, 1010.0, 1010.0, 1010.0, 1010.0, 1010.0, 1009.0, 1009.0, 1009.0, 1009.0, 1009.0, 1009.0, 1009.0, 1009.0, 1009.0, 1009.0, 1009.0, 1009.0, 1009.0, 1009.0, 1009.0, 1009.0, 1009.0, 1009.0, 1009.0, 1009.0]",10,A-n32-k5.vrp,281,GA,data/vrp/A-n32-k5.vrp
True,27 8 14 22 32 20 18 28 30 16 26 11 23 10 19 21 6 9 29 24 5 12 4 7 31 13 2 17 3 15 25,988.0,988.0,"[1, 1, 1, 1, 1, 1, 1, 1, 1, 1, 1, 1, 1, 1, 1, 1, 1, 1, 1, 1, 1, 1, 1, 1, 1, 1, 1, 1, 1, 1, 1, 1, 1, 1, 1, 1, 1, 1, 1, 1, 1, 1, 1, 1, 1, 1, 1, 1, 1, 1, 1, 1, 1, 1, 1, 1, 1, 1, 1, 1, 1, 1, 1, 1, 1, 1, 1, 1, 1, 1, 1, 1, 1, 1, 1, 1, 1, 1, 1, 1, 1, 1, 1, 1, 1, 1, 1, 1, 1, 1, 1, 1, 1, 1, 1, 1, 1, 1, 1, 1, 1, 1, 1, 1, 1, 1, 1, 1, 1, 1, 1, 1, 1, 1, 1, 1, 1, 1, 1, 1, 1, 1, 1, 1, 1, 1, 1, 1, 1, 1, 1, 1, 1, 1, 1, 1, 1, 1, 1, 1, 1, 1, 1, 1, 1, 1, 1, 1, 1, 1, 1, 1, 1, 1, 1, 1, 1, 1, 1, 1, 1, 1, 1, 1, 1, 1, 1, 1, 1, 1, 1, 1, 1, 1, 1, 1, 1, 1, 1, 1, 1, 1, 1, 1, 1, 1, 1, 1, 1, 1, 1, 1, 1, 1, 1, 1, 1, 1, 1, 1, 1, 1, 1, 1, 1, 1, 1, 1, 1, 1, 1, 1, 1, 1, 1, 1, 1, 1, 1, 1, 1, 1, 1, 1, 1, 1, 1, 1, 1, 1, 1, 1, 1, 1, 1, 1, 1, 1, 1, 1, 1, 1, 1, 1, 1, 1, 1, 1, 1, 1, 1, 1, 1, 1, 1, 1, 1, 1, 1, 1, 1, 1, 1, 1, 1, 1, 1, 1, 1, 1, 1, 1, 1, 1, 1, 1, 1, 1, 1, 1, 1, 1, 1, 1, 1, 1, 1, 1, 1, 1, 1, 1, 1, 1, 1, 1, 1, 1, 1, 1]",1,300,1.0,,3.587606,"[1558.0, 1397.0, 1274.0, 1175.0, 1175.0, 1175.0, 1175.0, 1175.0, 1175.0, 1175.0, 1175.0, 1175.0, 1175.0, 1175.0, 1175.0, 1175.0, 1175.0, 1175.0, 1175.0, 1175.0, 1150.0, 1150.0, 1150.0, 1150.0, 1150.0, 1150.0, 1150.0, 1150.0, 1138.0, 1138.0, 1138.0, 1138.0, 1127.0, 1115.0, 1100.0, 1100.0, 1100.0, 1100.0, 1100.0, 1100.0, 1100.0, 1100.0, 1100.0, 1100.0, 1100.0, 1100.0, 1100.0, 1100.0, 1100.0, 1100.0, 1100.0, 1100.0, 1100.0, 1079.0, 1079.0, 1076.0, 1076.0, 1076.0, 1076.0, 1067.0, 1067.0, 1067.0, 1067.0, 1067.0, 1067.0, 1067.0, 1067.0, 1067.0, 1067.0, 1067.0, 1067.0, 1067.0, 1067.0, 1067.0, 1067.0, 1067.0, 1067.0, 1067.0, 1067.0, 1062.0, 1062.0, 1062.0, 1062.0, 1062.0, 1061.0, 1061.0, 1061.0, 1061.0, 1061.0, 1061.0, 1061.0, 1061.0, 1061.0, 1061.0, 1061.0, 1061.0, 1061.0, 1061.0, 1061.0, 1061.0, 1010.0, 1010.0, 1006.0, 1006.0, 1006.0, 1006.0, 1006.0, 1006.0, 1006.0, 1006.0, 1006.0, 1006.0, 1006.0, 1006.0, 1006.0, 1006.0, 1006.0, 1006.0, 1005.0, 1005.0, 1005.0, 1005.0, 1005.0, 1005.0, 1005.0, 1005.0, 1005.0, 1005.0, 1005.0, 1005.0, 1005.0, 1005.0, 1005.0, 1005.0, 1005.0, 1005.0, 1005.0, 1005.0, 1005.0, 1005.0, 1005.0, 1005.0, 1004.0, 1004.0, 1004.0, 1004.0, 1004.0, 1004.0, 1004.0, 1004.0, 1004.0, 1004.0, 1004.0, 1004.0, 1002.0, 1002.0, 1002.0, 1002.0, 1002.0, 1002.0, 1002.0, 1002.0, 1002.0, 1001.0, 1001.0, 1001.0, 1001.0, 1001.0, 1001.0, 1001.0, 1001.0, 1001.0, 1001.0, 1001.0, 1001.0, 1001.0, 1001.0, 992.0, 992.0, 992.0, 992.0, 992.0, 992.0, 992.0, 992.0, 992.0, 992.0, 992.0, 992.0, 992.0, 992.0, 992.0, 992.0, 992.0, 992.0, 992.0, 992.0, 992.0, 992.0, 992.0, 992.0, 992.0, 992.0, 992.0, 992.0, 992.0, 992.0, 992.0, 992.0, 992.0, 992.0, 992.0, 992.0, 992.0, 992.0, 992.0, 992.0, 992.0, 992.0, 992.0, 992.0, 992.0, 992.0, 992.0, 992.0, 992.0, 992.0, 992.0, 992.0, 992.0, 992.0, 992.0, 992.0, 992.0, 992.0, 992.0, 992.0, 992.0, 992.0, 992.0, 992.0, 992.0, 992.0, 992.0, 992.0, 992.0, 992.0, 992.0, 992.0, 992.0, 992.0, 988.0, 988.0, 988.0, 988.0, 988.0, 988.0, 988.0, 988.0, 988.0, 988.0, 988.0, 988.0, 988.0, 988.0, 988.0, 988.0, 988.0, 988.0, 988.0, 988.0, 988.0, 988.0, 988.0, 988.0, 988.0, 988.0, 988.0, 988.0, 988.0, 988.0, 988.0, 988.0, 988.0, 988.0, 988.0, 988.0, 988.0, 988.0, 988.0, 988.0, 988.0, 988.0, 988.0, 988.0, 988.0, 988.0, 988.0, 988.0, 988.0]",1,A-n32-k5.vrp,252,GEA,data/vrp/A-n32-k5.vrp
True,27 17 4 3 20 22 31 13 2 8 18 32 14 25 15 29 9 19 10 16 21 6 26 11 30 23 5 12 24 7 28,983.0,983.0,"[1, 1, 1, 1, 1, 1, 1, 1, 1, 1, 1, 1, 1, 1, 1, 1, 1, 1, 1, 1, 1, 1, 1, 1, 1, 1, 1, 1, 1, 1, 1, 1, 1, 1, 1, 1, 1, 1, 1, 1, 1, 1, 1, 1, 1, 1, 1, 1, 1, 1, 1, 1, 1, 1, 1, 1, 1, 1, 1, 1, 1, 1, 1, 1, 1, 1, 1, 1, 1, 1, 1, 1, 1, 1, 1, 1, 1, 1, 1, 1, 1, 1, 1, 1, 1, 1, 1, 1, 1, 1, 1, 1, 1, 1, 1, 1, 1, 1, 1, 1, 1, 1, 1, 1, 1, 1, 1, 1, 1, 1, 1, 1, 1, 1, 1, 1, 1, 1, 1, 1, 1, 1, 1, 1, 1, 1, 1, 1, 1, 1, 1, 1, 1, 1, 1, 1, 1, 1, 1, 1, 1, 1, 1, 1, 1, 1, 1, 1, 1, 1, 1, 1, 1, 1, 1, 1, 1, 1, 1, 1, 1, 1, 1, 1, 1, 1, 1, 1, 1, 1, 1, 1, 1, 1, 1, 1, 1, 1, 1, 1, 1, 1, 1, 1, 1, 1, 1, 1, 1, 1, 1, 1, 1, 1, 1, 1, 1, 1, 1, 1, 1, 1, 1, 1, 1, 1, 1, 1, 1, 1, 1, 1, 1, 1, 1, 1, 1, 1, 1, 1, 1, 1, 1, 1, 1, 1, 1, 1, 1, 1, 1, 1, 1, 1, 1, 1, 1, 1, 1, 1, 1, 1, 1, 1, 1, 1, 1, 1, 1, 1, 1, 1, 1, 1, 1, 1, 1, 1, 1, 1, 1, 1, 1, 1, 1, 1, 1, 1, 1, 1, 1, 1, 1, 1, 1, 1, 1, 1, 1, 1, 1, 1, 1, 1, 1, 1, 1, 1, 1, 1, 1, 1, 1, 1, 1, 1, 1, 1, 1, 1]",1,300,1.0,,3.53763,"[1566.0, 1467.0, 1433.0, 1433.0, 1433.0, 1433.0, 1433.0, 1433.0, 1388.0, 1388.0, 1345.0, 1257.0, 1188.0, 1181.0, 1152.0, 1152.0, 1151.0, 1133.0, 1133.0, 1132.0, 1132.0, 1132.0, 1132.0, 1132.0, 1132.0, 1132.0, 1132.0, 1132.0, 1132.0, 1132.0, 1132.0, 1132.0, 1132.0, 1132.0, 1110.0, 1110.0, 1094.0, 1094.0, 1094.0, 1094.0, 1094.0, 1094.0, 1094.0, 1094.0, 1094.0, 1094.0, 1094.0, 1094.0, 1094.0, 1094.0, 1094.0, 1094.0, 1094.0, 1094.0, 1094.0, 1089.0, 1055.0, 1055.0, 1055.0, 1055.0, 1055.0, 1055.0, 1055.0, 1055.0, 1055.0, 1055.0, 1055.0, 1055.0, 1055.0, 1055.0, 1055.0, 1055.0, 1055.0, 1055.0, 1055.0, 1055.0, 1055.0, 1055.0, 1055.0, 1055.0, 1055.0, 1055.0, 1052.0, 1052.0, 1052.0, 1052.0, 1052.0, 1052.0, 1052.0, 1052.0, 1052.0, 1052.0, 1052.0, 1052.0, 1052.0, 1052.0, 1052.0, 1052.0, 1052.0, 1052.0, 1052.0, 1052.0, 1052.0, 1052.0, 1052.0, 1052.0, 1046.0, 1046.0, 1046.0, 1046.0, 1046.0, 1046.0, 1046.0, 1046.0, 1046.0, 1046.0, 1046.0, 1046.0, 1046.0, 1046.0, 1046.0, 1046.0, 1040.0, 1040.0, 1040.0, 1040.0, 1040.0, 1040.0, 1040.0, 1040.0, 1040.0, 1040.0, 1040.0, 1040.0, 1040.0, 1040.0, 1040.0, 1040.0, 1040.0, 1040.0, 1040.0, 1040.0, 1040.0, 1040.0, 1040.0, 1040.0, 1040.0, 1040.0, 1040.0, 1040.0, 1037.0, 1037.0, 1037.0, 1033.0, 1033.0, 1033.0, 1033.0, 1033.0, 1033.0, 1033.0, 1033.0, 1033.0, 1033.0, 1033.0, 1033.0, 1033.0, 1033.0, 1033.0, 1033.0, 1033.0, 1033.0, 1033.0, 1033.0, 1033.0, 1033.0, 1033.0, 1033.0, 1033.0, 1033.0, 1033.0, 1033.0, 1033.0, 1033.0, 1033.0, 1033.0, 1033.0, 1033.0, 1033.0, 1033.0, 1033.0, 1033.0, 1033.0, 1033.0, 1033.0, 1033.0, 1033.0, 1033.0, 1033.0, 1033.0, 1033.0, 1033.0, 1033.0, 1033.0, 1033.0, 1033.0, 1033.0, 1033.0, 1033.0, 1033.0, 1033.0, 1033.0, 1033.0, 1033.0, 1033.0, 1033.0, 1033.0, 1033.0, 1033.0, 1033.0, 1033.0, 1033.0, 1033.0, 1033.0, 1033.0, 1033.0, 1033.0, 1033.0, 1033.0, 1033.0, 1033.0, 1011.0, 1011.0, 1011.0, 1011.0, 1011.0, 1011.0, 1011.0, 1011.0, 1011.0, 1011.0, 1011.0, 1011.0, 1011.0, 1011.0, 1011.0, 1011.0, 1011.0, 1011.0, 999.0, 999.0, 999.0, 999.0, 999.0, 999.0, 999.0, 999.0, 999.0, 999.0, 999.0, 999.0, 996.0, 996.0, 996.0, 996.0, 996.0, 996.0, 996.0, 996.0, 996.0, 996.0, 996.0, 996.0, 996.0, 996.0, 996.0, 983.0, 983.0, 983.0, 983.0, 983.0, 983.0, 983.0, 983.0, 983.0, 983.0, 983.0, 983.0, 983.0, 983.0, 983.0, 983.0, 983.0, 983.0, 983.0, 983.0, 983.0, 983.0, 983.0, 983.0, 983.0]",2,A-n32-k5.vrp,276,GEA,data/vrp/A-n32-k5.vrp
True,17 3 4 29 7 25 15 10 19 9 12 5 24 14 8 27 18 20 32 22 2 31 28 21 6 30 23 16 11 26 13,953.0,953.0,"[1, 1, 1, 1, 1, 1, 1, 1, 1, 1, 1, 1, 1, 1, 1, 1, 1, 1, 1, 1, 1, 1, 1, 1, 1, 1, 1, 1, 1, 1, 1, 1, 1, 1, 1, 1, 1, 1, 1, 1, 1, 1, 1, 1, 1, 1, 1, 1, 1, 1, 1, 1, 1, 1, 1, 1, 1, 1, 1, 1, 1, 1, 1, 1, 1, 1, 1, 1, 1, 1, 1, 1, 1, 1, 1, 1, 1, 1, 1, 1, 1, 1, 1, 1, 1, 1, 1, 1, 1, 1, 1, 1, 1, 1, 1, 1, 1, 1, 1, 1, 1, 1, 1, 1, 1, 1, 1, 1, 1, 1, 1, 1, 1, 1, 1, 1, 1, 1, 1, 1, 1, 1, 1, 1, 1, 1, 1, 1, 1, 1, 1, 1, 1, 1, 1, 1, 1, 1, 1, 1, 1, 1, 1, 1, 1, 1, 1, 1, 1, 1, 1, 1, 1, 1, 1, 1, 1, 1, 1, 1, 1, 1, 1, 1, 1, 1, 1, 1, 1, 1, 1, 1, 1, 1, 1, 1, 1, 1, 1, 1, 1, 1, 1, 1, 1, 1, 1, 1, 1, 1, 1, 1, 1, 1, 1, 1, 1, 1, 1, 1, 1, 1, 1, 1, 1, 1, 1, 1, 1, 1, 1, 1, 1, 1, 1, 1, 1, 1, 1, 1, 1, 1, 1, 1, 1, 1, 1, 1, 1, 1, 1, 1, 1, 1, 1, 1, 1, 1, 1, 1, 1, 1, 1, 1, 1, 1, 1, 1, 1, 1, 1, 1, 1, 1, 1, 1, 1, 1, 1, 1, 1, 1, 1, 1, 1, 1, 1, 1, 1, 1, 1, 1, 1, 1, 1, 1, 1, 1, 1, 1, 1, 1, 1, 1, 1, 1, 1, 1, 1, 1, 1, 1, 1, 1, 1, 1, 1, 1, 1, 1]",1,300,1.0,,3.544065,"[1602.0, 1528.0, 1433.0, 1295.0, 1253.0, 1253.0, 1214.0, 1201.0, 1201.0, 1187.0, 1187.0, 1152.0, 1152.0, 1138.0, 1138.0, 1138.0, 1138.0, 1138.0, 1138.0, 1138.0, 1138.0, 1138.0, 1128.0, 1128.0, 1128.0, 1128.0, 1128.0, 1120.0, 1120.0, 1120.0, 1120.0, 1117.0, 1117.0, 1105.0, 1105.0, 1105.0, 1105.0, 1105.0, 1105.0, 1105.0, 1105.0, 1105.0, 1105.0, 1105.0, 1105.0, 1105.0, 1105.0, 1105.0, 1105.0, 1105.0, 1105.0, 1099.0, 1070.0, 1070.0, 1047.0, 1047.0, 1047.0, 1047.0, 1047.0, 1047.0, 1047.0, 1047.0, 1047.0, 1047.0, 1047.0, 1047.0, 1047.0, 1047.0, 1047.0, 1047.0, 1047.0, 1047.0, 1047.0, 1021.0, 1021.0, 1021.0, 1021.0, 1021.0, 1021.0, 1021.0, 1021.0, 1021.0, 1021.0, 1021.0, 1021.0, 1021.0, 1000.0, 1000.0, 1000.0, 1000.0, 1000.0, 1000.0, 1000.0, 1000.0, 1000.0, 1000.0, 1000.0, 1000.0, 1000.0, 1000.0, 1000.0, 1000.0, 1000.0, 1000.0, 1000.0, 1000.0, 1000.0, 1000.0, 1000.0, 1000.0, 1000.0, 1000.0, 1000.0, 1000.0, 1000.0, 1000.0, 1000.0, 1000.0, 1000.0, 1000.0, 1000.0, 1000.0, 1000.0, 1000.0, 1000.0, 1000.0, 1000.0, 1000.0, 1000.0, 1000.0, 1000.0, 1000.0, 1000.0, 999.0, 999.0, 999.0, 999.0, 999.0, 999.0, 999.0, 999.0, 999.0, 999.0, 999.0, 999.0, 999.0, 999.0, 999.0, 999.0, 999.0, 999.0, 999.0, 999.0, 999.0, 999.0, 999.0, 999.0, 999.0, 999.0, 999.0, 999.0, 999.0, 999.0, 999.0, 999.0, 999.0, 999.0, 999.0, 999.0, 999.0, 999.0, 999.0, 999.0, 999.0, 999.0, 999.0, 999.0, 999.0, 999.0, 999.0, 999.0, 999.0, 999.0, 999.0, 999.0, 999.0, 999.0, 999.0, 999.0, 994.0, 994.0, 994.0, 976.0, 976.0, 976.0, 966.0, 966.0, 966.0, 966.0, 966.0, 966.0, 966.0, 966.0, 965.0, 965.0, 965.0, 965.0, 964.0, 964.0, 964.0, 964.0, 964.0, 964.0, 962.0, 955.0, 955.0, 955.0, 953.0, 953.0, 953.0, 953.0, 953.0, 953.0, 953.0, 953.0, 953.0, 953.0, 953.0, 953.0, 953.0, 953.0, 953.0, 953.0, 953.0, 953.0, 953.0, 953.0, 953.0, 953.0, 953.0, 953.0, 953.0, 953.0, 953.0, 953.0, 953.0, 953.0, 953.0, 953.0, 953.0, 953.0, 953.0, 953.0, 953.0, 953.0, 953.0, 953.0, 953.0, 953.0, 953.0, 953.0, 953.0, 953.0, 953.0, 953.0, 953.0, 953.0, 953.0, 953.0, 953.0, 953.0, 953.0, 953.0, 953.0, 953.0, 953.0, 953.0, 953.0, 953.0, 953.0, 953.0, 953.0, 953.0, 953.0, 953.0, 953.0, 953.0, 953.0, 953.0, 953.0, 953.0, 953.0, 953.0, 953.0, 953.0, 953.0, 953.0, 953.0, 953.0, 953.0]",3,A-n32-k5.vrp,218,GEA,data/vrp/A-n32-k5.vrp
True,27 14 22 20 18 15 25 6 26 11 30 23 10 29 4 7 21 8 2 13 17 31 32 3 24 5 12 19 9 16 28,996.0,996.0,"[1, 1, 1, 1, 1, 1, 1, 1, 1, 1, 1, 1, 1, 1, 1, 1, 1, 1, 1, 1, 1, 1, 1, 1, 1, 1, 1, 1, 1, 1, 1, 1, 1, 1, 1, 1, 1, 1, 1, 1, 1, 1, 1, 1, 1, 1, 1, 1, 1, 1, 1, 1, 1, 1, 1, 1, 1, 1, 1, 1, 1, 1, 1, 1, 1, 1, 1, 1, 1, 1, 1, 1, 1, 1, 1, 1, 1, 1, 1, 1, 1, 1, 1, 1, 1, 1, 1, 1, 1, 1, 1, 1, 1, 1, 1, 1, 1, 1, 1, 1, 1, 1, 1, 1, 1, 1, 1, 1, 1, 1, 1, 1, 1, 1, 1, 1, 1, 1, 1, 1, 1, 1, 1, 1, 1, 1, 1, 1, 1, 1, 1, 1, 1, 1, 1, 1, 1, 1, 1, 1, 1, 1, 1, 1, 1, 1, 1, 1, 1, 1, 1, 1, 1, 1, 1, 1, 1, 1, 1, 1, 1, 1, 1, 1, 1, 1, 1, 1, 1, 1, 1, 1, 1, 1, 1, 1, 1, 1, 1, 1, 1, 1, 1, 1, 1, 1, 1, 1, 1, 1, 1, 1, 1, 1, 1, 1, 1, 1, 1, 1, 1, 1, 1, 1, 1, 1, 1, 1, 1, 1, 1, 1, 1, 1, 1, 1, 1, 1, 1, 1, 1, 1, 1, 1, 1, 1, 1, 1, 1, 1, 1, 1, 1, 1, 1, 1, 1, 1, 1, 1, 1, 1, 1, 1, 1, 1, 1, 1, 1, 1, 1, 1, 1, 1, 1, 1, 1, 1, 1, 1, 1, 1, 1, 1, 1, 1, 1, 1, 1, 1, 1, 1, 1, 1, 1, 1, 1, 1, 1, 1, 1, 1, 1, 1, 1, 1, 1, 1, 1, 1, 1, 1, 1, 1, 1, 1, 1, 1, 1, 1]",1,300,1.0,,3.517172,"[1570.0, 1433.0, 1327.0, 1306.0, 1231.0, 1231.0, 1212.0, 1212.0, 1212.0, 1212.0, 1212.0, 1212.0, 1212.0, 1212.0, 1212.0, 1212.0, 1212.0, 1212.0, 1212.0, 1212.0, 1212.0, 1212.0, 1212.0, 1212.0, 1212.0, 1212.0, 1212.0, 1212.0, 1212.0, 1212.0, 1212.0, 1212.0, 1212.0, 1212.0, 1212.0, 1212.0, 1212.0, 1212.0, 1212.0, 1137.0, 1137.0, 1124.0, 1124.0, 1124.0, 1124.0, 1124.0, 1124.0, 1124.0, 1124.0, 1124.0, 1124.0, 1124.0, 1124.0, 1124.0, 1124.0, 1105.0, 1105.0, 1105.0, 1105.0, 1105.0, 1105.0, 1105.0, 1105.0, 1105.0, 1105.0, 1105.0, 1105.0, 1105.0, 1105.0, 1105.0, 1105.0, 1105.0, 1105.0, 1105.0, 1105.0, 1105.0, 1105.0, 1105.0, 1105.0, 1105.0, 1105.0, 1105.0, 1105.0, 1093.0, 1093.0, 1093.0, 1093.0, 1093.0, 1087.0, 1075.0, 1075.0, 1075.0, 1075.0, 1075.0, 1075.0, 1075.0, 1075.0, 1075.0, 1075.0, 1075.0, 1048.0, 1048.0, 1048.0, 1048.0, 1048.0, 1048.0, 1048.0, 1048.0, 1048.0, 1048.0, 1048.0, 1048.0, 1048.0, 1048.0, 1048.0, 1048.0, 1048.0, 1048.0, 1048.0, 1048.0, 1048.0, 1048.0, 1048.0, 1048.0, 1048.0, 1048.0, 1048.0, 1048.0, 1048.0, 1048.0, 1048.0, 1048.0, 1048.0, 1048.0, 1048.0, 1048.0, 1048.0, 1048.0, 1048.0, 1048.0, 1048.0, 1048.0, 1048.0, 1048.0, 1048.0, 1048.0, 1048.0, 1048.0, 1048.0, 1048.0, 1048.0, 1048.0, 1048.0, 1048.0, 1048.0, 1048.0, 1048.0, 1048.0, 1048.0, 1035.0, 1035.0, 1035.0, 1035.0, 1035.0, 1035.0, 1035.0, 1035.0, 1035.0, 1035.0, 1035.0, 1035.0, 1035.0, 1035.0, 1035.0, 1035.0, 1035.0, 1035.0, 1035.0, 1035.0, 1035.0, 1035.0, 1035.0, 1033.0, 1033.0, 1033.0, 1033.0, 1033.0, 1033.0, 1033.0, 1033.0, 1033.0, 1033.0, 1033.0, 1033.0, 1033.0, 1033.0, 1033.0, 1033.0, 1033.0, 1033.0, 1033.0, 1033.0, 1033.0, 1033.0, 1033.0, 1033.0, 1033.0, 1033.0, 1033.0, 1033.0, 1033.0, 1033.0, 1033.0, 1033.0, 1033.0, 1033.0, 1033.0, 1033.0, 1033.0, 1033.0, 1033.0, 1033.0, 1033.0, 1033.0, 1033.0, 1033.0, 1033.0, 1033.0, 1033.0, 1033.0, 1020.0, 1020.0, 1020.0, 1020.0, 1020.0, 1020.0, 1020.0, 1020.0, 1020.0, 1020.0, 1020.0, 1020.0, 1020.0, 1020.0, 1020.0, 1020.0, 1020.0, 1020.0, 1020.0, 1020.0, 1020.0, 1020.0, 1020.0, 1020.0, 1020.0, 1020.0, 1020.0, 1020.0, 1020.0, 1020.0, 1020.0, 1020.0, 1020.0, 1020.0, 996.0, 996.0, 996.0, 996.0, 996.0, 996.0, 996.0, 996.0, 996.0, 996.0, 996.0, 996.0, 996.0, 996.0, 996.0, 996.0, 996.0, 996.0, 996.0, 996.0, 996.0, 996.0, 996.0, 996.0, 996.0, 996.0, 996.0, 996.0, 996.0, 996.0, 996.0, 996.0, 996.0, 996.0, 996.0, 996.0]",4,A-n32-k5.vrp,265,GEA,data/vrp/A-n32-k5.vrp
True,32 20 18 3 7 17 14 22 2 13 31 28 6 26 11 12 5 4 21 30 16 23 19 10 9 29 24 8 27 15 25,977.0,977.0,"[1, 1, 1, 1, 1, 1, 1, 1, 1, 1, 1, 1, 1, 1, 1, 1, 1, 1, 1, 1, 1, 1, 1, 1, 1, 1, 1, 1, 1, 1, 1, 1, 1, 1, 1, 1, 1, 1, 1, 1, 1, 1, 1, 1, 1, 1, 1, 1, 1, 1, 1, 1, 1, 1, 1, 1, 1, 1, 1, 1, 1, 1, 1, 1, 1, 1, 1, 1, 1, 1, 1, 1, 1, 1, 1, 1, 1, 1, 1, 1, 1, 1, 1, 1, 1, 1, 1, 1, 1, 1, 1, 1, 1, 1, 1, 1, 1, 1, 1, 1, 1, 1, 1, 1, 1, 1, 1, 1, 1, 1, 1, 1, 1, 1, 1, 1, 1, 1, 1, 1, 1, 1, 1, 1, 1, 1, 1, 1, 1, 1, 1, 1, 1, 1, 1, 1, 1, 1, 1, 1, 1, 1, 1, 1, 1, 1, 1, 1, 1, 1, 1, 1, 1, 1, 1, 1, 1, 1, 1, 1, 1, 1, 1, 1, 1, 1, 1, 1, 1, 1, 1, 1, 1, 1, 1, 1, 1, 1, 1, 1, 1, 1, 1, 1, 1, 1, 1, 1, 1, 1, 1, 1, 1, 1, 1, 1, 1, 1, 1, 1, 1, 1, 1, 1, 1, 1, 1, 1, 1, 1, 1, 1, 1, 1, 1, 1, 1, 1, 1, 1, 1, 1, 1, 1, 1, 1, 1, 1, 1, 1, 1, 1, 1, 1, 1, 1, 1, 1, 1, 1, 1, 1, 1, 1, 1, 1, 1, 1, 1, 1, 1, 1, 1, 1, 1, 1, 1, 1, 1, 1, 1, 1, 1, 1, 1, 1, 1, 1, 1, 1, 1, 1, 1, 1, 1, 1, 1, 1, 1, 1, 1, 1, 1, 1, 1, 1, 1, 1, 1, 1, 1, 1, 1, 1, 1, 1, 1, 1, 1, 1]",1,300,1.0,,3.520625,"[1544.0, 1367.0, 1367.0, 1306.0, 1306.0, 1215.0, 1215.0, 1157.0, 1123.0, 1098.0, 1098.0, 1098.0, 1098.0, 1098.0, 1098.0, 1098.0, 1098.0, 1098.0, 1098.0, 1098.0, 1098.0, 1098.0, 1098.0, 1098.0, 1098.0, 1087.0, 1087.0, 1087.0, 1087.0, 1087.0, 1087.0, 1087.0, 1075.0, 1075.0, 1075.0, 1075.0, 1075.0, 1075.0, 1075.0, 1075.0, 1075.0, 1075.0, 1075.0, 1075.0, 1075.0, 1075.0, 1075.0, 1075.0, 1073.0, 1073.0, 1073.0, 1073.0, 1073.0, 1073.0, 1073.0, 1073.0, 1073.0, 1073.0, 1073.0, 1073.0, 1073.0, 1073.0, 1073.0, 1073.0, 1073.0, 1073.0, 1073.0, 1073.0, 1073.0, 1073.0, 1073.0, 1073.0, 1073.0, 1073.0, 1073.0, 1073.0, 1073.0, 1073.0, 1073.0, 1073.0, 1073.0, 1073.0, 1073.0, 1073.0, 1073.0, 1073.0, 1073.0, 1073.0, 1030.0, 1030.0, 1030.0, 1030.0, 1030.0, 1030.0, 1030.0, 1030.0, 1030.0, 1030.0, 1025.0, 1025.0, 1025.0, 1025.0, 1025.0, 1025.0, 1025.0, 1025.0, 1025.0, 1025.0, 1025.0, 1025.0, 1025.0, 1025.0, 1025.0, 1025.0, 1025.0, 1025.0, 1025.0, 1025.0, 1025.0, 1025.0, 1025.0, 1025.0, 1025.0, 1025.0, 1025.0, 1025.0, 1025.0, 1025.0, 1025.0, 1025.0, 1025.0, 1025.0, 1025.0, 1025.0, 1025.0, 1025.0, 1025.0, 1025.0, 1025.0, 1025.0, 1025.0, 1025.0, 1025.0, 1001.0, 1001.0, 1001.0, 1001.0, 1001.0, 999.0, 999.0, 999.0, 999.0, 999.0, 999.0, 999.0, 999.0, 999.0, 999.0, 999.0, 999.0, 999.0, 999.0, 999.0, 999.0, 999.0, 999.0, 993.0, 993.0, 993.0, 992.0, 992.0, 992.0, 992.0, 992.0, 992.0, 992.0, 992.0, 992.0, 992.0, 992.0, 992.0, 992.0, 992.0, 992.0, 992.0, 992.0, 992.0, 992.0, 992.0, 992.0, 992.0, 992.0, 992.0, 992.0, 992.0, 992.0, 992.0, 992.0, 992.0, 992.0, 992.0, 992.0, 992.0, 992.0, 992.0, 992.0, 992.0, 992.0, 992.0, 992.0, 992.0, 986.0, 986.0, 986.0, 986.0, 986.0, 986.0, 986.0, 986.0, 986.0, 986.0, 986.0, 986.0, 986.0, 986.0, 986.0, 986.0, 986.0, 986.0, 986.0, 986.0, 986.0, 986.0, 986.0, 986.0, 986.0, 986.0, 986.0, 978.0, 978.0, 978.0, 978.0, 978.0, 978.0, 978.0, 978.0, 978.0, 978.0, 978.0, 978.0, 978.0, 978.0, 978.0, 978.0, 978.0, 978.0, 978.0, 978.0, 978.0, 978.0, 978.0, 978.0, 978.0, 978.0, 978.0, 978.0, 978.0, 978.0, 978.0, 978.0, 978.0, 978.0, 978.0, 978.0, 978.0, 978.0, 978.0, 978.0, 978.0, 978.0, 978.0, 978.0, 978.0, 978.0, 978.0, 977.0, 977.0, 977.0, 977.0, 977.0, 977.0, 977.0, 977.0, 977.0, 977.0, 977.0, 977.0, 977.0, 977.0, 977.0]",5,A-n32-k5.vrp,286,GEA,data/vrp/A-n32-k5.vrp
True,21 26 11 16 30 6 28 27 31 7 18 14 8 17 4 3 24 5 12 23 10 13 22 32 20 2 25 19 9 29 15,1000.0,1000.0,"[1, 1, 1, 1, 1, 1, 1, 1, 1, 1, 1, 1, 1, 1, 1, 1, 1, 1, 1, 1, 1, 1, 1, 1, 1, 1, 1, 1, 1, 1, 1, 1, 1, 1, 1, 1, 1, 1, 1, 1, 1, 1, 1, 1, 1, 1, 1, 1, 1, 1, 1, 1, 1, 1, 1, 1, 1, 1, 1, 1, 1, 1, 1, 1, 1, 1, 1, 1, 1, 1, 1, 1, 1, 1, 1, 1, 1, 1, 1, 1, 1, 1, 1, 1, 1, 1, 1, 1, 1, 1, 1, 1, 1, 1, 1, 1, 1, 1, 1, 1, 1, 1, 1, 1, 1, 1, 1, 1, 1, 1, 1, 1, 1, 1, 1, 1, 1, 1, 1, 1, 1, 1, 1, 1, 1, 1, 1, 1, 1, 1, 1, 1, 1, 1, 1, 1, 1, 1, 1, 1, 1, 1, 1, 1, 1, 1, 1, 1, 1, 1, 1, 1, 1, 1, 1, 1, 1, 1, 1, 1, 1, 1, 1, 1, 1, 1, 1, 1, 1, 1, 1, 1, 1, 1, 1, 1, 1, 1, 1, 1, 1, 1, 1, 1, 1, 1, 1, 1, 1, 1, 1, 1, 1, 1, 1, 1, 1, 1, 1, 1, 1, 1, 1, 1, 1, 1, 1, 1, 1, 1, 1, 1, 1, 1, 1, 1, 1, 1, 1, 1, 1, 1, 1, 1, 1, 1, 1, 1, 1, 1, 1, 1, 1, 1, 1, 1, 1, 1, 1, 1, 1, 1, 1, 1, 1, 1, 1, 1, 1, 1, 1, 1, 1, 1, 1, 1, 1, 1, 1, 1, 1, 1, 1, 1, 1, 1, 1, 1, 1, 1, 1, 1, 1, 1, 1, 1, 1, 1, 1, 1, 1, 1, 1, 1, 1, 1, 1, 1, 1, 1, 1, 1, 1, 1, 1, 1, 1, 1, 1, 1]",1,300,1.0,,3.591908,"[1616.0, 1534.0, 1492.0, 1374.0, 1374.0, 1337.0, 1306.0, 1249.0, 1193.0, 1193.0, 1165.0, 1165.0, 1165.0, 1165.0, 1165.0, 1165.0, 1165.0, 1165.0, 1152.0, 1152.0, 1146.0, 1146.0, 1146.0, 1146.0, 1146.0, 1146.0, 1146.0, 1146.0, 1146.0, 1146.0, 1146.0, 1146.0, 1146.0, 1146.0, 1146.0, 1145.0, 1145.0, 1145.0, 1145.0, 1145.0, 1128.0, 1128.0, 1128.0, 1128.0, 1128.0, 1128.0, 1128.0, 1128.0, 1128.0, 1128.0, 1128.0, 1128.0, 1128.0, 1128.0, 1128.0, 1128.0, 1128.0, 1128.0, 1128.0, 1128.0, 1128.0, 1128.0, 1128.0, 1128.0, 1128.0, 1128.0, 1128.0, 1128.0, 1128.0, 1128.0, 1128.0, 1128.0, 1128.0, 1128.0, 1128.0, 1128.0, 1128.0, 1128.0, 1128.0, 1128.0, 1128.0, 1128.0, 1128.0, 1128.0, 1128.0, 1128.0, 1128.0, 1128.0, 1128.0, 1128.0, 1128.0, 1128.0, 1128.0, 1128.0, 1128.0, 1128.0, 1128.0, 1128.0, 1128.0, 1128.0, 1128.0, 1128.0, 1121.0, 1121.0, 1121.0, 1121.0, 1121.0, 1121.0, 1121.0, 1121.0, 1121.0, 1121.0, 1121.0, 1121.0, 1121.0, 1121.0, 1121.0, 1121.0, 1121.0, 1121.0, 1121.0, 1121.0, 1121.0, 1121.0, 1121.0, 1121.0, 1121.0, 1121.0, 1121.0, 1121.0, 1121.0, 1121.0, 1121.0, 1121.0, 1121.0, 1121.0, 1121.0, 1121.0, 1121.0, 1121.0, 1121.0, 1121.0, 1121.0, 1121.0, 1121.0, 1121.0, 1121.0, 1121.0, 1121.0, 1121.0, 1121.0, 1121.0, 1121.0, 1118.0, 1118.0, 1118.0, 1118.0, 1118.0, 1118.0, 1118.0, 1118.0, 1118.0, 1118.0, 1118.0, 1118.0, 1118.0, 1118.0, 1118.0, 1118.0, 1118.0, 1118.0, 1118.0, 1118.0, 1118.0, 1118.0, 1118.0, 1118.0, 1118.0, 1118.0, 1118.0, 1118.0, 1118.0, 1118.0, 1118.0, 1110.0, 1110.0, 1110.0, 1110.0, 1110.0, 1110.0, 1110.0, 1110.0, 1095.0, 1095.0, 1095.0, 1095.0, 1095.0, 1089.0, 1089.0, 1089.0, 1089.0, 1089.0, 1089.0, 1089.0, 1089.0, 1089.0, 1089.0, 1089.0, 1089.0, 1089.0, 1089.0, 1089.0, 1089.0, 1089.0, 1089.0, 1089.0, 1089.0, 1089.0, 1089.0, 1089.0, 1089.0, 1089.0, 1089.0, 1089.0, 1032.0, 1032.0, 1032.0, 1032.0, 1032.0, 1032.0, 1032.0, 1032.0, 1032.0, 1032.0, 1032.0, 1032.0, 1032.0, 1032.0, 1032.0, 1032.0, 1032.0, 1032.0, 1032.0, 1032.0, 1032.0, 1032.0, 1032.0, 1032.0, 1032.0, 1032.0, 1032.0, 1032.0, 1032.0, 1032.0, 1032.0, 1000.0, 1000.0, 1000.0, 1000.0, 1000.0, 1000.0, 1000.0, 1000.0, 1000.0, 1000.0, 1000.0, 1000.0, 1000.0, 1000.0, 1000.0, 1000.0, 1000.0, 1000.0, 1000.0, 1000.0, 1000.0, 1000.0, 1000.0, 1000.0, 1000.0, 1000.0, 1000.0, 1000.0, 1000.0, 1000.0, 1000.0, 1000.0, 1000.0, 1000.0, 1000.0, 1000.0, 1000.0, 1000.0, 1000.0, 1000.0, 1000.0, 1000.0, 1000.0, 1000.0, 1000.0]",6,A-n32-k5.vrp,256,GEA,data/vrp/A-n32-k5.vrp
True,13 2 22 18 14 15 21 6 30 23 10 12 5 29 9 19 24 4 7 3 20 32 8 17 16 11 26 25 28 31 27,977.0,977.0,"[1, 1, 1, 1, 1, 1, 1, 1, 1, 1, 1, 1, 1, 1, 1, 1, 1, 1, 1, 1, 1, 1, 1, 1, 1, 1, 1, 1, 1, 1, 1, 1, 1, 1, 1, 1, 1, 1, 1, 1, 1, 1, 1, 1, 1, 1, 1, 1, 1, 1, 1, 1, 1, 1, 1, 1, 1, 1, 1, 1, 1, 1, 1, 1, 1, 1, 1, 1, 1, 1, 1, 1, 1, 1, 1, 1, 1, 1, 1, 1, 1, 1, 1, 1, 1, 1, 1, 1, 1, 1, 1, 1, 1, 1, 1, 1, 1, 1, 1, 1, 1, 1, 1, 1, 1, 1, 1, 1, 1, 1, 1, 1, 1, 1, 1, 1, 1, 1, 1, 1, 1, 1, 1, 1, 1, 1, 1, 1, 1, 1, 1, 1, 1, 1, 1, 1, 1, 1, 1, 1, 1, 1, 1, 1, 1, 1, 1, 1, 1, 1, 1, 1, 1, 1, 1, 1, 1, 1, 1, 1, 1, 1, 1, 1, 1, 1, 1, 1, 1, 1, 1, 1, 1, 1, 1, 1, 1, 1, 1, 1, 1, 1, 1, 1, 1, 1, 1, 1, 1, 1, 1, 1, 1, 1, 1, 1, 1, 1, 1, 1, 1, 1, 1, 1, 1, 1, 1, 1, 1, 1, 1, 1, 1, 1, 1, 1, 1, 1, 1, 1, 1, 1, 1, 1, 1, 1, 1, 1, 1, 1, 1, 1, 1, 1, 1, 1, 1, 1, 1, 1, 1, 1, 1, 1, 1, 1, 1, 1, 1, 1, 1, 1, 1, 1, 1, 1, 1, 1, 1, 1, 1, 1, 1, 1, 1, 1, 1, 1, 1, 1, 1, 1, 1, 1, 1, 1, 1, 1, 1, 1, 1, 1, 1, 1, 1, 1, 1, 1, 1, 1, 1, 1, 1, 1, 1, 1, 1, 1, 1, 1]",1,300,1.0,,3.553257,"[1514.0, 1387.0, 1384.0, 1258.0, 1208.0, 1162.0, 1121.0, 1121.0, 1106.0, 1094.0, 1020.0, 1020.0, 1020.0, 1020.0, 1020.0, 1020.0, 1020.0, 1020.0, 1020.0, 1020.0, 1020.0, 1020.0, 1020.0, 1020.0, 1020.0, 1020.0, 1020.0, 1020.0, 1020.0, 1020.0, 1020.0, 1020.0, 1020.0, 1020.0, 1020.0, 1020.0, 1020.0, 1020.0, 1020.0, 1020.0, 1020.0, 1020.0, 1020.0, 1020.0, 1020.0, 1020.0, 1020.0, 1020.0, 1020.0, 1020.0, 1020.0, 1020.0, 1020.0, 1020.0, 1020.0, 1020.0, 1020.0, 1020.0, 1020.0, 1020.0, 1020.0, 1020.0, 1020.0, 1020.0, 1020.0, 1020.0, 1020.0, 1020.0, 1020.0, 1020.0, 1020.0, 1020.0, 1020.0, 1020.0, 1020.0, 1020.0, 1020.0, 1020.0, 1020.0, 1020.0, 1020.0, 1020.0, 1020.0, 1020.0, 1020.0, 1020.0, 1020.0, 1020.0, 1020.0, 1020.0, 1020.0, 1020.0, 1020.0, 1020.0, 1020.0, 1020.0, 1020.0, 1020.0, 1020.0, 1020.0, 1020.0, 1020.0, 1020.0, 1020.0, 1020.0, 1020.0, 1020.0, 1020.0, 1020.0, 1020.0, 1020.0, 1018.0, 1017.0, 1017.0, 1017.0, 1017.0, 1017.0, 1017.0, 1017.0, 1017.0, 1017.0, 1017.0, 1017.0, 1017.0, 1017.0, 1017.0, 1017.0, 1017.0, 1017.0, 1017.0, 1017.0, 1017.0, 1017.0, 1017.0, 1017.0, 1017.0, 1017.0, 1017.0, 1017.0, 1017.0, 1017.0, 1017.0, 1015.0, 1015.0, 1015.0, 1015.0, 1015.0, 1014.0, 1014.0, 1014.0, 1014.0, 1014.0, 1014.0, 1014.0, 1014.0, 1014.0, 1014.0, 1014.0, 1014.0, 1014.0, 1014.0, 1014.0, 1014.0, 1014.0, 1014.0, 1014.0, 1014.0, 1014.0, 1014.0, 1009.0, 1009.0, 1009.0, 1009.0, 1009.0, 1009.0, 1009.0, 1009.0, 1009.0, 1009.0, 1009.0, 1009.0, 1009.0, 1009.0, 1009.0, 1009.0, 1009.0, 1009.0, 1009.0, 1009.0, 1009.0, 1009.0, 1009.0, 1009.0, 1009.0, 995.0, 995.0, 995.0, 995.0, 995.0, 995.0, 995.0, 995.0, 995.0, 995.0, 995.0, 995.0, 995.0, 995.0, 995.0, 995.0, 995.0, 977.0, 977.0, 977.0, 977.0, 977.0, 977.0, 977.0, 977.0, 977.0, 977.0, 977.0, 977.0, 977.0, 977.0, 977.0, 977.0, 977.0, 977.0, 977.0, 977.0, 977.0, 977.0, 977.0, 977.0, 977.0, 977.0, 977.0, 977.0, 977.0, 977.0, 977.0, 977.0, 977.0, 977.0, 977.0, 977.0, 977.0, 977.0, 977.0, 977.0, 977.0, 977.0, 977.0, 977.0, 977.0, 977.0, 977.0, 977.0, 977.0, 977.0, 977.0, 977.0, 977.0, 977.0, 977.0, 977.0, 977.0, 977.0, 977.0, 977.0, 977.0, 977.0, 977.0, 977.0, 977.0, 977.0, 977.0, 977.0, 977.0, 977.0, 977.0, 977.0, 977.0, 977.0, 977.0, 977.0, 977.0, 977.0, 977.0, 977.0, 977.0, 977.0, 977.0, 977.0, 977.0, 977.0, 977.0, 977.0, 977.0]",7,A-n32-k5.vrp,212,GEA,data/vrp/A-n32-k5.vrp
True,6 30 16 10 23 9 12 5 15 2 8 4 3 28 31 21 26 11 19 29 24 7 25 27 14 18 20 32 22 17 13,955.0,955.0,"[1, 1, 1, 1, 1, 1, 1, 1, 1, 1, 1, 1, 1, 1, 1, 1, 1, 1, 1, 1, 1, 1, 1, 1, 1, 1, 1, 1, 1, 1, 1, 1, 1, 1, 1, 1, 1, 1, 1, 1, 1, 1, 1, 1, 1, 1, 1, 1, 1, 1, 1, 1, 1, 1, 1, 1, 1, 1, 1, 1, 1, 1, 1, 1, 1, 1, 1, 1, 1, 1, 1, 1, 1, 1, 1, 1, 1, 1, 1, 1, 1, 1, 1, 1, 1, 1, 1, 1, 1, 1, 1, 1, 1, 1, 1, 1, 1, 1, 1, 1, 1, 1, 1, 1, 1, 1, 1, 1, 1, 1, 1, 1, 1, 1, 1, 1, 1, 1, 1, 1, 1, 1, 1, 1, 1, 1, 1, 1, 1, 1, 1, 1, 1, 1, 1, 1, 1, 1, 1, 1, 1, 1, 1, 1, 1, 1, 1, 1, 1, 1, 1, 1, 1, 1, 1, 1, 1, 1, 1, 1, 1, 1, 1, 1, 1, 1, 1, 1, 1, 1, 1, 1, 1, 1, 1, 1, 1, 1, 1, 1, 1, 1, 1, 1, 1, 1, 1, 1, 1, 1, 1, 1, 1, 1, 1, 1, 1, 1, 1, 1, 1, 1, 1, 1, 1, 1, 1, 1, 1, 1, 1, 1, 1, 1, 1, 1, 1, 1, 1, 1, 1, 1, 1, 1, 1, 1, 1, 1, 1, 1, 1, 1, 1, 1, 1, 1, 1, 1, 1, 1, 1, 1, 1, 1, 1, 1, 1, 1, 1, 1, 1, 1, 1, 1, 1, 1, 1, 1, 1, 1, 1, 1, 1, 1, 1, 1, 1, 1, 1, 1, 1, 1, 1, 1, 1, 1, 1, 1, 1, 1, 1, 1, 1, 1, 1, 1, 1, 1, 1, 1, 1, 1, 1, 1, 1, 1, 1, 1, 1, 1]",1,300,1.0,,3.588906,"[1588.0, 1483.0, 1318.0, 1311.0, 1311.0, 1308.0, 1210.0, 1210.0, 1210.0, 1210.0, 1210.0, 1210.0, 1210.0, 1210.0, 1210.0, 1210.0, 1210.0, 1210.0, 1210.0, 1210.0, 1210.0, 1210.0, 1210.0, 1210.0, 1210.0, 1210.0, 1210.0, 1210.0, 1210.0, 1210.0, 1201.0, 1201.0, 1201.0, 1201.0, 1201.0, 1201.0, 1201.0, 1201.0, 1201.0, 1201.0, 1201.0, 1201.0, 1189.0, 1189.0, 1185.0, 1185.0, 1185.0, 1177.0, 1176.0, 1176.0, 1142.0, 1108.0, 1019.0, 1002.0, 1002.0, 1002.0, 1002.0, 1002.0, 1002.0, 1002.0, 1002.0, 1002.0, 1002.0, 1002.0, 1002.0, 1002.0, 1002.0, 1002.0, 1002.0, 1002.0, 1002.0, 995.0, 995.0, 987.0, 987.0, 987.0, 987.0, 987.0, 987.0, 987.0, 987.0, 987.0, 987.0, 982.0, 982.0, 982.0, 982.0, 982.0, 982.0, 982.0, 982.0, 982.0, 982.0, 982.0, 982.0, 982.0, 982.0, 982.0, 982.0, 982.0, 982.0, 982.0, 982.0, 982.0, 982.0, 982.0, 982.0, 982.0, 982.0, 982.0, 982.0, 982.0, 982.0, 982.0, 982.0, 982.0, 982.0, 982.0, 982.0, 982.0, 970.0, 970.0, 970.0, 970.0, 970.0, 970.0, 970.0, 970.0, 968.0, 968.0, 968.0, 968.0, 968.0, 968.0, 968.0, 968.0, 968.0, 968.0, 968.0, 968.0, 968.0, 968.0, 968.0, 968.0, 968.0, 968.0, 968.0, 968.0, 968.0, 968.0, 968.0, 968.0, 968.0, 968.0, 968.0, 968.0, 968.0, 968.0, 968.0, 968.0, 968.0, 968.0, 968.0, 968.0, 968.0, 968.0, 968.0, 968.0, 968.0, 968.0, 968.0, 968.0, 968.0, 968.0, 968.0, 968.0, 968.0, 968.0, 968.0, 968.0, 968.0, 968.0, 968.0, 968.0, 968.0, 968.0, 968.0, 968.0, 968.0, 968.0, 968.0, 968.0, 968.0, 968.0, 968.0, 968.0, 968.0, 968.0, 968.0, 968.0, 968.0, 968.0, 968.0, 968.0, 958.0, 958.0, 958.0, 958.0, 958.0, 958.0, 958.0, 958.0, 958.0, 958.0, 958.0, 958.0, 958.0, 958.0, 958.0, 958.0, 958.0, 958.0, 958.0, 958.0, 958.0, 955.0, 955.0, 955.0, 955.0, 955.0, 955.0, 955.0, 955.0, 955.0, 955.0, 955.0, 955.0, 955.0, 955.0, 955.0, 955.0, 955.0, 955.0, 955.0, 955.0, 955.0, 955.0, 955.0, 955.0, 955.0, 955.0, 955.0, 955.0, 955.0, 955.0, 955.0, 955.0, 955.0, 955.0, 955.0, 955.0, 955.0, 955.0, 955.0, 955.0, 955.0, 955.0, 955.0, 955.0, 955.0, 955.0, 955.0, 955.0, 955.0, 955.0, 955.0, 955.0, 955.0, 955.0, 955.0, 955.0, 955.0, 955.0, 955.0, 955.0, 955.0, 955.0, 955.0, 955.0, 955.0, 955.0, 955.0, 955.0, 955.0, 955.0, 955.0, 955.0, 955.0, 955.0, 955.0]",8,A-n32-k5.vrp,226,GEA,data/vrp/A-n32-k5.vrp
True,29 9 23 10 12 5 3 21 6 26 11 16 30 19 24 4 7 27 28 25 15 18 13 2 22 32 20 14 8 31 17,948.0,948.0,"[1, 1, 1, 1, 1, 1, 1, 1, 1, 1, 1, 1, 1, 1, 1, 1, 1, 1, 1, 1, 1, 1, 1, 1, 1, 1, 1, 1, 1, 1, 1, 1, 1, 1, 1, 1, 1, 1, 1, 1, 1, 1, 1, 1, 1, 1, 1, 1, 1, 1, 1, 1, 1, 1, 1, 1, 1, 1, 1, 1, 1, 1, 1, 1, 1, 1, 1, 1, 1, 1, 1, 1, 1, 1, 1, 1, 1, 1, 1, 1, 1, 1, 1, 1, 1, 1, 1, 1, 1, 1, 1, 1, 1, 1, 1, 1, 1, 1, 1, 1, 1, 1, 1, 1, 1, 1, 1, 1, 1, 1, 1, 1, 1, 1, 1, 1, 1, 1, 1, 1, 1, 1, 1, 1, 1, 1, 1, 1, 1, 1, 1, 1, 1, 1, 1, 1, 1, 1, 1, 1, 1, 1, 1, 1, 1, 1, 1, 1, 1, 1, 1, 1, 1, 1, 1, 1, 1, 1, 1, 1, 1, 1, 1, 1, 1, 1, 1, 1, 1, 1, 1, 1, 1, 1, 1, 1, 1, 1, 1, 1, 1, 1, 1, 1, 1, 1, 1, 1, 1, 1, 1, 1, 1, 1, 1, 1, 1, 1, 1, 1, 1, 1, 1, 1, 1, 1, 1, 1, 1, 1, 1, 1, 1, 1, 1, 1, 1, 1, 1, 1, 1, 1, 1, 1, 1, 1, 1, 1, 1, 1, 1, 1, 1, 1, 1, 1, 1, 1, 1, 1, 1, 1, 1, 1, 1, 1, 1, 1, 1, 1, 1, 1, 1, 1, 1, 1, 1, 1, 1, 1, 1, 1, 1, 1, 1, 1, 1, 1, 1, 1, 1, 1, 1, 1, 1, 1, 1, 1, 1, 1, 1, 1, 1, 1, 1, 1, 1, 1, 1, 1, 1, 1, 1, 1, 1, 1, 1, 1, 1, 1]",1,300,1.0,,3.606816,"[1571.0, 1446.0, 1382.0, 1361.0, 1361.0, 1296.0, 1287.0, 1287.0, 1284.0, 1283.0, 1228.0, 1177.0, 1155.0, 1155.0, 1122.0, 1122.0, 1122.0, 1122.0, 1107.0, 1107.0, 1107.0, 1107.0, 1107.0, 1107.0, 1107.0, 1107.0, 1107.0, 1107.0, 1107.0, 1102.0, 1102.0, 1086.0, 1068.0, 1068.0, 1042.0, 1042.0, 1008.0, 1008.0, 1008.0, 1008.0, 1003.0, 1003.0, 1003.0, 1003.0, 1003.0, 1003.0, 1003.0, 1003.0, 1003.0, 1003.0, 1003.0, 1003.0, 1003.0, 1003.0, 1003.0, 1003.0, 1003.0, 1003.0, 1003.0, 1003.0, 1003.0, 1003.0, 1003.0, 1003.0, 1003.0, 1003.0, 1003.0, 1003.0, 1003.0, 1003.0, 1003.0, 1003.0, 1003.0, 1003.0, 1003.0, 1003.0, 1003.0, 1003.0, 1003.0, 1003.0, 1003.0, 1003.0, 1003.0, 1003.0, 1003.0, 1003.0, 1003.0, 1003.0, 1003.0, 1003.0, 1003.0, 1000.0, 1000.0, 1000.0, 1000.0, 1000.0, 1000.0, 1000.0, 1000.0, 1000.0, 1000.0, 1000.0, 1000.0, 1000.0, 1000.0, 1000.0, 1000.0, 1000.0, 1000.0, 1000.0, 1000.0, 1000.0, 1000.0, 1000.0, 1000.0, 1000.0, 1000.0, 1000.0, 1000.0, 1000.0, 1000.0, 1000.0, 1000.0, 1000.0, 1000.0, 1000.0, 1000.0, 1000.0, 1000.0, 1000.0, 1000.0, 1000.0, 1000.0, 983.0, 983.0, 983.0, 983.0, 983.0, 983.0, 983.0, 983.0, 983.0, 983.0, 983.0, 983.0, 983.0, 983.0, 983.0, 983.0, 983.0, 983.0, 983.0, 983.0, 983.0, 983.0, 983.0, 983.0, 983.0, 983.0, 983.0, 983.0, 983.0, 983.0, 983.0, 983.0, 978.0, 978.0, 978.0, 978.0, 978.0, 978.0, 978.0, 978.0, 978.0, 978.0, 978.0, 978.0, 978.0, 978.0, 978.0, 978.0, 978.0, 978.0, 978.0, 978.0, 978.0, 978.0, 978.0, 978.0, 978.0, 978.0, 978.0, 978.0, 978.0, 978.0, 978.0, 978.0, 978.0, 978.0, 978.0, 978.0, 978.0, 978.0, 978.0, 978.0, 978.0, 978.0, 978.0, 978.0, 978.0, 950.0, 950.0, 950.0, 950.0, 950.0, 950.0, 950.0, 950.0, 950.0, 950.0, 950.0, 950.0, 950.0, 950.0, 950.0, 950.0, 950.0, 950.0, 950.0, 950.0, 950.0, 950.0, 950.0, 950.0, 950.0, 950.0, 950.0, 950.0, 950.0, 950.0, 950.0, 950.0, 950.0, 950.0, 950.0, 950.0, 950.0, 950.0, 950.0, 950.0, 950.0, 950.0, 950.0, 950.0, 950.0, 950.0, 950.0, 950.0, 950.0, 950.0, 950.0, 950.0, 950.0, 950.0, 950.0, 950.0, 950.0, 950.0, 950.0, 950.0, 950.0, 950.0, 950.0, 948.0, 948.0, 948.0, 948.0, 948.0, 948.0, 948.0, 948.0, 948.0, 948.0, 948.0, 948.0, 948.0, 948.0, 948.0, 948.0, 948.0, 948.0, 948.0, 948.0, 948.0, 948.0, 948.0, 948.0, 948.0, 948.0, 948.0]",9,A-n32-k5.vrp,274,GEA,data/vrp/A-n32-k5.vrp
True,5 12 10 11 26 21 13 2 3 4 24 29 9 19 7 22 32 20 18 8 27 31 17 14 23 16 30 6 28 25 15,999.0,999.0,"[1, 1, 1, 1, 1, 1, 1, 1, 1, 1, 1, 1, 1, 1, 1, 1, 1, 1, 1, 1, 1, 1, 1, 1, 1, 1, 1, 1, 1, 1, 1, 1, 1, 1, 1, 1, 1, 1, 1, 1, 1, 1, 1, 1, 1, 1, 1, 1, 1, 1, 1, 1, 1, 1, 1, 1, 1, 1, 1, 1, 1, 1, 1, 1, 1, 1, 1, 1, 1, 1, 1, 1, 1, 1, 1, 1, 1, 1, 1, 1, 1, 1, 1, 1, 1, 1, 1, 1, 1, 1, 1, 1, 1, 1, 1, 1, 1, 1, 1, 1, 1, 1, 1, 1, 1, 1, 1, 1, 1, 1, 1, 1, 1, 1, 1, 1, 1, 1, 1, 1, 1, 1, 1, 1, 1, 1, 1, 1, 1, 1, 1, 1, 1, 1, 1, 1, 1, 1, 1, 1, 1, 1, 1, 1, 1, 1, 1, 1, 1, 1, 1, 1, 1, 1, 1, 1, 1, 1, 1, 1, 1, 1, 1, 1, 1, 1, 1, 1, 1, 1, 1, 1, 1, 1, 1, 1, 1, 1, 1, 1, 1, 1, 1, 1, 1, 1, 1, 1, 1, 1, 1, 1, 1, 1, 1, 1, 1, 1, 1, 1, 1, 1, 1, 1, 1, 1, 1, 1, 1, 1, 1, 1, 1, 1, 1, 1, 1, 1, 1, 1, 1, 1, 1, 1, 1, 1, 1, 1, 1, 1, 1, 1, 1, 1, 1, 1, 1, 1, 1, 1, 1, 1, 1, 1, 1, 1, 1, 1, 1, 1, 1, 1, 1, 1, 1, 1, 1, 1, 1, 1, 1, 1, 1, 1, 1, 1, 1, 1, 1, 1, 1, 1, 1, 1, 1, 1, 1, 1, 1, 1, 1, 1, 1, 1, 1, 1, 1, 1, 1, 1, 1, 1, 1, 1, 1, 1, 1, 1, 1, 1]",1,300,1.0,,3.497022,"[1541.0, 1459.0, 1401.0, 1401.0, 1383.0, 1350.0, 1341.0, 1297.0, 1284.0, 1266.0, 1137.0, 1137.0, 1096.0, 1096.0, 1096.0, 1096.0, 1096.0, 1096.0, 1096.0, 1096.0, 1096.0, 1096.0, 1063.0, 1063.0, 1063.0, 1063.0, 1063.0, 1063.0, 1063.0, 1063.0, 1063.0, 1063.0, 1063.0, 1063.0, 1063.0, 1063.0, 1063.0, 1063.0, 1063.0, 1063.0, 1063.0, 1063.0, 1063.0, 1063.0, 1063.0, 1063.0, 1063.0, 1056.0, 1056.0, 1056.0, 1056.0, 1056.0, 1056.0, 1056.0, 1049.0, 1049.0, 1049.0, 1039.0, 1039.0, 1039.0, 1039.0, 1039.0, 1039.0, 1039.0, 1036.0, 1036.0, 1036.0, 1035.0, 1035.0, 1035.0, 1035.0, 1035.0, 1035.0, 1035.0, 1035.0, 1035.0, 1031.0, 1031.0, 1031.0, 1031.0, 1031.0, 1031.0, 1031.0, 1031.0, 1031.0, 1031.0, 1031.0, 1031.0, 1031.0, 1031.0, 1031.0, 1031.0, 1031.0, 1031.0, 1031.0, 1031.0, 1031.0, 1031.0, 1027.0, 1027.0, 1027.0, 1027.0, 1027.0, 1027.0, 1027.0, 1027.0, 1020.0, 1020.0, 1020.0, 1020.0, 1020.0, 1020.0, 1020.0, 1020.0, 1020.0, 1020.0, 1020.0, 1020.0, 1020.0, 1020.0, 1020.0, 1020.0, 1020.0, 1020.0, 1020.0, 1020.0, 1020.0, 1020.0, 1020.0, 1020.0, 1020.0, 1020.0, 1020.0, 1020.0, 1020.0, 1020.0, 1020.0, 1020.0, 1020.0, 1020.0, 1020.0, 1020.0, 1020.0, 1020.0, 1020.0, 1020.0, 1020.0, 1020.0, 1020.0, 1020.0, 1020.0, 1020.0, 1020.0, 1020.0, 1020.0, 1020.0, 1020.0, 1020.0, 1020.0, 1020.0, 1020.0, 1020.0, 1020.0, 1020.0, 1020.0, 1020.0, 1020.0, 1020.0, 1020.0, 1020.0, 1020.0, 1020.0, 1020.0, 1020.0, 1020.0, 1020.0, 1020.0, 1020.0, 1020.0, 1020.0, 1020.0, 1020.0, 1020.0, 1020.0, 1020.0, 1010.0, 1010.0, 1010.0, 1010.0, 1010.0, 1010.0, 1010.0, 1010.0, 1010.0, 1010.0, 1010.0, 1010.0, 1010.0, 1010.0, 1010.0, 1010.0, 1010.0, 1010.0, 1008.0, 1008.0, 1008.0, 1008.0, 1008.0, 1008.0, 1008.0, 1008.0, 1008.0, 1008.0, 1008.0, 1008.0, 1008.0, 1008.0, 1008.0, 1008.0, 999.0, 999.0, 999.0, 999.0, 999.0, 999.0, 999.0, 999.0, 999.0, 999.0, 999.0, 999.0, 999.0, 999.0, 999.0, 999.0, 999.0, 999.0, 999.0, 999.0, 999.0, 999.0, 999.0, 999.0, 999.0, 999.0, 999.0, 999.0, 999.0, 999.0, 999.0, 999.0, 999.0, 999.0, 999.0, 999.0, 999.0, 999.0, 999.0, 999.0, 999.0, 999.0, 999.0, 999.0, 999.0, 999.0, 999.0, 999.0, 999.0, 999.0, 999.0, 999.0, 999.0, 999.0, 999.0, 999.0, 999.0, 999.0, 999.0, 999.0, 999.0, 999.0, 999.0, 999.0, 999.0, 999.0, 999.0, 999.0, 999.0, 999.0, 999.0, 999.0, 999.0, 999.0, 999.0, 999.0, 999.0, 999.0, 999.0, 999.0, 999.0]",10,A-n32-k5.vrp,220,GEA,data/vrp/A-n32-k5.vrp
True,15 19 9 10 23 16 11 26 6 21 13 2 8 25 28 27 14 18 20 32 22 17 30 12 5 29 24 3 4 7 31,802.0,802.0,"[1, 1, 1, 3, 3, 4, 4, 4, 4, 5, 5, 5, 5, 6, 6, 5, 5, 5, 5, 5, 5, 5, 5, 5, 6, 6, 6, 6, 4, 5, 4, 5, 5, 4, 3, 3, 4, 4, 2, 4, 4, 5, 5, 4, 4, 4, 3, 3, 3, 3, 4, 4, 4, 4, 3, 3, 3, 3, 3, 3, 4, 4, 4, 5, 5, 4, 4, 4, 4, 5, 4, 4, 4, 3, 4, 4, 4, 4, 4, 4, 4, 4, 4, 4, 4, 5, 5, 4, 4, 4, 4, 4, 4, 5, 4, 4, 3, 3, 3, 4, 4, 4, 4, 4, 4, 5, 5, 6, 4, 5, 4, 4, 5, 5, 5, 4, 5, 5, 4, 5, 4, 4, 4, 4, 4, 4, 4, 5, 4, 4, 5, 5, 4, 4, 5, 4, 5, 5, 4, 4, 4, 4, 4, 5, 5, 5, 4, 4, 5, 4, 4, 5, 4, 4, 5, 5, 5, 4, 4, 4, 5, 5, 5, 4, 4, 4, 3, 4, 2, 3, 4, 4, 4, 4, 4, 4, 4, 4, 5, 5, 5, 5, 4, 5, 5, 5, 4, 4, 4, 4, 4, 4, 4, 5, 4, 4, 5, 5, 5, 4, 5, 6, 6, 4, 4, 4, 4, 5, 5, 5, 5, 5, 5, 5, 5, 5, 5, 5, 5, 4, 5, 4, 5, 4, 5, 5, 4, 4, 4, 4, 5, 5, 5, 5, 5, 4, 4, 4, 4, 4, 4, 4, 4, 4, 5, 4, 4, 4, 4, 4, 4, 4, 4, 5, 5, 4, 5, 5, 5, 4, 4, 4, 5, 5, 4, 4, 4, 5, 4, 4, 4, 4, 4, 5, 4, 4, 4, 4, 4, 5, 4, 4, 5, 5, 4, 4, 4, 4, 4, 3, 4, 4, 4, 4, 4, 4, 4, 4, 4, 4]",6,300,4.2667,,68.683973,"[972.0, 938.0, 856.0, 856.0, 856.0, 856.0, 856.0, 856.0, 853.0, 830.0, 830.0, 830.0, 830.0, 830.0, 830.0, 830.0, 830.0, 830.0, 830.0, 830.0, 830.0, 830.0, 830.0, 830.0, 830.0, 830.0, 830.0, 830.0, 830.0, 830.0, 830.0, 830.0, 830.0, 830.0, 830.0, 830.0, 830.0, 830.0, 830.0, 830.0, 830.0, 830.0, 830.0, 830.0, 824.0, 824.0, 824.0, 824.0, 824.0, 824.0, 820.0, 814.0, 814.0, 814.0, 814.0, 814.0, 814.0, 814.0, 814.0, 814.0, 814.0, 814.0, 814.0, 814.0, 814.0, 814.0, 814.0, 814.0, 814.0, 814.0, 814.0, 814.0, 814.0, 814.0, 814.0, 814.0, 814.0, 814.0, 814.0, 814.0, 814.0, 814.0, 814.0, 814.0, 814.0, 814.0, 814.0, 814.0, 814.0, 814.0, 814.0, 814.0, 814.0, 814.0, 814.0, 814.0, 814.0, 814.0, 814.0, 814.0, 814.0, 814.0, 814.0, 814.0, 814.0, 814.0, 814.0, 814.0, 814.0, 814.0, 814.0, 814.0, 814.0, 814.0, 814.0, 814.0, 814.0, 814.0, 814.0, 814.0, 814.0, 814.0, 814.0, 814.0, 814.0, 814.0, 814.0, 814.0, 814.0, 814.0, 814.0, 814.0, 814.0, 814.0, 814.0, 814.0, 814.0, 814.0, 814.0, 814.0, 814.0, 814.0, 814.0, 814.0, 814.0, 814.0, 814.0, 814.0, 814.0, 814.0, 814.0, 814.0, 814.0, 806.0, 806.0, 806.0, 806.0, 806.0, 806.0, 806.0, 806.0, 806.0, 806.0, 806.0, 806.0, 806.0, 806.0, 806.0, 806.0, 806.0, 806.0, 806.0, 806.0, 806.0, 806.0, 806.0, 806.0, 806.0, 806.0, 806.0, 806.0, 806.0, 806.0, 806.0, 806.0, 806.0, 806.0, 806.0, 806.0, 806.0, 806.0, 806.0, 806.0, 806.0, 806.0, 806.0, 806.0, 806.0, 806.0, 806.0, 806.0, 806.0, 806.0, 806.0, 806.0, 806.0, 806.0, 806.0, 806.0, 806.0, 806.0, 806.0, 806.0, 806.0, 806.0, 806.0, 806.0, 806.0, 806.0, 806.0, 806.0, 806.0, 806.0, 806.0, 806.0, 806.0, 806.0, 806.0, 806.0, 806.0, 806.0, 806.0, 806.0, 806.0, 806.0, 806.0, 806.0, 806.0, 806.0, 806.0, 806.0, 806.0, 806.0, 806.0, 806.0, 806.0, 806.0, 806.0, 806.0, 806.0, 806.0, 806.0, 806.0, 806.0, 806.0, 806.0, 806.0, 806.0, 804.0, 804.0, 804.0, 804.0, 804.0, 804.0, 804.0, 804.0, 804.0, 804.0, 804.0, 804.0, 804.0, 804.0, 804.0, 804.0, 804.0, 804.0, 804.0, 804.0, 804.0, 802.0, 802.0, 802.0, 802.0, 802.0, 802.0, 802.0, 802.0, 802.0, 802.0, 802.0, 802.0, 802.0, 802.0, 802.0, 802.0, 802.0, 802.0, 802.0, 802.0, 802.0]",1,A-n32-k5.vrp,280,GSA,data/vrp/A-n32-k5.vrp
True,29 12 5 24 3 4 7 27 8 22 32 20 18 14 31 13 2 17 15 28 21 6 26 11 16 19 9 10 23 30 25,830.0,830.0,"[1, 1, 1, 1, 3, 4, 5, 5, 5, 5, 5, 5, 6, 6, 5, 6, 5, 5, 5, 5, 5, 5, 5, 5, 5, 5, 5, 5, 5, 5, 5, 5, 5, 5, 6, 6, 5, 5, 5, 5, 6, 6, 4, 4, 4, 5, 4, 4, 4, 4, 4, 4, 4, 4, 4, 5, 5, 5, 5, 5, 4, 5, 5, 4, 5, 5, 5, 4, 5, 5, 4, 4, 5, 5, 5, 5, 5, 6, 5, 5, 6, 5, 6, 6, 6, 6, 5, 5, 6, 6, 5, 5, 6, 5, 4, 4, 4, 4, 4, 4, 4, 5, 5, 5, 5, 5, 6, 6, 5, 5, 5, 6, 5, 5, 4, 4, 5, 5, 5, 6, 5, 5, 5, 6, 5, 5, 5, 4, 5, 5, 5, 5, 5, 5, 6, 4, 4, 4, 4, 5, 6, 4, 4, 4, 4, 4, 4, 4, 4, 4, 5, 4, 4, 4, 4, 4, 4, 4, 4, 4, 4, 4, 4, 5, 5, 5, 4, 4, 4, 4, 5, 5, 4, 5, 5, 4, 5, 6, 4, 5, 6, 5, 5, 5, 4, 4, 5, 5, 6, 5, 5, 6, 6, 6, 6, 5, 5, 6, 6, 6, 5, 4, 5, 5, 4, 5, 6, 5, 6, 6, 5, 5, 4, 4, 4, 4, 5, 5, 5, 5, 4, 4, 5, 5, 5, 6, 5, 4, 5, 5, 4, 5, 5, 5, 6, 6, 5, 5, 5, 5, 6, 6, 6, 5, 6, 6, 5, 6, 6, 5, 5, 6, 5, 5, 5, 4, 4, 5, 5, 5, 4, 4, 5, 5, 5, 4, 5, 5, 5, 5, 4, 5, 5, 5, 5, 5, 5, 5, 6, 4, 5, 5, 5, 5, 5, 6, 6, 6, 6, 6, 6, 7, 5, 4, 5, 5, 5, 5, 5, 5]",7,300,4.86,,68.428816,"[1173.0, 968.0, 968.0, 932.0, 924.0, 924.0, 924.0, 924.0, 924.0, 924.0, 924.0, 924.0, 878.0, 878.0, 878.0, 878.0, 878.0, 878.0, 878.0, 878.0, 878.0, 878.0, 878.0, 851.0, 851.0, 851.0, 851.0, 851.0, 851.0, 851.0, 851.0, 851.0, 851.0, 851.0, 851.0, 851.0, 851.0, 851.0, 851.0, 851.0, 851.0, 851.0, 851.0, 851.0, 851.0, 851.0, 851.0, 851.0, 851.0, 851.0, 851.0, 851.0, 851.0, 851.0, 851.0, 851.0, 851.0, 851.0, 851.0, 851.0, 851.0, 851.0, 851.0, 851.0, 851.0, 851.0, 851.0, 851.0, 851.0, 830.0, 830.0, 830.0, 830.0, 830.0, 830.0, 830.0, 830.0, 830.0, 830.0, 830.0, 830.0, 830.0, 830.0, 830.0, 830.0, 830.0, 830.0, 830.0, 830.0, 830.0, 830.0, 830.0, 830.0, 830.0, 830.0, 830.0, 830.0, 830.0, 830.0, 830.0, 830.0, 830.0, 830.0, 830.0, 830.0, 830.0, 830.0, 830.0, 830.0, 830.0, 830.0, 830.0, 830.0, 830.0, 830.0, 830.0, 830.0, 830.0, 830.0, 830.0, 830.0, 830.0, 830.0, 830.0, 830.0, 830.0, 830.0, 830.0, 830.0, 830.0, 830.0, 830.0, 830.0, 830.0, 830.0, 830.0, 830.0, 830.0, 830.0, 830.0, 830.0, 830.0, 830.0, 830.0, 830.0, 830.0, 830.0, 830.0, 830.0, 830.0, 830.0, 830.0, 830.0, 830.0, 830.0, 830.0, 830.0, 830.0, 830.0, 830.0, 830.0, 830.0, 830.0, 830.0, 830.0, 830.0, 830.0, 830.0, 830.0, 830.0, 830.0, 830.0, 830.0, 830.0, 830.0, 830.0, 830.0, 830.0, 830.0, 830.0, 830.0, 830.0, 830.0, 830.0, 830.0, 830.0, 830.0, 830.0, 830.0, 830.0, 830.0, 830.0, 830.0, 830.0, 830.0, 830.0, 830.0, 830.0, 830.0, 830.0, 830.0, 830.0, 830.0, 830.0, 830.0, 830.0, 830.0, 830.0, 830.0, 830.0, 830.0, 830.0, 830.0, 830.0, 830.0, 830.0, 830.0, 830.0, 830.0, 830.0, 830.0, 830.0, 830.0, 830.0, 830.0, 830.0, 830.0, 830.0, 830.0, 830.0, 830.0, 830.0, 830.0, 830.0, 830.0, 830.0, 830.0, 830.0, 830.0, 830.0, 830.0, 830.0, 830.0, 830.0, 830.0, 830.0, 830.0, 830.0, 830.0, 830.0, 830.0, 830.0, 830.0, 830.0, 830.0, 830.0, 830.0, 830.0, 830.0, 830.0, 830.0, 830.0, 830.0, 830.0, 830.0, 830.0, 830.0, 830.0, 830.0, 830.0, 830.0, 830.0, 830.0, 830.0, 830.0, 830.0, 830.0, 830.0, 830.0, 830.0, 830.0, 830.0, 830.0, 830.0, 830.0, 830.0, 830.0, 830.0, 830.0, 830.0, 830.0, 830.0, 830.0, 830.0, 830.0, 830.0, 830.0, 830.0, 830.0, 830.0]",2,A-n32-k5.vrp,70,GSA,data/vrp/A-n32-k5.vrp
True,7 24 29 5 12 9 19 10 23 15 31 13 2 14 3 4 17 22 32 20 18 8 27 21 6 26 11 16 30 28 25,833.0,833.0,"[1, 1, 1, 3, 3, 3, 3, 4, 5, 4, 5, 5, 4, 5, 5, 5, 4, 5, 4, 4, 4, 4, 4, 5, 5, 5, 6, 6, 4, 5, 5, 5, 3, 4, 4, 4, 5, 5, 5, 4, 5, 5, 4, 4, 5, 3, 3, 4, 4, 4, 4, 5, 5, 5, 4, 4, 4, 4, 5, 5, 5, 4, 4, 5, 5, 5, 5, 4, 5, 4, 4, 5, 4, 4, 5, 5, 5, 5, 5, 5, 5, 6, 6, 5, 5, 5, 5, 6, 5, 5, 5, 5, 5, 5, 5, 5, 5, 5, 5, 5, 6, 6, 6, 5, 5, 5, 5, 5, 5, 5, 4, 4, 4, 5, 4, 5, 4, 4, 5, 5, 5, 5, 4, 4, 4, 4, 4, 4, 4, 5, 4, 4, 5, 5, 5, 5, 4, 4, 4, 4, 6, 5, 4, 4, 4, 4, 5, 4, 4, 4, 5, 5, 5, 5, 5, 5, 4, 3, 3, 4, 4, 4, 3, 4, 4, 5, 5, 4, 5, 5, 4, 4, 4, 5, 5, 5, 5, 6, 5, 5, 5, 4, 4, 6, 5, 6, 5, 3, 3, 4, 4, 4, 4, 5, 5, 6, 5, 5, 5, 4, 3, 3, 4, 4, 3, 3, 3, 3, 3, 4, 5, 5, 5, 5, 5, 4, 3, 4, 3, 3, 4, 4, 4, 3, 3, 4, 5, 6, 6, 5, 4, 4, 5, 5, 4, 4, 4, 4, 4, 4, 4, 4, 4, 4, 4, 4, 4, 4, 4, 4, 5, 5, 5, 4, 4, 4, 4, 4, 4, 5, 4, 4, 5, 5, 5, 5, 5, 6, 5, 4, 5, 4, 4, 3, 4, 5, 5, 4, 4, 4, 4, 5, 6, 6, 6, 6, 6, 5, 5, 4, 4, 4, 5, 5, 5, 4, 4, 4, 4, 4]",6,300,4.4467,,72.336906,"[1102.0, 954.0, 873.0, 873.0, 873.0, 873.0, 873.0, 873.0, 873.0, 873.0, 859.0, 859.0, 859.0, 859.0, 859.0, 859.0, 859.0, 855.0, 836.0, 836.0, 836.0, 836.0, 836.0, 836.0, 836.0, 836.0, 836.0, 836.0, 836.0, 836.0, 836.0, 836.0, 836.0, 836.0, 836.0, 836.0, 836.0, 836.0, 836.0, 836.0, 836.0, 836.0, 836.0, 836.0, 836.0, 836.0, 836.0, 836.0, 836.0, 836.0, 836.0, 836.0, 836.0, 836.0, 836.0, 836.0, 836.0, 836.0, 836.0, 836.0, 836.0, 836.0, 836.0, 836.0, 836.0, 836.0, 836.0, 836.0, 836.0, 836.0, 836.0, 836.0, 836.0, 836.0, 836.0, 836.0, 836.0, 836.0, 836.0, 836.0, 836.0, 836.0, 836.0, 836.0, 836.0, 836.0, 836.0, 836.0, 836.0, 836.0, 836.0, 836.0, 836.0, 836.0, 836.0, 836.0, 836.0, 836.0, 836.0, 836.0, 836.0, 836.0, 836.0, 836.0, 836.0, 836.0, 836.0, 836.0, 836.0, 836.0, 836.0, 836.0, 836.0, 836.0, 836.0, 836.0, 836.0, 836.0, 836.0, 836.0, 836.0, 836.0, 836.0, 836.0, 836.0, 836.0, 836.0, 836.0, 836.0, 836.0, 836.0, 836.0, 836.0, 836.0, 836.0, 836.0, 836.0, 836.0, 836.0, 836.0, 836.0, 836.0, 836.0, 836.0, 836.0, 836.0, 836.0, 836.0, 836.0, 836.0, 836.0, 836.0, 836.0, 836.0, 836.0, 836.0, 836.0, 836.0, 836.0, 836.0, 836.0, 836.0, 836.0, 836.0, 836.0, 836.0, 836.0, 836.0, 836.0, 836.0, 836.0, 836.0, 836.0, 836.0, 836.0, 836.0, 836.0, 836.0, 836.0, 836.0, 836.0, 836.0, 836.0, 836.0, 836.0, 836.0, 836.0, 836.0, 836.0, 836.0, 836.0, 836.0, 836.0, 836.0, 836.0, 835.0, 833.0, 833.0, 833.0, 833.0, 833.0, 833.0, 833.0, 833.0, 833.0, 833.0, 833.0, 833.0, 833.0, 833.0, 833.0, 833.0, 833.0, 833.0, 833.0, 833.0, 833.0, 833.0, 833.0, 833.0, 833.0, 833.0, 833.0, 833.0, 833.0, 833.0, 833.0, 833.0, 833.0, 833.0, 833.0, 833.0, 833.0, 833.0, 833.0, 833.0, 833.0, 833.0, 833.0, 833.0, 833.0, 833.0, 833.0, 833.0, 833.0, 833.0, 833.0, 833.0, 833.0, 833.0, 833.0, 833.0, 833.0, 833.0, 833.0, 833.0, 833.0, 833.0, 833.0, 833.0, 833.0, 833.0, 833.0, 833.0, 833.0, 833.0, 833.0, 833.0, 833.0, 833.0, 833.0, 833.0, 833.0, 833.0, 833.0, 833.0, 833.0, 833.0, 833.0, 833.0, 833.0, 833.0, 833.0, 833.0, 833.0, 833.0, 833.0, 833.0, 833.0, 833.0, 833.0, 833.0, 833.0, 833.0, 833.0, 833.0, 833.0, 833.0, 833.0, 833.0]",3,A-n32-k5.vrp,197,GSA,data/vrp/A-n32-k5.vrp
True,21 6 26 11 16 30 28 7 24 29 5 12 9 10 23 19 15 13 2 14 8 17 22 32 20 18 3 4 27 31 25,827.0,827.0,"[1, 1, 1, 3, 3, 3, 3, 4, 4, 4, 4, 4, 4, 5, 6, 6, 6, 5, 6, 5, 6, 4, 5, 4, 4, 4, 4, 4, 4, 4, 4, 4, 4, 5, 5, 5, 5, 6, 5, 5, 5, 5, 5, 5, 5, 5, 5, 4, 4, 4, 5, 5, 3, 4, 3, 3, 3, 3, 5, 3, 4, 4, 4, 4, 4, 4, 4, 5, 5, 5, 5, 5, 5, 5, 5, 5, 4, 5, 4, 4, 5, 5, 4, 5, 5, 5, 5, 5, 6, 5, 4, 4, 4, 5, 5, 5, 5, 4, 4, 4, 4, 5, 5, 5, 3, 4, 5, 4, 4, 4, 4, 5, 4, 4, 4, 4, 5, 5, 5, 5, 6, 5, 4, 4, 4, 4, 4, 5, 5, 5, 5, 5, 5, 4, 5, 3, 4, 4, 4, 3, 4, 4, 4, 4, 5, 5, 5, 5, 6, 6, 6, 6, 6, 5, 5, 4, 4, 5, 5, 5, 5, 5, 5, 5, 6, 5, 4, 3, 5, 5, 5, 5, 5, 5, 4, 5, 4, 4, 4, 4, 4, 4, 5, 5, 5, 5, 5, 5, 5, 5, 5, 5, 5, 5, 5, 5, 5, 6, 6, 5, 5, 5, 5, 5, 5, 5, 5, 6, 6, 4, 4, 4, 4, 5, 5, 5, 4, 4, 4, 5, 5, 5, 4, 6, 4, 4, 5, 5, 5, 5, 5, 5, 6, 5, 4, 4, 4, 5, 5, 6, 4, 5, 6, 4, 5, 5, 5, 4, 3, 3, 3, 4, 4, 4, 5, 4, 4, 5, 4, 4, 5, 4, 4, 5, 5, 5, 5, 5, 5, 5, 5, 4, 5, 4, 5, 4, 4, 4, 4, 4, 5, 5, 5, 5, 6, 5, 5, 5, 5, 6, 6, 5, 5, 5, 5, 4, 4, 4, 4, 4]",6,300,4.57,,75.87906,"[1048.0, 1003.0, 943.0, 942.0, 942.0, 937.0, 914.0, 914.0, 914.0, 914.0, 914.0, 913.0, 913.0, 913.0, 913.0, 865.0, 865.0, 865.0, 865.0, 865.0, 865.0, 865.0, 860.0, 860.0, 860.0, 860.0, 848.0, 848.0, 848.0, 848.0, 848.0, 848.0, 848.0, 848.0, 848.0, 848.0, 848.0, 848.0, 848.0, 848.0, 848.0, 848.0, 848.0, 848.0, 848.0, 848.0, 848.0, 848.0, 848.0, 848.0, 848.0, 848.0, 848.0, 848.0, 848.0, 848.0, 848.0, 848.0, 848.0, 848.0, 848.0, 848.0, 848.0, 848.0, 848.0, 848.0, 848.0, 848.0, 848.0, 848.0, 848.0, 848.0, 848.0, 848.0, 848.0, 848.0, 848.0, 848.0, 848.0, 848.0, 848.0, 848.0, 848.0, 848.0, 848.0, 848.0, 848.0, 848.0, 848.0, 848.0, 848.0, 848.0, 848.0, 848.0, 848.0, 848.0, 848.0, 848.0, 848.0, 848.0, 848.0, 848.0, 848.0, 848.0, 834.0, 834.0, 834.0, 834.0, 834.0, 834.0, 834.0, 834.0, 834.0, 834.0, 834.0, 834.0, 834.0, 834.0, 834.0, 834.0, 834.0, 834.0, 834.0, 834.0, 834.0, 834.0, 834.0, 834.0, 834.0, 834.0, 834.0, 834.0, 834.0, 834.0, 834.0, 834.0, 834.0, 834.0, 834.0, 834.0, 834.0, 834.0, 834.0, 834.0, 834.0, 834.0, 834.0, 834.0, 834.0, 834.0, 834.0, 834.0, 834.0, 834.0, 834.0, 834.0, 834.0, 834.0, 834.0, 834.0, 834.0, 834.0, 834.0, 834.0, 834.0, 834.0, 834.0, 834.0, 834.0, 834.0, 834.0, 834.0, 834.0, 834.0, 834.0, 834.0, 834.0, 834.0, 834.0, 834.0, 834.0, 834.0, 834.0, 834.0, 834.0, 834.0, 834.0, 834.0, 834.0, 834.0, 834.0, 834.0, 834.0, 834.0, 834.0, 834.0, 834.0, 834.0, 834.0, 834.0, 834.0, 834.0, 834.0, 834.0, 834.0, 834.0, 834.0, 834.0, 834.0, 834.0, 834.0, 834.0, 834.0, 834.0, 834.0, 834.0, 834.0, 834.0, 834.0, 834.0, 834.0, 834.0, 834.0, 834.0, 834.0, 834.0, 834.0, 834.0, 834.0, 834.0, 834.0, 834.0, 834.0, 834.0, 834.0, 834.0, 834.0, 834.0, 834.0, 834.0, 834.0, 834.0, 834.0, 834.0, 834.0, 834.0, 834.0, 827.0, 827.0, 827.0, 827.0, 827.0, 827.0, 827.0, 827.0, 827.0, 827.0, 827.0, 827.0, 827.0, 827.0, 827.0, 827.0, 827.0, 827.0, 827.0, 827.0, 827.0, 827.0, 827.0, 827.0, 827.0, 827.0, 827.0, 827.0, 827.0, 827.0, 827.0, 827.0, 827.0, 827.0, 827.0, 827.0, 827.0, 827.0, 827.0, 827.0, 827.0, 827.0, 827.0, 827.0, 827.0, 827.0, 827.0, 827.0, 827.0, 827.0, 827.0, 827.0, 827.0]",4,A-n32-k5.vrp,248,GSA,data/vrp/A-n32-k5.vrp
True,23 10 19 9 12 5 29 7 27 13 14 3 4 24 15 25 21 6 26 11 16 30 28 8 18 20 32 22 2 31 17,837.0,837.0,"[1, 1, 3, 5, 5, 4, 4, 5, 5, 5, 5, 5, 5, 5, 4, 4, 4, 4, 4, 5, 4, 4, 4, 4, 4, 5, 5, 5, 5, 5, 5, 5, 5, 5, 5, 6, 5, 5, 5, 5, 5, 5, 4, 4, 5, 5, 5, 5, 5, 5, 4, 5, 5, 6, 6, 5, 5, 6, 5, 5, 6, 6, 5, 4, 4, 4, 3, 3, 4, 4, 5, 5, 4, 5, 6, 5, 5, 5, 5, 5, 5, 5, 5, 5, 5, 5, 5, 5, 5, 5, 5, 5, 5, 5, 5, 5, 5, 5, 5, 6, 6, 6, 5, 5, 6, 6, 5, 5, 5, 5, 4, 4, 4, 4, 5, 5, 5, 4, 4, 4, 4, 4, 4, 4, 4, 4, 4, 4, 4, 4, 4, 4, 4, 4, 3, 4, 4, 4, 4, 4, 5, 5, 5, 5, 5, 5, 5, 4, 4, 4, 5, 5, 4, 4, 4, 4, 4, 4, 5, 4, 4, 5, 4, 5, 6, 4, 4, 4, 4, 4, 4, 4, 4, 4, 4, 4, 4, 4, 4, 4, 4, 4, 4, 4, 4, 4, 4, 5, 5, 4, 4, 4, 4, 4, 5, 5, 4, 4, 5, 4, 4, 4, 4, 4, 4, 4, 4, 4, 4, 4, 4, 4, 4, 5, 5, 4, 4, 4, 4, 4, 4, 4, 4, 4, 4, 4, 5, 5, 5, 6, 6, 5, 5, 5, 5, 6, 6, 5, 4, 4, 5, 5, 5, 5, 5, 5, 6, 5, 6, 6, 6, 6, 5, 5, 5, 5, 5, 5, 5, 5, 6, 6, 6, 6, 6, 6, 5, 5, 5, 5, 5, 5, 5, 6, 5, 5, 6, 6, 6, 5, 3, 3, 4, 4, 4, 4, 4, 4, 4, 4, 4, 5, 4, 4, 5, 5, 5, 5, 5, 4]",6,300,4.6167,,67.675592,"[961.0, 953.0, 920.0, 920.0, 897.0, 886.0, 886.0, 886.0, 886.0, 886.0, 886.0, 886.0, 880.0, 874.0, 874.0, 874.0, 874.0, 837.0, 837.0, 837.0, 837.0, 837.0, 837.0, 837.0, 837.0, 837.0, 837.0, 837.0, 837.0, 837.0, 837.0, 837.0, 837.0, 837.0, 837.0, 837.0, 837.0, 837.0, 837.0, 837.0, 837.0, 837.0, 837.0, 837.0, 837.0, 837.0, 837.0, 837.0, 837.0, 837.0, 837.0, 837.0, 837.0, 837.0, 837.0, 837.0, 837.0, 837.0, 837.0, 837.0, 837.0, 837.0, 837.0, 837.0, 837.0, 837.0, 837.0, 837.0, 837.0, 837.0, 837.0, 837.0, 837.0, 837.0, 837.0, 837.0, 837.0, 837.0, 837.0, 837.0, 837.0, 837.0, 837.0, 837.0, 837.0, 837.0, 837.0, 837.0, 837.0, 837.0, 837.0, 837.0, 837.0, 837.0, 837.0, 837.0, 837.0, 837.0, 837.0, 837.0, 837.0, 837.0, 837.0, 837.0, 837.0, 837.0, 837.0, 837.0, 837.0, 837.0, 837.0, 837.0, 837.0, 837.0, 837.0, 837.0, 837.0, 837.0, 837.0, 837.0, 837.0, 837.0, 837.0, 837.0, 837.0, 837.0, 837.0, 837.0, 837.0, 837.0, 837.0, 837.0, 837.0, 837.0, 837.0, 837.0, 837.0, 837.0, 837.0, 837.0, 837.0, 837.0, 837.0, 837.0, 837.0, 837.0, 837.0, 837.0, 837.0, 837.0, 837.0, 837.0, 837.0, 837.0, 837.0, 837.0, 837.0, 837.0, 837.0, 837.0, 837.0, 837.0, 837.0, 837.0, 837.0, 837.0, 837.0, 837.0, 837.0, 837.0, 837.0, 837.0, 837.0, 837.0, 837.0, 837.0, 837.0, 837.0, 837.0, 837.0, 837.0, 837.0, 837.0, 837.0, 837.0, 837.0, 837.0, 837.0, 837.0, 837.0, 837.0, 837.0, 837.0, 837.0, 837.0, 837.0, 837.0, 837.0, 837.0, 837.0, 837.0, 837.0, 837.0, 837.0, 837.0, 837.0, 837.0, 837.0, 837.0, 837.0, 837.0, 837.0, 837.0, 837.0, 837.0, 837.0, 837.0, 837.0, 837.0, 837.0, 837.0, 837.0, 837.0, 837.0, 837.0, 837.0, 837.0, 837.0, 837.0, 837.0, 837.0, 837.0, 837.0, 837.0, 837.0, 837.0, 837.0, 837.0, 837.0, 837.0, 837.0, 837.0, 837.0, 837.0, 837.0, 837.0, 837.0, 837.0, 837.0, 837.0, 837.0, 837.0, 837.0, 837.0, 837.0, 837.0, 837.0, 837.0, 837.0, 837.0, 837.0, 837.0, 837.0, 837.0, 837.0, 837.0, 837.0, 837.0, 837.0, 837.0, 837.0, 837.0, 837.0, 837.0, 837.0, 837.0, 837.0, 837.0, 837.0, 837.0, 837.0, 837.0, 837.0, 837.0, 837.0, 837.0, 837.0, 837.0, 837.0, 837.0, 837.0, 837.0, 837.0, 837.0, 837.0, 837.0, 837.0, 837.0, 837.0, 837.0]",5,A-n32-k5.vrp,18,GSA,data/vrp/A-n32-k5.vrp
True,30 19 9 10 23 16 11 26 6 21 12 5 29 24 3 4 7 27 13 2 8 17 31 14 18 20 32 22 15 25 28,823.0,823.0,"[1, 1, 3, 4, 5, 5, 6, 6, 6, 6, 6, 4, 5, 5, 4, 4, 4, 4, 4, 4, 5, 5, 5, 5, 5, 6, 6, 6, 5, 5, 5, 5, 5, 5, 6, 5, 6, 6, 6, 5, 5, 5, 5, 6, 4, 5, 6, 6, 6, 4, 5, 5, 5, 5, 5, 4, 4, 4, 4, 4, 4, 5, 5, 5, 6, 5, 5, 5, 5, 5, 5, 5, 5, 6, 7, 4, 4, 5, 4, 4, 4, 4, 5, 5, 5, 5, 5, 5, 5, 5, 5, 4, 5, 5, 4, 5, 6, 4, 5, 5, 5, 5, 4, 4, 5, 5, 4, 5, 5, 6, 3, 3, 3, 4, 4, 5, 5, 5, 5, 5, 4, 4, 4, 4, 4, 4, 4, 4, 4, 4, 4, 4, 5, 5, 3, 3, 3, 5, 4, 4, 4, 4, 4, 4, 4, 3, 4, 3, 3, 3, 3, 3, 3, 5, 4, 4, 4, 4, 4, 4, 5, 5, 5, 4, 4, 4, 4, 5, 4, 6, 4, 4, 4, 5, 5, 5, 5, 5, 5, 5, 5, 4, 4, 5, 3, 4, 4, 5, 4, 5, 5, 5, 5, 5, 5, 3, 5, 5, 5, 5, 5, 5, 7, 4, 4, 4, 4, 5, 5, 4, 5, 4, 3, 5, 6, 6, 6, 6, 6, 6, 6, 5, 5, 5, 5, 5, 5, 6, 6, 6, 5, 5, 6, 6, 4, 4, 5, 5, 5, 5, 5, 5, 5, 5, 5, 5, 5, 4, 4, 4, 4, 5, 5, 5, 5, 5, 6, 5, 5, 5, 6, 6, 6, 6, 6, 6, 6, 4, 4, 5, 6, 5, 6, 6, 5, 5, 5, 5, 6, 6, 5, 4, 4, 4, 4, 4, 5, 5, 4, 4, 4, 4, 4, 4, 5, 4, 5, 6, 5, 5]",7,300,4.7133,,75.078692,"[1056.0, 985.0, 945.0, 902.0, 878.0, 878.0, 878.0, 878.0, 878.0, 878.0, 846.0, 846.0, 846.0, 846.0, 846.0, 846.0, 846.0, 846.0, 846.0, 846.0, 846.0, 846.0, 846.0, 846.0, 846.0, 829.0, 829.0, 829.0, 829.0, 829.0, 829.0, 829.0, 829.0, 829.0, 829.0, 829.0, 829.0, 829.0, 829.0, 829.0, 829.0, 829.0, 829.0, 829.0, 829.0, 829.0, 829.0, 829.0, 829.0, 829.0, 829.0, 829.0, 829.0, 829.0, 829.0, 829.0, 829.0, 829.0, 829.0, 829.0, 829.0, 829.0, 829.0, 829.0, 829.0, 829.0, 829.0, 829.0, 829.0, 829.0, 829.0, 829.0, 829.0, 829.0, 829.0, 829.0, 829.0, 829.0, 829.0, 829.0, 829.0, 829.0, 829.0, 829.0, 829.0, 829.0, 829.0, 829.0, 829.0, 829.0, 829.0, 829.0, 829.0, 829.0, 829.0, 829.0, 829.0, 829.0, 829.0, 829.0, 829.0, 829.0, 829.0, 829.0, 829.0, 829.0, 829.0, 829.0, 829.0, 829.0, 829.0, 829.0, 829.0, 829.0, 829.0, 829.0, 829.0, 823.0, 823.0, 823.0, 823.0, 823.0, 823.0, 823.0, 823.0, 823.0, 823.0, 823.0, 823.0, 823.0, 823.0, 823.0, 823.0, 823.0, 823.0, 823.0, 823.0, 823.0, 823.0, 823.0, 823.0, 823.0, 823.0, 823.0, 823.0, 823.0, 823.0, 823.0, 823.0, 823.0, 823.0, 823.0, 823.0, 823.0, 823.0, 823.0, 823.0, 823.0, 823.0, 823.0, 823.0, 823.0, 823.0, 823.0, 823.0, 823.0, 823.0, 823.0, 823.0, 823.0, 823.0, 823.0, 823.0, 823.0, 823.0, 823.0, 823.0, 823.0, 823.0, 823.0, 823.0, 823.0, 823.0, 823.0, 823.0, 823.0, 823.0, 823.0, 823.0, 823.0, 823.0, 823.0, 823.0, 823.0, 823.0, 823.0, 823.0, 823.0, 823.0, 823.0, 823.0, 823.0, 823.0, 823.0, 823.0, 823.0, 823.0, 823.0, 823.0, 823.0, 823.0, 823.0, 823.0, 823.0, 823.0, 823.0, 823.0, 823.0, 823.0, 823.0, 823.0, 823.0, 823.0, 823.0, 823.0, 823.0, 823.0, 823.0, 823.0, 823.0, 823.0, 823.0, 823.0, 823.0, 823.0, 823.0, 823.0, 823.0, 823.0, 823.0, 823.0, 823.0, 823.0, 823.0, 823.0, 823.0, 823.0, 823.0, 823.0, 823.0, 823.0, 823.0, 823.0, 823.0, 823.0, 823.0, 823.0, 823.0, 823.0, 823.0, 823.0, 823.0, 823.0, 823.0, 823.0, 823.0, 823.0, 823.0, 823.0, 823.0, 823.0, 823.0, 823.0, 823.0, 823.0, 823.0, 823.0, 823.0, 823.0, 823.0, 823.0, 823.0, 823.0, 823.0, 823.0, 823.0, 823.0, 823.0, 823.0, 823.0, 823.0, 823.0, 823.0, 823.0, 823.0, 823.0, 823.0, 823.0, 823.0, 823.0]",6,A-n32-k5.vrp,118,GSA,data/vrp/A-n32-k5.vrp
True,31 17 8 3 4 24 7 27 28 23 10 12 5 29 9 19 15 21 6 26 11 16 30 25 14 18 20 32 22 2 13,828.0,828.0,"[1, 1, 3, 4, 4, 5, 5, 5, 4, 5, 6, 5, 4, 4, 4, 4, 4, 4, 5, 5, 4, 4, 5, 5, 5, 4, 4, 5, 4, 5, 5, 6, 6, 6, 5, 4, 5, 5, 5, 5, 5, 4, 4, 4, 4, 4, 4, 4, 4, 4, 4, 4, 4, 4, 4, 4, 4, 4, 4, 4, 4, 4, 4, 4, 4, 4, 4, 3, 3, 4, 4, 4, 4, 4, 4, 3, 3, 3, 3, 3, 3, 3, 3, 4, 3, 4, 4, 5, 5, 3, 3, 3, 3, 4, 4, 4, 5, 4, 4, 3, 4, 4, 4, 3, 4, 4, 4, 4, 4, 5, 5, 6, 5, 4, 4, 4, 5, 5, 4, 4, 5, 5, 4, 4, 3, 3, 4, 4, 4, 4, 5, 4, 4, 4, 3, 4, 4, 5, 5, 5, 6, 5, 5, 5, 5, 6, 5, 5, 6, 5, 5, 5, 5, 5, 5, 5, 5, 5, 4, 5, 5, 5, 5, 5, 5, 6, 6, 5, 5, 5, 5, 5, 5, 6, 6, 6, 6, 6, 6, 6, 5, 6, 6, 6, 6, 6, 6, 5, 5, 4, 5, 5, 4, 5, 4, 4, 4, 4, 4, 5, 5, 5, 5, 5, 5, 5, 4, 4, 4, 4, 5, 4, 4, 4, 4, 3, 4, 5, 5, 5, 5, 5, 5, 5, 5, 5, 5, 5, 5, 5, 4, 6, 5, 5, 5, 5, 5, 5, 5, 5, 4, 4, 4, 4, 5, 5, 5, 6, 6, 6, 5, 5, 5, 6, 6, 6, 4, 4, 5, 5, 6, 4, 3, 4, 4, 5, 5, 5, 4, 4, 5, 5, 5, 5, 5, 5, 5, 6, 6, 6, 7, 6, 5, 4, 4, 5, 5, 5, 5, 6, 6, 5, 5, 6, 4, 4, 4, 4, 5, 6]",7,300,4.5767,,74.006804,"[1088.0, 994.0, 952.0, 917.0, 917.0, 913.0, 913.0, 913.0, 913.0, 897.0, 897.0, 897.0, 897.0, 897.0, 897.0, 897.0, 897.0, 897.0, 897.0, 869.0, 869.0, 869.0, 869.0, 869.0, 869.0, 869.0, 869.0, 869.0, 869.0, 869.0, 869.0, 869.0, 869.0, 869.0, 869.0, 869.0, 869.0, 869.0, 869.0, 867.0, 867.0, 867.0, 867.0, 867.0, 843.0, 843.0, 843.0, 843.0, 843.0, 843.0, 843.0, 843.0, 843.0, 843.0, 843.0, 843.0, 843.0, 843.0, 843.0, 843.0, 843.0, 843.0, 843.0, 843.0, 837.0, 837.0, 837.0, 837.0, 837.0, 837.0, 837.0, 837.0, 837.0, 837.0, 837.0, 837.0, 837.0, 837.0, 837.0, 837.0, 837.0, 835.0, 835.0, 835.0, 835.0, 835.0, 835.0, 835.0, 835.0, 835.0, 835.0, 835.0, 835.0, 835.0, 835.0, 835.0, 833.0, 833.0, 833.0, 833.0, 833.0, 833.0, 833.0, 833.0, 833.0, 833.0, 833.0, 833.0, 833.0, 833.0, 833.0, 833.0, 833.0, 833.0, 833.0, 833.0, 833.0, 833.0, 829.0, 829.0, 829.0, 829.0, 829.0, 829.0, 829.0, 829.0, 829.0, 829.0, 829.0, 829.0, 829.0, 829.0, 829.0, 829.0, 829.0, 829.0, 829.0, 829.0, 829.0, 829.0, 829.0, 829.0, 829.0, 829.0, 829.0, 829.0, 829.0, 829.0, 829.0, 829.0, 829.0, 829.0, 829.0, 829.0, 829.0, 829.0, 829.0, 829.0, 829.0, 829.0, 829.0, 829.0, 829.0, 829.0, 829.0, 829.0, 829.0, 829.0, 829.0, 829.0, 829.0, 829.0, 829.0, 829.0, 829.0, 829.0, 829.0, 829.0, 829.0, 829.0, 829.0, 829.0, 829.0, 829.0, 829.0, 829.0, 829.0, 829.0, 829.0, 829.0, 829.0, 829.0, 828.0, 828.0, 828.0, 828.0, 828.0, 828.0, 828.0, 828.0, 828.0, 828.0, 828.0, 828.0, 828.0, 828.0, 828.0, 828.0, 828.0, 828.0, 828.0, 828.0, 828.0, 828.0, 828.0, 828.0, 828.0, 828.0, 828.0, 828.0, 828.0, 828.0, 828.0, 828.0, 828.0, 828.0, 828.0, 828.0, 828.0, 828.0, 828.0, 828.0, 828.0, 828.0, 828.0, 828.0, 828.0, 828.0, 828.0, 828.0, 828.0, 828.0, 828.0, 828.0, 828.0, 828.0, 828.0, 828.0, 828.0, 828.0, 828.0, 828.0, 828.0, 828.0, 828.0, 828.0, 828.0, 828.0, 828.0, 828.0, 828.0, 828.0, 828.0, 828.0, 828.0, 828.0, 828.0, 828.0, 828.0, 828.0, 828.0, 828.0, 828.0, 828.0, 828.0, 828.0, 828.0, 828.0, 828.0, 828.0, 828.0, 828.0, 828.0, 828.0, 828.0, 828.0, 828.0, 828.0, 828.0, 828.0, 828.0, 828.0, 828.0, 828.0, 828.0, 828.0, 828.0, 828.0, 828.0, 828.0]",7,A-n32-k5.vrp,193,GSA,data/vrp/A-n32-k5.vrp
True,21 6 26 11 16 30 25 7 24 29 5 12 9 10 23 19 15 31 17 13 2 22 8 27 14 32 20 18 3 4 28,846.0,846.0,"[1, 1, 3, 1, 3, 4, 4, 5, 5, 4, 4, 4, 4, 4, 5, 4, 4, 4, 4, 5, 4, 5, 5, 5, 4, 5, 5, 4, 5, 5, 4, 4, 4, 5, 5, 5, 5, 5, 5, 5, 5, 5, 5, 5, 5, 5, 5, 5, 5, 4, 4, 5, 4, 4, 4, 4, 4, 4, 5, 5, 5, 5, 5, 5, 4, 4, 4, 5, 4, 4, 4, 4, 5, 4, 4, 4, 5, 5, 4, 4, 3, 4, 3, 3, 3, 4, 4, 4, 4, 4, 4, 4, 4, 4, 4, 4, 4, 4, 4, 4, 4, 4, 4, 5, 5, 5, 5, 5, 5, 5, 5, 4, 6, 5, 6, 6, 5, 6, 6, 5, 6, 6, 6, 5, 5, 4, 4, 4, 4, 4, 5, 4, 5, 4, 4, 4, 5, 4, 4, 4, 4, 4, 4, 5, 4, 4, 4, 4, 4, 4, 4, 4, 4, 4, 4, 5, 6, 5, 5, 5, 4, 5, 5, 5, 5, 5, 4, 5, 5, 4, 5, 5, 6, 4, 4, 4, 5, 5, 5, 5, 5, 6, 5, 5, 6, 5, 5, 6, 6, 5, 5, 5, 5, 5, 5, 6, 6, 4, 5, 5, 6, 7, 5, 5, 6, 6, 5, 5, 6, 6, 5, 4, 4, 5, 5, 5, 6, 6, 2, 3, 4, 4, 4, 5, 5, 5, 5, 5, 5, 6, 5, 5, 5, 6, 6, 6, 5, 5, 6, 7, 5, 4, 5, 5, 5, 6, 5, 5, 6, 5, 6, 6, 6, 5, 5, 4, 5, 5, 5, 5, 4, 5, 6, 6, 6, 5, 6, 6, 5, 5, 5, 5, 6, 6, 6, 5, 5, 5, 5, 5, 6, 6, 5, 5, 5, 5, 5, 5, 5, 5, 5, 5, 6, 4, 4, 4, 4, 4, 5, 5]",7,300,4.72,,75.178385,"[1096.0, 988.0, 909.0, 909.0, 909.0, 909.0, 909.0, 909.0, 909.0, 909.0, 909.0, 909.0, 909.0, 909.0, 909.0, 909.0, 909.0, 909.0, 909.0, 909.0, 909.0, 909.0, 907.0, 891.0, 891.0, 891.0, 891.0, 891.0, 891.0, 891.0, 883.0, 883.0, 883.0, 883.0, 883.0, 883.0, 883.0, 883.0, 883.0, 883.0, 883.0, 883.0, 883.0, 860.0, 860.0, 860.0, 860.0, 860.0, 860.0, 860.0, 849.0, 849.0, 849.0, 849.0, 846.0, 846.0, 846.0, 846.0, 846.0, 846.0, 846.0, 846.0, 846.0, 846.0, 846.0, 846.0, 846.0, 846.0, 846.0, 846.0, 846.0, 846.0, 846.0, 846.0, 846.0, 846.0, 846.0, 846.0, 846.0, 846.0, 846.0, 846.0, 846.0, 846.0, 846.0, 846.0, 846.0, 846.0, 846.0, 846.0, 846.0, 846.0, 846.0, 846.0, 846.0, 846.0, 846.0, 846.0, 846.0, 846.0, 846.0, 846.0, 846.0, 846.0, 846.0, 846.0, 846.0, 846.0, 846.0, 846.0, 846.0, 846.0, 846.0, 846.0, 846.0, 846.0, 846.0, 846.0, 846.0, 846.0, 846.0, 846.0, 846.0, 846.0, 846.0, 846.0, 846.0, 846.0, 846.0, 846.0, 846.0, 846.0, 846.0, 846.0, 846.0, 846.0, 846.0, 846.0, 846.0, 846.0, 846.0, 846.0, 846.0, 846.0, 846.0, 846.0, 846.0, 846.0, 846.0, 846.0, 846.0, 846.0, 846.0, 846.0, 846.0, 846.0, 846.0, 846.0, 846.0, 846.0, 846.0, 846.0, 846.0, 846.0, 846.0, 846.0, 846.0, 846.0, 846.0, 846.0, 846.0, 846.0, 846.0, 846.0, 846.0, 846.0, 846.0, 846.0, 846.0, 846.0, 846.0, 846.0, 846.0, 846.0, 846.0, 846.0, 846.0, 846.0, 846.0, 846.0, 846.0, 846.0, 846.0, 846.0, 846.0, 846.0, 846.0, 846.0, 846.0, 846.0, 846.0, 846.0, 846.0, 846.0, 846.0, 846.0, 846.0, 846.0, 846.0, 846.0, 846.0, 846.0, 846.0, 846.0, 846.0, 846.0, 846.0, 846.0, 846.0, 846.0, 846.0, 846.0, 846.0, 846.0, 846.0, 846.0, 846.0, 846.0, 846.0, 846.0, 846.0, 846.0, 846.0, 846.0, 846.0, 846.0, 846.0, 846.0, 846.0, 846.0, 846.0, 846.0, 846.0, 846.0, 846.0, 846.0, 846.0, 846.0, 846.0, 846.0, 846.0, 846.0, 846.0, 846.0, 846.0, 846.0, 846.0, 846.0, 846.0, 846.0, 846.0, 846.0, 846.0, 846.0, 846.0, 846.0, 846.0, 846.0, 846.0, 846.0, 846.0, 846.0, 846.0, 846.0, 846.0, 846.0, 846.0, 846.0, 846.0, 846.0, 846.0, 846.0, 846.0, 846.0, 846.0, 846.0, 846.0, 846.0, 846.0, 846.0, 846.0, 846.0, 846.0, 846.0, 846.0, 846.0, 846.0, 846.0, 846.0, 846.0]",8,A-n32-k5.vrp,55,GSA,data/vrp/A-n32-k5.vrp
True,30 12 5 29 24 3 4 7 21 6 26 11 16 23 10 9 19 15 27 14 18 20 32 22 17 28 25 8 2 13 31,802.0,802.0,"[1, 3, 4, 4, 4, 4, 5, 5, 5, 5, 5, 6, 5, 5, 5, 5, 5, 4, 5, 4, 4, 4, 4, 4, 5, 5, 5, 5, 4, 4, 5, 5, 6, 5, 5, 4, 4, 5, 4, 4, 4, 5, 5, 5, 4, 4, 4, 4, 4, 4, 4, 4, 5, 4, 5, 4, 5, 4, 5, 5, 4, 5, 5, 5, 4, 4, 4, 4, 5, 5, 5, 6, 6, 6, 5, 4, 3, 2, 3, 3, 4, 3, 3, 1, 3, 3, 4, 4, 4, 4, 4, 4, 3, 3, 3, 4, 3, 3, 3, 3, 4, 3, 4, 4, 4, 4, 6, 5, 5, 3, 4, 4, 4, 5, 5, 4, 4, 4, 4, 4, 5, 5, 5, 4, 4, 4, 4, 4, 4, 3, 4, 5, 5, 5, 4, 5, 5, 5, 5, 5, 4, 5, 3, 3, 2, 3, 4, 4, 4, 5, 5, 4, 5, 5, 4, 4, 4, 4, 4, 5, 4, 4, 4, 4, 4, 4, 4, 5, 4, 4, 5, 4, 4, 5, 4, 4, 4, 4, 4, 4, 4, 4, 5, 4, 4, 4, 4, 4, 4, 4, 4, 4, 4, 4, 4, 4, 4, 5, 5, 5, 5, 4, 4, 4, 4, 5, 5, 4, 4, 5, 5, 6, 6, 5, 4, 4, 4, 4, 5, 5, 4, 5, 4, 4, 4, 3, 3, 3, 5, 5, 5, 4, 5, 5, 5, 4, 4, 4, 4, 5, 4, 4, 4, 5, 5, 5, 5, 6, 4, 5, 5, 5, 6, 5, 4, 4, 4, 4, 4, 4, 4, 4, 5, 5, 5, 5, 5, 5, 5, 4, 4, 4, 4, 5, 5, 5, 4, 4, 4, 4, 5, 5, 5, 5, 6, 5, 5, 5, 4, 4, 4, 3, 4, 5, 5, 4, 5, 5, 4, 4]",6,300,4.3167,,73.84465,"[1094.0, 1009.0, 958.0, 931.0, 904.0, 903.0, 873.0, 873.0, 873.0, 873.0, 873.0, 873.0, 873.0, 873.0, 873.0, 871.0, 829.0, 828.0, 828.0, 828.0, 828.0, 828.0, 828.0, 828.0, 828.0, 828.0, 828.0, 828.0, 825.0, 825.0, 825.0, 825.0, 819.0, 819.0, 819.0, 819.0, 819.0, 819.0, 819.0, 819.0, 819.0, 813.0, 813.0, 813.0, 813.0, 813.0, 813.0, 813.0, 813.0, 813.0, 811.0, 811.0, 811.0, 811.0, 811.0, 811.0, 811.0, 811.0, 811.0, 811.0, 811.0, 811.0, 811.0, 811.0, 811.0, 811.0, 811.0, 811.0, 811.0, 811.0, 811.0, 811.0, 811.0, 811.0, 811.0, 811.0, 811.0, 811.0, 807.0, 807.0, 807.0, 807.0, 807.0, 807.0, 807.0, 807.0, 807.0, 807.0, 807.0, 807.0, 807.0, 807.0, 807.0, 807.0, 807.0, 807.0, 807.0, 807.0, 807.0, 807.0, 807.0, 807.0, 807.0, 807.0, 807.0, 807.0, 807.0, 807.0, 807.0, 807.0, 807.0, 807.0, 807.0, 807.0, 807.0, 807.0, 807.0, 807.0, 807.0, 807.0, 807.0, 807.0, 807.0, 807.0, 807.0, 802.0, 802.0, 802.0, 802.0, 802.0, 802.0, 802.0, 802.0, 802.0, 802.0, 802.0, 802.0, 802.0, 802.0, 802.0, 802.0, 802.0, 802.0, 802.0, 802.0, 802.0, 802.0, 802.0, 802.0, 802.0, 802.0, 802.0, 802.0, 802.0, 802.0, 802.0, 802.0, 802.0, 802.0, 802.0, 802.0, 802.0, 802.0, 802.0, 802.0, 802.0, 802.0, 802.0, 802.0, 802.0, 802.0, 802.0, 802.0, 802.0, 802.0, 802.0, 802.0, 802.0, 802.0, 802.0, 802.0, 802.0, 802.0, 802.0, 802.0, 802.0, 802.0, 802.0, 802.0, 802.0, 802.0, 802.0, 802.0, 802.0, 802.0, 802.0, 802.0, 802.0, 802.0, 802.0, 802.0, 802.0, 802.0, 802.0, 802.0, 802.0, 802.0, 802.0, 802.0, 802.0, 802.0, 802.0, 802.0, 802.0, 802.0, 802.0, 802.0, 802.0, 802.0, 802.0, 802.0, 802.0, 802.0, 802.0, 802.0, 802.0, 802.0, 802.0, 802.0, 802.0, 802.0, 802.0, 802.0, 802.0, 802.0, 802.0, 802.0, 802.0, 802.0, 802.0, 802.0, 802.0, 802.0, 802.0, 802.0, 802.0, 802.0, 802.0, 802.0, 802.0, 802.0, 802.0, 802.0, 802.0, 802.0, 802.0, 802.0, 802.0, 802.0, 802.0, 802.0, 802.0, 802.0, 802.0, 802.0, 802.0, 802.0, 802.0, 802.0, 802.0, 802.0, 802.0, 802.0, 802.0, 802.0, 802.0, 802.0, 802.0, 802.0, 802.0, 802.0, 802.0, 802.0, 802.0, 802.0, 802.0, 802.0, 802.0, 802.0, 802.0, 802.0, 802.0, 802.0, 802.0, 802.0, 802.0, 802.0, 802.0, 802.0, 802.0]",9,A-n32-k5.vrp,126,GSA,data/vrp/A-n32-k5.vrp
True,23 10 12 5 29 9 19 25 17 22 32 20 18 8 27 21 6 26 11 16 30 28 31 2 14 3 4 24 7 15 13,834.0,834.0,"[1, 3, 1, 3, 1, 3, 1, 2, 3, 3, 3, 3, 3, 1, 3, 1, 1, 1, 1, 2, 1, 1, 1, 1, 3, 1, 3, 1, 2, 1, 2, 3, 3, 1, 1, 3, 1, 2, 2, 1, 3, 3, 3, 4, 4, 5, 4, 4, 4, 5, 5, 4, 4, 5, 5, 5, 5, 5, 5, 4, 4, 4, 4, 5, 5, 4, 4, 5, 4, 4, 3, 4, 4, 3, 5, 5, 4, 4, 4, 6, 4, 4, 5, 6, 5, 5, 5, 5, 5, 4, 2, 5, 4, 4, 5, 3, 4, 4, 4, 4, 3, 6, 4, 4, 4, 5, 4, 4, 5, 5, 5, 6, 5, 6, 5, 5, 6, 5, 5, 5, 5, 4, 4, 4, 4, 4, 5, 6, 6, 6, 5, 5, 6, 6, 5, 5, 4, 4, 4, 4, 5, 5, 5, 5, 6, 5, 5, 5, 5, 4, 4, 4, 4, 5, 5, 5, 5, 5, 4, 4, 4, 4, 4, 5, 6, 5, 6, 5, 6, 5, 6, 6, 6, 5, 5, 5, 5, 4, 5, 5, 4, 4, 5, 5, 5, 5, 6, 5, 5, 6, 5, 5, 6, 6, 6, 7, 4, 5, 5, 4, 4, 4, 5, 5, 6, 4, 4, 4, 4, 4, 4, 5, 5, 4, 4, 4, 4, 5, 5, 5, 6, 6, 5, 4, 4, 4, 4, 5, 6, 6, 6, 5, 5, 6, 5, 4, 5, 5, 5, 5, 6, 6, 6, 6, 5, 5, 6, 6, 6, 6, 5, 5, 6, 5, 5, 5, 6, 6, 6, 6, 7, 7, 6, 4, 3, 4, 4, 4, 4, 4, 5, 5, 5, 5, 5, 5, 6, 5, 4, 4, 4, 5, 5, 4, 5, 6, 6, 6, 6, 6, 6, 6, 7, 5, 5, 5, 5, 5, 5, 5]",7,300,4.4367,,70.439619,"[1112.0, 956.0, 946.0, 835.0, 835.0, 835.0, 835.0, 835.0, 835.0, 835.0, 835.0, 835.0, 835.0, 835.0, 835.0, 835.0, 835.0, 835.0, 835.0, 835.0, 835.0, 835.0, 835.0, 835.0, 835.0, 835.0, 835.0, 835.0, 835.0, 835.0, 835.0, 835.0, 835.0, 835.0, 835.0, 835.0, 834.0, 834.0, 834.0, 834.0, 834.0, 834.0, 834.0, 834.0, 834.0, 834.0, 834.0, 834.0, 834.0, 834.0, 834.0, 834.0, 834.0, 834.0, 834.0, 834.0, 834.0, 834.0, 834.0, 834.0, 834.0, 834.0, 834.0, 834.0, 834.0, 834.0, 834.0, 834.0, 834.0, 834.0, 834.0, 834.0, 834.0, 834.0, 834.0, 834.0, 834.0, 834.0, 834.0, 834.0, 834.0, 834.0, 834.0, 834.0, 834.0, 834.0, 834.0, 834.0, 834.0, 834.0, 834.0, 834.0, 834.0, 834.0, 834.0, 834.0, 834.0, 834.0, 834.0, 834.0, 834.0, 834.0, 834.0, 834.0, 834.0, 834.0, 834.0, 834.0, 834.0, 834.0, 834.0, 834.0, 834.0, 834.0, 834.0, 834.0, 834.0, 834.0, 834.0, 834.0, 834.0, 834.0, 834.0, 834.0, 834.0, 834.0, 834.0, 834.0, 834.0, 834.0, 834.0, 834.0, 834.0, 834.0, 834.0, 834.0, 834.0, 834.0, 834.0, 834.0, 834.0, 834.0, 834.0, 834.0, 834.0, 834.0, 834.0, 834.0, 834.0, 834.0, 834.0, 834.0, 834.0, 834.0, 834.0, 834.0, 834.0, 834.0, 834.0, 834.0, 834.0, 834.0, 834.0, 834.0, 834.0, 834.0, 834.0, 834.0, 834.0, 834.0, 834.0, 834.0, 834.0, 834.0, 834.0, 834.0, 834.0, 834.0, 834.0, 834.0, 834.0, 834.0, 834.0, 834.0, 834.0, 834.0, 834.0, 834.0, 834.0, 834.0, 834.0, 834.0, 834.0, 834.0, 834.0, 834.0, 834.0, 834.0, 834.0, 834.0, 834.0, 834.0, 834.0, 834.0, 834.0, 834.0, 834.0, 834.0, 834.0, 834.0, 834.0, 834.0, 834.0, 834.0, 834.0, 834.0, 834.0, 834.0, 834.0, 834.0, 834.0, 834.0, 834.0, 834.0, 834.0, 834.0, 834.0, 834.0, 834.0, 834.0, 834.0, 834.0, 834.0, 834.0, 834.0, 834.0, 834.0, 834.0, 834.0, 834.0, 834.0, 834.0, 834.0, 834.0, 834.0, 834.0, 834.0, 834.0, 834.0, 834.0, 834.0, 834.0, 834.0, 834.0, 834.0, 834.0, 834.0, 834.0, 834.0, 834.0, 834.0, 834.0, 834.0, 834.0, 834.0, 834.0, 834.0, 834.0, 834.0, 834.0, 834.0, 834.0, 834.0, 834.0, 834.0, 834.0, 834.0, 834.0, 834.0, 834.0, 834.0, 834.0, 834.0, 834.0, 834.0, 834.0, 834.0, 834.0, 834.0, 834.0, 834.0, 834.0, 834.0, 834.0, 834.0, 834.0, 834.0, 834.0, 834.0, 834.0]",10,A-n32-k5.vrp,37,GSA,data/vrp/A-n32-k5.vrp
True,37 23 49 44 35 59 18 28 38 57 10 52 20 39 40 2 6 11 32 41 60 56 27 9 36 48 4 26 42 21 24 15 34 30 8 58 14 53 19 51 16 13 33 46 43 7 25 55 3 50 45 29 17 47 22 54 31 12 5,1957.0,1957.0,"[1, 1, 1, 1, 1, 1, 1, 1, 1, 1, 1, 1, 1, 1, 1, 1, 1, 1, 1, 1, 1, 1, 1, 1, 1, 1, 1, 1, 1, 1, 1, 1, 1, 1, 1, 1, 1, 1, 1, 1, 1, 1, 1, 1, 1, 1, 1, 1, 1, 1, 1, 1, 1, 1, 1, 1, 1, 1, 1, 1, 1, 1, 1, 1, 1, 1, 1, 1, 1, 1, 1, 1, 1, 1, 1, 1, 1, 1, 1, 1, 1, 1, 1, 1, 1, 1, 1, 1, 1, 1, 1, 1, 1, 1, 1, 1, 1, 1, 1, 1, 1, 1, 1, 1, 1, 1, 1, 1, 1, 1, 1, 1, 1, 1, 1, 1, 1, 1, 1, 1, 1, 1, 1, 1, 1, 1, 1, 1, 1, 1, 1, 1, 1, 1, 1, 1, 1, 1, 1, 1, 1, 1, 1, 1, 1, 1, 1, 1, 1, 1, 1, 1, 1, 1, 1, 1, 1, 1, 1, 1, 1, 1, 1, 1, 1, 1, 1, 1, 1, 1, 1, 1, 1, 1, 1, 1, 1, 1, 1, 1, 1, 1, 1, 1, 1, 1, 1, 1, 1, 1, 1, 1, 1, 1, 1, 1, 1, 1, 1, 1, 1, 1, 1, 1, 1, 1, 1, 1, 1, 1, 1, 1, 1, 1, 1, 1, 1, 1, 1, 1, 1, 1, 1, 1, 1, 1, 1, 1, 1, 1, 1, 1, 1, 1, 1, 1, 1, 1, 1, 1, 1, 1, 1, 1, 1, 1, 1, 1, 1, 1, 1, 1, 1, 1, 1, 1, 1, 1, 1, 1, 1, 1, 1, 1, 1, 1, 1, 1, 1, 1, 1, 1, 1, 1, 1, 1, 1, 1, 1, 1, 1, 1, 1, 1, 1, 1, 1, 1, 1, 1, 1, 1, 1, 1, 1, 1, 1, 1, 1, 1]",1,300,1.0,,3.327848,"[3276.0, 3187.0, 3176.0, 2951.0, 2951.0, 2951.0, 2898.0, 2835.0, 2835.0, 2835.0, 2790.0, 2739.0, 2739.0, 2646.0, 2646.0, 2597.0, 2548.0, 2548.0, 2548.0, 2496.0, 2496.0, 2496.0, 2484.0, 2484.0, 2484.0, 2476.0, 2476.0, 2401.0, 2401.0, 2401.0, 2401.0, 2401.0, 2374.0, 2371.0, 2301.0, 2301.0, 2290.0, 2290.0, 2290.0, 2233.0, 2172.0, 2172.0, 2172.0, 2132.0, 2132.0, 2132.0, 2132.0, 2132.0, 2132.0, 2132.0, 2132.0, 2132.0, 2132.0, 2132.0, 2132.0, 2132.0, 2132.0, 2120.0, 2120.0, 2120.0, 2120.0, 2120.0, 2120.0, 2120.0, 2120.0, 2120.0, 2120.0, 2120.0, 2120.0, 2070.0, 2070.0, 2070.0, 2070.0, 2070.0, 2066.0, 2066.0, 2066.0, 2066.0, 2066.0, 2066.0, 2066.0, 2066.0, 2066.0, 2066.0, 2066.0, 2066.0, 2066.0, 2066.0, 2066.0, 2066.0, 2066.0, 2066.0, 2066.0, 2066.0, 2066.0, 2066.0, 2066.0, 2066.0, 2066.0, 2066.0, 2066.0, 2066.0, 2066.0, 2066.0, 2066.0, 2066.0, 2066.0, 2066.0, 2066.0, 2066.0, 2066.0, 2066.0, 2066.0, 2066.0, 2066.0, 2066.0, 2066.0, 2066.0, 2066.0, 2066.0, 2066.0, 2066.0, 2066.0, 2066.0, 2066.0, 2057.0, 2057.0, 2057.0, 2057.0, 2057.0, 2057.0, 2057.0, 2057.0, 2057.0, 2057.0, 2057.0, 2057.0, 2057.0, 2057.0, 2057.0, 2057.0, 2057.0, 2057.0, 2057.0, 2057.0, 2057.0, 2057.0, 2057.0, 2057.0, 2057.0, 2057.0, 2057.0, 2057.0, 2057.0, 2057.0, 2057.0, 2057.0, 2057.0, 2057.0, 2057.0, 2055.0, 2055.0, 2043.0, 2043.0, 2043.0, 2043.0, 2043.0, 2043.0, 2043.0, 2043.0, 2043.0, 2043.0, 2043.0, 2043.0, 2043.0, 2043.0, 2043.0, 2043.0, 2043.0, 2043.0, 2043.0, 2043.0, 2043.0, 2043.0, 2043.0, 2043.0, 2043.0, 2043.0, 2028.0, 2028.0, 2028.0, 2028.0, 2028.0, 2028.0, 2028.0, 2028.0, 2028.0, 2028.0, 2028.0, 2017.0, 2017.0, 2017.0, 2017.0, 1998.0, 1988.0, 1988.0, 1988.0, 1988.0, 1988.0, 1985.0, 1985.0, 1985.0, 1985.0, 1985.0, 1985.0, 1957.0, 1957.0, 1957.0, 1957.0, 1957.0, 1957.0, 1957.0, 1957.0, 1957.0, 1957.0, 1957.0, 1957.0, 1957.0, 1957.0, 1957.0, 1957.0, 1957.0, 1957.0, 1957.0, 1957.0, 1957.0, 1957.0, 1957.0, 1957.0, 1957.0, 1957.0, 1957.0, 1957.0, 1957.0, 1957.0, 1957.0, 1957.0, 1957.0, 1957.0, 1957.0, 1957.0, 1957.0, 1957.0, 1957.0, 1957.0, 1957.0, 1957.0, 1957.0, 1957.0, 1957.0, 1957.0, 1957.0, 1957.0, 1957.0, 1957.0, 1957.0, 1957.0, 1957.0, 1957.0, 1957.0, 1957.0, 1957.0, 1957.0, 1957.0, 1957.0, 1957.0, 1957.0, 1957.0, 1957.0, 1957.0, 1957.0, 1957.0, 1957.0, 1957.0, 1957.0, 1957.0, 1957.0, 1957.0, 1957.0, 1957.0, 1957.0, 1957.0, 1957.0, 1957.0, 1957.0, 1957.0, 1957.0, 1957.0, 1957.0, 1957.0]",1,A-n60-k9.vrp,216,GA,data/vrp/A-n60-k9.vrp
True,49 23 44 20 34 19 26 41 5 22 4 12 21 17 60 16 46 31 42 13 58 38 8 53 9 30 18 39 27 40 57 33 51 36 14 28 56 24 35 29 32 54 7 47 48 59 45 37 11 55 6 2 25 43 10 52 50 3 15,1942.0,1942.0,"[1, 1, 1, 1, 1, 1, 1, 1, 1, 1, 1, 1, 1, 1, 1, 1, 1, 1, 1, 1, 1, 1, 1, 1, 1, 1, 1, 1, 1, 1, 1, 1, 1, 1, 1, 1, 1, 1, 1, 1, 1, 1, 1, 1, 1, 1, 1, 1, 1, 1, 1, 1, 1, 1, 1, 1, 1, 1, 1, 1, 1, 1, 1, 1, 1, 1, 1, 1, 1, 1, 1, 1, 1, 1, 1, 1, 1, 1, 1, 1, 1, 1, 1, 1, 1, 1, 1, 1, 1, 1, 1, 1, 1, 1, 1, 1, 1, 1, 1, 1, 1, 1, 1, 1, 1, 1, 1, 1, 1, 1, 1, 1, 1, 1, 1, 1, 1, 1, 1, 1, 1, 1, 1, 1, 1, 1, 1, 1, 1, 1, 1, 1, 1, 1, 1, 1, 1, 1, 1, 1, 1, 1, 1, 1, 1, 1, 1, 1, 1, 1, 1, 1, 1, 1, 1, 1, 1, 1, 1, 1, 1, 1, 1, 1, 1, 1, 1, 1, 1, 1, 1, 1, 1, 1, 1, 1, 1, 1, 1, 1, 1, 1, 1, 1, 1, 1, 1, 1, 1, 1, 1, 1, 1, 1, 1, 1, 1, 1, 1, 1, 1, 1, 1, 1, 1, 1, 1, 1, 1, 1, 1, 1, 1, 1, 1, 1, 1, 1, 1, 1, 1, 1, 1, 1, 1, 1, 1, 1, 1, 1, 1, 1, 1, 1, 1, 1, 1, 1, 1, 1, 1, 1, 1, 1, 1, 1, 1, 1, 1, 1, 1, 1, 1, 1, 1, 1, 1, 1, 1, 1, 1, 1, 1, 1, 1, 1, 1, 1, 1, 1, 1, 1, 1, 1, 1, 1, 1, 1, 1, 1, 1, 1, 1, 1, 1, 1, 1, 1, 1, 1, 1, 1, 1, 1, 1, 1, 1, 1, 1, 1]",1,300,1.0,,3.307818,"[2985.0, 2921.0, 2921.0, 2818.0, 2818.0, 2669.0, 2669.0, 2588.0, 2588.0, 2545.0, 2545.0, 2545.0, 2545.0, 2545.0, 2545.0, 2545.0, 2545.0, 2545.0, 2545.0, 2525.0, 2525.0, 2525.0, 2500.0, 2500.0, 2500.0, 2498.0, 2488.0, 2408.0, 2408.0, 2408.0, 2408.0, 2408.0, 2408.0, 2404.0, 2404.0, 2404.0, 2404.0, 2404.0, 2375.0, 2375.0, 2375.0, 2348.0, 2348.0, 2348.0, 2348.0, 2299.0, 2299.0, 2299.0, 2299.0, 2288.0, 2278.0, 2255.0, 2255.0, 2255.0, 2236.0, 2229.0, 2229.0, 2207.0, 2207.0, 2207.0, 2207.0, 2207.0, 2207.0, 2207.0, 2207.0, 2207.0, 2207.0, 2207.0, 2207.0, 2207.0, 2207.0, 2207.0, 2207.0, 2207.0, 2207.0, 2194.0, 2194.0, 2194.0, 2194.0, 2194.0, 2194.0, 2194.0, 2194.0, 2194.0, 2192.0, 2192.0, 2192.0, 2128.0, 2128.0, 2128.0, 2128.0, 2120.0, 2120.0, 2120.0, 2120.0, 2096.0, 2096.0, 2096.0, 2096.0, 2087.0, 2087.0, 2087.0, 2087.0, 2080.0, 2076.0, 2061.0, 2061.0, 2061.0, 2061.0, 2061.0, 2061.0, 2055.0, 2055.0, 2051.0, 2051.0, 2051.0, 2042.0, 2042.0, 2042.0, 2042.0, 2042.0, 2042.0, 2042.0, 2042.0, 2042.0, 2042.0, 2042.0, 2040.0, 2040.0, 2040.0, 2040.0, 2039.0, 2039.0, 2039.0, 2039.0, 2037.0, 2037.0, 2037.0, 2037.0, 2037.0, 2037.0, 2037.0, 2037.0, 2037.0, 2037.0, 2037.0, 2037.0, 2037.0, 2037.0, 2037.0, 2037.0, 2037.0, 2037.0, 2037.0, 2037.0, 2037.0, 2037.0, 2037.0, 2037.0, 2037.0, 2037.0, 2037.0, 2037.0, 2037.0, 2037.0, 2037.0, 2037.0, 2037.0, 2037.0, 2037.0, 2037.0, 2025.0, 2025.0, 2025.0, 2025.0, 2025.0, 2025.0, 2025.0, 2025.0, 2025.0, 2025.0, 2025.0, 2022.0, 2022.0, 2022.0, 2015.0, 2015.0, 2015.0, 2015.0, 2015.0, 2015.0, 2015.0, 2015.0, 2015.0, 2015.0, 2015.0, 2015.0, 2015.0, 2015.0, 2015.0, 2015.0, 2015.0, 2015.0, 2015.0, 2015.0, 2015.0, 2015.0, 2015.0, 2015.0, 2015.0, 2015.0, 2015.0, 2015.0, 2015.0, 2015.0, 2015.0, 2015.0, 2015.0, 2015.0, 2015.0, 2015.0, 2015.0, 1998.0, 1998.0, 1998.0, 1998.0, 1998.0, 1998.0, 1998.0, 1998.0, 1996.0, 1996.0, 1996.0, 1996.0, 1996.0, 1996.0, 1996.0, 1996.0, 1996.0, 1996.0, 1996.0, 1996.0, 1996.0, 1996.0, 1996.0, 1996.0, 1996.0, 1996.0, 1996.0, 1996.0, 1996.0, 1996.0, 1996.0, 1989.0, 1989.0, 1989.0, 1989.0, 1989.0, 1989.0, 1989.0, 1989.0, 1989.0, 1989.0, 1989.0, 1989.0, 1989.0, 1989.0, 1989.0, 1989.0, 1989.0, 1989.0, 1989.0, 1989.0, 1989.0, 1989.0, 1989.0, 1989.0, 1989.0, 1986.0, 1986.0, 1986.0, 1986.0, 1982.0, 1982.0, 1982.0, 1962.0, 1962.0, 1962.0, 1962.0, 1962.0, 1962.0, 1962.0, 1962.0, 1962.0, 1962.0, 1958.0, 1958.0, 1958.0, 1942.0, 1942.0]",2,A-n60-k9.vrp,299,GA,data/vrp/A-n60-k9.vrp
True,34 56 6 11 25 32 7 12 22 49 55 50 35 47 60 27 28 15 53 42 19 45 37 30 8 38 9 20 39 36 59 57 10 44 16 54 31 43 46 33 40 51 14 58 18 13 52 23 2 3 29 17 26 4 48 24 41 5 21,2040.0,2040.0,"[1, 1, 1, 1, 1, 1, 1, 1, 1, 1, 1, 1, 1, 1, 1, 1, 1, 1, 1, 1, 1, 1, 1, 1, 1, 1, 1, 1, 1, 1, 1, 1, 1, 1, 1, 1, 1, 1, 1, 1, 1, 1, 1, 1, 1, 1, 1, 1, 1, 1, 1, 1, 1, 1, 1, 1, 1, 1, 1, 1, 1, 1, 1, 1, 1, 1, 1, 1, 1, 1, 1, 1, 1, 1, 1, 1, 1, 1, 1, 1, 1, 1, 1, 1, 1, 1, 1, 1, 1, 1, 1, 1, 1, 1, 1, 1, 1, 1, 1, 1, 1, 1, 1, 1, 1, 1, 1, 1, 1, 1, 1, 1, 1, 1, 1, 1, 1, 1, 1, 1, 1, 1, 1, 1, 1, 1, 1, 1, 1, 1, 1, 1, 1, 1, 1, 1, 1, 1, 1, 1, 1, 1, 1, 1, 1, 1, 1, 1, 1, 1, 1, 1, 1, 1, 1, 1, 1, 1, 1, 1, 1, 1, 1, 1, 1, 1, 1, 1, 1, 1, 1, 1, 1, 1, 1, 1, 1, 1, 1, 1, 1, 1, 1, 1, 1, 1, 1, 1, 1, 1, 1, 1, 1, 1, 1, 1, 1, 1, 1, 1, 1, 1, 1, 1, 1, 1, 1, 1, 1, 1, 1, 1, 1, 1, 1, 1, 1, 1, 1, 1, 1, 1, 1, 1, 1, 1, 1, 1, 1, 1, 1, 1, 1, 1, 1, 1, 1, 1, 1, 1, 1, 1, 1, 1, 1, 1, 1, 1, 1, 1, 1, 1, 1, 1, 1, 1, 1, 1, 1, 1, 1, 1, 1, 1, 1, 1, 1, 1, 1, 1, 1, 1, 1, 1, 1, 1, 1, 1, 1, 1, 1, 1, 1, 1, 1, 1, 1, 1, 1, 1, 1, 1, 1, 1, 1, 1, 1, 1, 1, 1]",1,300,1.0,,3.258864,"[3210.0, 3084.0, 3084.0, 3039.0, 3039.0, 2947.0, 2947.0, 2868.0, 2868.0, 2868.0, 2868.0, 2765.0, 2765.0, 2765.0, 2721.0, 2721.0, 2667.0, 2667.0, 2667.0, 2667.0, 2667.0, 2608.0, 2608.0, 2608.0, 2608.0, 2608.0, 2581.0, 2581.0, 2574.0, 2574.0, 2547.0, 2478.0, 2478.0, 2466.0, 2463.0, 2446.0, 2446.0, 2432.0, 2432.0, 2432.0, 2432.0, 2432.0, 2432.0, 2432.0, 2432.0, 2432.0, 2432.0, 2432.0, 2432.0, 2432.0, 2432.0, 2432.0, 2432.0, 2432.0, 2432.0, 2432.0, 2426.0, 2426.0, 2426.0, 2426.0, 2426.0, 2426.0, 2426.0, 2426.0, 2426.0, 2425.0, 2425.0, 2425.0, 2425.0, 2425.0, 2425.0, 2425.0, 2425.0, 2425.0, 2425.0, 2425.0, 2425.0, 2425.0, 2425.0, 2425.0, 2425.0, 2425.0, 2425.0, 2425.0, 2425.0, 2425.0, 2425.0, 2425.0, 2425.0, 2425.0, 2421.0, 2421.0, 2421.0, 2421.0, 2421.0, 2421.0, 2421.0, 2421.0, 2421.0, 2421.0, 2421.0, 2421.0, 2421.0, 2414.0, 2414.0, 2414.0, 2414.0, 2414.0, 2414.0, 2412.0, 2412.0, 2388.0, 2388.0, 2388.0, 2388.0, 2386.0, 2386.0, 2386.0, 2386.0, 2386.0, 2386.0, 2370.0, 2370.0, 2360.0, 2359.0, 2359.0, 2359.0, 2359.0, 2359.0, 2359.0, 2359.0, 2359.0, 2359.0, 2359.0, 2355.0, 2355.0, 2355.0, 2355.0, 2355.0, 2343.0, 2343.0, 2343.0, 2343.0, 2343.0, 2343.0, 2343.0, 2343.0, 2343.0, 2343.0, 2343.0, 2343.0, 2343.0, 2343.0, 2343.0, 2343.0, 2340.0, 2340.0, 2340.0, 2340.0, 2340.0, 2340.0, 2340.0, 2340.0, 2340.0, 2340.0, 2340.0, 2340.0, 2340.0, 2340.0, 2339.0, 2339.0, 2339.0, 2333.0, 2320.0, 2320.0, 2320.0, 2320.0, 2320.0, 2320.0, 2313.0, 2281.0, 2281.0, 2270.0, 2270.0, 2261.0, 2261.0, 2261.0, 2261.0, 2261.0, 2261.0, 2200.0, 2200.0, 2200.0, 2200.0, 2200.0, 2180.0, 2180.0, 2180.0, 2180.0, 2180.0, 2180.0, 2180.0, 2180.0, 2180.0, 2180.0, 2180.0, 2174.0, 2174.0, 2173.0, 2150.0, 2150.0, 2150.0, 2150.0, 2143.0, 2143.0, 2143.0, 2141.0, 2141.0, 2137.0, 2137.0, 2119.0, 2119.0, 2119.0, 2119.0, 2119.0, 2119.0, 2119.0, 2119.0, 2119.0, 2119.0, 2119.0, 2119.0, 2119.0, 2119.0, 2119.0, 2119.0, 2119.0, 2119.0, 2119.0, 2119.0, 2119.0, 2113.0, 2113.0, 2113.0, 2113.0, 2113.0, 2113.0, 2113.0, 2113.0, 2113.0, 2113.0, 2113.0, 2113.0, 2113.0, 2085.0, 2085.0, 2085.0, 2085.0, 2085.0, 2085.0, 2085.0, 2085.0, 2085.0, 2085.0, 2085.0, 2085.0, 2085.0, 2085.0, 2085.0, 2085.0, 2076.0, 2076.0, 2076.0, 2076.0, 2076.0, 2076.0, 2076.0, 2076.0, 2067.0, 2067.0, 2067.0, 2067.0, 2067.0, 2067.0, 2067.0, 2067.0, 2067.0, 2067.0, 2040.0, 2040.0, 2040.0, 2040.0, 2040.0, 2040.0, 2040.0, 2040.0, 2040.0, 2040.0, 2040.0, 2040.0]",3,A-n60-k9.vrp,289,GA,data/vrp/A-n60-k9.vrp
True,36 57 44 52 10 33 13 29 3 37 43 23 59 7 41 5 12 32 2 31 22 54 11 6 45 49 56 60 39 24 48 35 19 51 16 40 18 9 30 28 20 15 25 55 46 50 47 34 42 4 53 17 26 21 58 38 27 8 14,1883.0,1883.0,"[1, 1, 1, 1, 1, 1, 1, 1, 1, 1, 1, 1, 1, 1, 1, 1, 1, 1, 1, 1, 1, 1, 1, 1, 1, 1, 1, 1, 1, 1, 1, 1, 1, 1, 1, 1, 1, 1, 1, 1, 1, 1, 1, 1, 1, 1, 1, 1, 1, 1, 1, 1, 1, 1, 1, 1, 1, 1, 1, 1, 1, 1, 1, 1, 1, 1, 1, 1, 1, 1, 1, 1, 1, 1, 1, 1, 1, 1, 1, 1, 1, 1, 1, 1, 1, 1, 1, 1, 1, 1, 1, 1, 1, 1, 1, 1, 1, 1, 1, 1, 1, 1, 1, 1, 1, 1, 1, 1, 1, 1, 1, 1, 1, 1, 1, 1, 1, 1, 1, 1, 1, 1, 1, 1, 1, 1, 1, 1, 1, 1, 1, 1, 1, 1, 1, 1, 1, 1, 1, 1, 1, 1, 1, 1, 1, 1, 1, 1, 1, 1, 1, 1, 1, 1, 1, 1, 1, 1, 1, 1, 1, 1, 1, 1, 1, 1, 1, 1, 1, 1, 1, 1, 1, 1, 1, 1, 1, 1, 1, 1, 1, 1, 1, 1, 1, 1, 1, 1, 1, 1, 1, 1, 1, 1, 1, 1, 1, 1, 1, 1, 1, 1, 1, 1, 1, 1, 1, 1, 1, 1, 1, 1, 1, 1, 1, 1, 1, 1, 1, 1, 1, 1, 1, 1, 1, 1, 1, 1, 1, 1, 1, 1, 1, 1, 1, 1, 1, 1, 1, 1, 1, 1, 1, 1, 1, 1, 1, 1, 1, 1, 1, 1, 1, 1, 1, 1, 1, 1, 1, 1, 1, 1, 1, 1, 1, 1, 1, 1, 1, 1, 1, 1, 1, 1, 1, 1, 1, 1, 1, 1, 1, 1, 1, 1, 1, 1, 1, 1, 1, 1, 1, 1, 1, 1, 1, 1, 1, 1, 1, 1]",1,300,1.0,,3.277199,"[3128.0, 3128.0, 3046.0, 3046.0, 3033.0, 2964.0, 2938.0, 2938.0, 2927.0, 2927.0, 2873.0, 2873.0, 2873.0, 2841.0, 2777.0, 2777.0, 2751.0, 2751.0, 2737.0, 2725.0, 2622.0, 2622.0, 2622.0, 2607.0, 2607.0, 2601.0, 2601.0, 2555.0, 2555.0, 2546.0, 2546.0, 2546.0, 2421.0, 2421.0, 2421.0, 2421.0, 2421.0, 2421.0, 2421.0, 2421.0, 2421.0, 2421.0, 2421.0, 2421.0, 2421.0, 2421.0, 2421.0, 2421.0, 2421.0, 2412.0, 2412.0, 2412.0, 2412.0, 2405.0, 2405.0, 2405.0, 2405.0, 2405.0, 2397.0, 2397.0, 2397.0, 2397.0, 2298.0, 2298.0, 2298.0, 2298.0, 2298.0, 2298.0, 2298.0, 2298.0, 2298.0, 2263.0, 2263.0, 2263.0, 2263.0, 2263.0, 2263.0, 2263.0, 2263.0, 2263.0, 2263.0, 2263.0, 2263.0, 2263.0, 2263.0, 2263.0, 2257.0, 2257.0, 2257.0, 2236.0, 2236.0, 2236.0, 2236.0, 2236.0, 2236.0, 2236.0, 2236.0, 2236.0, 2236.0, 2227.0, 2227.0, 2227.0, 2227.0, 2227.0, 2227.0, 2224.0, 2224.0, 2224.0, 2224.0, 2224.0, 2224.0, 2224.0, 2224.0, 2224.0, 2224.0, 2224.0, 2224.0, 2224.0, 2224.0, 2224.0, 2224.0, 2224.0, 2224.0, 2220.0, 2220.0, 2220.0, 2220.0, 2220.0, 2220.0, 2220.0, 2214.0, 2214.0, 2214.0, 2214.0, 2214.0, 2210.0, 2210.0, 2210.0, 2206.0, 2206.0, 2206.0, 2206.0, 2206.0, 2206.0, 2202.0, 2202.0, 2202.0, 2202.0, 2202.0, 2202.0, 2202.0, 2176.0, 2176.0, 2176.0, 2176.0, 2176.0, 2145.0, 2145.0, 2138.0, 2138.0, 2138.0, 2138.0, 2134.0, 2134.0, 2134.0, 2101.0, 2101.0, 2090.0, 2090.0, 2090.0, 2090.0, 2090.0, 2090.0, 2090.0, 2090.0, 2090.0, 2090.0, 2077.0, 2070.0, 2070.0, 2070.0, 2070.0, 2070.0, 2018.0, 2018.0, 2008.0, 2008.0, 2008.0, 2008.0, 1965.0, 1965.0, 1965.0, 1965.0, 1965.0, 1965.0, 1965.0, 1955.0, 1955.0, 1955.0, 1955.0, 1955.0, 1952.0, 1952.0, 1952.0, 1952.0, 1952.0, 1951.0, 1941.0, 1941.0, 1930.0, 1930.0, 1930.0, 1930.0, 1930.0, 1930.0, 1930.0, 1922.0, 1922.0, 1922.0, 1922.0, 1922.0, 1922.0, 1922.0, 1922.0, 1922.0, 1922.0, 1922.0, 1922.0, 1922.0, 1922.0, 1922.0, 1922.0, 1922.0, 1922.0, 1922.0, 1922.0, 1922.0, 1922.0, 1922.0, 1922.0, 1922.0, 1922.0, 1922.0, 1922.0, 1922.0, 1922.0, 1922.0, 1922.0, 1922.0, 1922.0, 1922.0, 1922.0, 1922.0, 1922.0, 1922.0, 1922.0, 1922.0, 1922.0, 1922.0, 1922.0, 1922.0, 1922.0, 1922.0, 1922.0, 1886.0, 1886.0, 1886.0, 1886.0, 1886.0, 1886.0, 1886.0, 1886.0, 1886.0, 1886.0, 1886.0, 1886.0, 1886.0, 1886.0, 1886.0, 1886.0, 1886.0, 1883.0, 1883.0, 1883.0, 1883.0, 1883.0, 1883.0, 1883.0, 1883.0, 1883.0, 1883.0, 1883.0, 1883.0, 1883.0, 1883.0, 1883.0, 1883.0, 1883.0, 1883.0, 1883.0]",4,A-n60-k9.vrp,282,GA,data/vrp/A-n60-k9.vrp
True,53 23 6 57 51 59 26 48 24 49 55 30 38 27 9 58 15 17 21 56 36 44 10 52 40 31 37 46 11 25 60 43 45 50 29 3 5 4 32 2 33 13 18 28 14 41 54 35 7 22 12 8 16 39 20 47 42 34 19,2043.0,2043.0,"[1, 1, 1, 1, 1, 1, 1, 1, 1, 1, 1, 1, 1, 1, 1, 1, 1, 1, 1, 1, 1, 1, 1, 1, 1, 1, 1, 1, 1, 1, 1, 1, 1, 1, 1, 1, 1, 1, 1, 1, 1, 1, 1, 1, 1, 1, 1, 1, 1, 1, 1, 1, 1, 1, 1, 1, 1, 1, 1, 1, 1, 1, 1, 1, 1, 1, 1, 1, 1, 1, 1, 1, 1, 1, 1, 1, 1, 1, 1, 1, 1, 1, 1, 1, 1, 1, 1, 1, 1, 1, 1, 1, 1, 1, 1, 1, 1, 1, 1, 1, 1, 1, 1, 1, 1, 1, 1, 1, 1, 1, 1, 1, 1, 1, 1, 1, 1, 1, 1, 1, 1, 1, 1, 1, 1, 1, 1, 1, 1, 1, 1, 1, 1, 1, 1, 1, 1, 1, 1, 1, 1, 1, 1, 1, 1, 1, 1, 1, 1, 1, 1, 1, 1, 1, 1, 1, 1, 1, 1, 1, 1, 1, 1, 1, 1, 1, 1, 1, 1, 1, 1, 1, 1, 1, 1, 1, 1, 1, 1, 1, 1, 1, 1, 1, 1, 1, 1, 1, 1, 1, 1, 1, 1, 1, 1, 1, 1, 1, 1, 1, 1, 1, 1, 1, 1, 1, 1, 1, 1, 1, 1, 1, 1, 1, 1, 1, 1, 1, 1, 1, 1, 1, 1, 1, 1, 1, 1, 1, 1, 1, 1, 1, 1, 1, 1, 1, 1, 1, 1, 1, 1, 1, 1, 1, 1, 1, 1, 1, 1, 1, 1, 1, 1, 1, 1, 1, 1, 1, 1, 1, 1, 1, 1, 1, 1, 1, 1, 1, 1, 1, 1, 1, 1, 1, 1, 1, 1, 1, 1, 1, 1, 1, 1, 1, 1, 1, 1, 1, 1, 1, 1, 1, 1, 1, 1, 1, 1, 1, 1, 1]",1,300,1.0,,3.314281,"[3203.0, 3135.0, 3135.0, 2919.0, 2919.0, 2834.0, 2834.0, 2834.0, 2801.0, 2801.0, 2801.0, 2766.0, 2735.0, 2718.0, 2693.0, 2585.0, 2585.0, 2585.0, 2530.0, 2521.0, 2354.0, 2354.0, 2354.0, 2354.0, 2354.0, 2354.0, 2354.0, 2354.0, 2354.0, 2354.0, 2354.0, 2354.0, 2354.0, 2354.0, 2343.0, 2343.0, 2309.0, 2309.0, 2309.0, 2309.0, 2309.0, 2272.0, 2272.0, 2272.0, 2272.0, 2272.0, 2272.0, 2272.0, 2272.0, 2263.0, 2263.0, 2241.0, 2241.0, 2241.0, 2241.0, 2241.0, 2241.0, 2241.0, 2241.0, 2241.0, 2241.0, 2241.0, 2241.0, 2241.0, 2241.0, 2241.0, 2241.0, 2241.0, 2241.0, 2241.0, 2241.0, 2241.0, 2241.0, 2241.0, 2241.0, 2241.0, 2241.0, 2241.0, 2241.0, 2241.0, 2241.0, 2241.0, 2241.0, 2241.0, 2239.0, 2239.0, 2239.0, 2239.0, 2232.0, 2232.0, 2232.0, 2232.0, 2232.0, 2162.0, 2161.0, 2161.0, 2161.0, 2149.0, 2149.0, 2149.0, 2149.0, 2149.0, 2149.0, 2149.0, 2149.0, 2149.0, 2149.0, 2149.0, 2149.0, 2149.0, 2149.0, 2149.0, 2142.0, 2142.0, 2142.0, 2139.0, 2139.0, 2139.0, 2139.0, 2139.0, 2139.0, 2139.0, 2139.0, 2139.0, 2139.0, 2139.0, 2139.0, 2139.0, 2139.0, 2139.0, 2139.0, 2139.0, 2139.0, 2139.0, 2139.0, 2139.0, 2139.0, 2139.0, 2139.0, 2132.0, 2132.0, 2132.0, 2132.0, 2132.0, 2132.0, 2132.0, 2132.0, 2132.0, 2132.0, 2132.0, 2132.0, 2132.0, 2132.0, 2132.0, 2132.0, 2132.0, 2132.0, 2132.0, 2132.0, 2132.0, 2132.0, 2132.0, 2132.0, 2129.0, 2129.0, 2129.0, 2129.0, 2129.0, 2129.0, 2112.0, 2112.0, 2112.0, 2112.0, 2112.0, 2112.0, 2112.0, 2112.0, 2109.0, 2109.0, 2109.0, 2109.0, 2109.0, 2109.0, 2109.0, 2093.0, 2093.0, 2093.0, 2093.0, 2093.0, 2093.0, 2093.0, 2087.0, 2087.0, 2087.0, 2087.0, 2081.0, 2081.0, 2081.0, 2081.0, 2081.0, 2081.0, 2081.0, 2081.0, 2081.0, 2081.0, 2081.0, 2081.0, 2081.0, 2081.0, 2081.0, 2081.0, 2081.0, 2081.0, 2081.0, 2081.0, 2081.0, 2081.0, 2070.0, 2070.0, 2070.0, 2070.0, 2070.0, 2070.0, 2070.0, 2070.0, 2070.0, 2070.0, 2070.0, 2070.0, 2070.0, 2070.0, 2070.0, 2070.0, 2070.0, 2070.0, 2070.0, 2070.0, 2070.0, 2070.0, 2070.0, 2070.0, 2070.0, 2070.0, 2070.0, 2043.0, 2043.0, 2043.0, 2043.0, 2043.0, 2043.0, 2043.0, 2043.0, 2043.0, 2043.0, 2043.0, 2043.0, 2043.0, 2043.0, 2043.0, 2043.0, 2043.0, 2043.0, 2043.0, 2043.0, 2043.0, 2043.0, 2043.0, 2043.0, 2043.0, 2043.0, 2043.0, 2043.0, 2043.0, 2043.0, 2043.0, 2043.0, 2043.0, 2043.0, 2043.0, 2043.0, 2043.0, 2043.0, 2043.0, 2043.0, 2043.0, 2043.0, 2043.0, 2043.0, 2043.0, 2043.0, 2043.0, 2043.0, 2043.0, 2043.0, 2043.0, 2043.0, 2043.0, 2043.0, 2043.0, 2043.0]",5,A-n60-k9.vrp,245,GA,data/vrp/A-n60-k9.vrp
True,40 27 44 57 55 34 4 12 35 36 30 60 53 17 37 23 11 32 7 54 50 3 21 5 22 29 31 45 2 41 48 10 46 6 15 52 33 39 51 13 38 58 16 25 43 28 9 8 26 59 56 14 18 20 47 42 49 24 19,2226.0,2226.0,"[1, 1, 1, 1, 1, 1, 1, 1, 1, 1, 1, 1, 1, 1, 1, 1, 1, 1, 1, 1, 1, 1, 1, 1, 1, 1, 1, 1, 1, 1, 1, 1, 1, 1, 1, 1, 1, 1, 1, 1, 1, 1, 1, 1, 1, 1, 1, 1, 1, 1, 1, 1, 1, 1, 1, 1, 1, 1, 1, 1, 1, 1, 1, 1, 1, 1, 1, 1, 1, 1, 1, 1, 1, 1, 1, 1, 1, 1, 1, 1, 1, 1, 1, 1, 1, 1, 1, 1, 1, 1, 1, 1, 1, 1, 1, 1, 1, 1, 1, 1, 1, 1, 1, 1, 1, 1, 1, 1, 1, 1, 1, 1, 1, 1, 1, 1, 1, 1, 1, 1, 1, 1, 1, 1, 1, 1, 1, 1, 1, 1, 1, 1, 1, 1, 1, 1, 1, 1, 1, 1, 1, 1, 1, 1, 1, 1, 1, 1, 1, 1, 1, 1, 1, 1, 1, 1, 1, 1, 1, 1, 1, 1, 1, 1, 1, 1, 1, 1, 1, 1, 1, 1, 1, 1, 1, 1, 1, 1, 1, 1, 1, 1, 1, 1, 1, 1, 1, 1, 1, 1, 1, 1, 1, 1, 1, 1, 1, 1, 1, 1, 1, 1, 1, 1, 1, 1, 1, 1, 1, 1, 1, 1, 1, 1, 1, 1, 1, 1, 1, 1, 1, 1, 1, 1, 1, 1, 1, 1, 1, 1, 1, 1, 1, 1, 1, 1, 1, 1, 1, 1, 1, 1, 1, 1, 1, 1, 1, 1, 1, 1, 1, 1, 1, 1, 1, 1, 1, 1, 1, 1, 1, 1, 1, 1, 1, 1, 1, 1, 1, 1, 1, 1, 1, 1, 1, 1, 1, 1, 1, 1, 1, 1, 1, 1, 1, 1, 1, 1, 1, 1, 1, 1, 1, 1, 1, 1, 1, 1, 1, 1]",1,300,1.0,,3.273496,"[3169.0, 2859.0, 2859.0, 2859.0, 2859.0, 2859.0, 2859.0, 2842.0, 2842.0, 2842.0, 2820.0, 2820.0, 2806.0, 2806.0, 2783.0, 2756.0, 2736.0, 2736.0, 2577.0, 2577.0, 2577.0, 2577.0, 2577.0, 2577.0, 2577.0, 2577.0, 2577.0, 2570.0, 2570.0, 2502.0, 2502.0, 2496.0, 2496.0, 2496.0, 2496.0, 2496.0, 2496.0, 2496.0, 2496.0, 2496.0, 2496.0, 2496.0, 2496.0, 2496.0, 2477.0, 2477.0, 2477.0, 2477.0, 2477.0, 2477.0, 2477.0, 2477.0, 2477.0, 2477.0, 2477.0, 2477.0, 2477.0, 2477.0, 2477.0, 2477.0, 2477.0, 2477.0, 2477.0, 2477.0, 2477.0, 2477.0, 2477.0, 2477.0, 2477.0, 2477.0, 2477.0, 2477.0, 2477.0, 2477.0, 2477.0, 2477.0, 2477.0, 2477.0, 2477.0, 2477.0, 2477.0, 2477.0, 2477.0, 2477.0, 2477.0, 2477.0, 2477.0, 2477.0, 2477.0, 2477.0, 2477.0, 2477.0, 2477.0, 2477.0, 2477.0, 2477.0, 2477.0, 2477.0, 2477.0, 2477.0, 2477.0, 2477.0, 2477.0, 2477.0, 2477.0, 2477.0, 2477.0, 2477.0, 2477.0, 2477.0, 2477.0, 2477.0, 2477.0, 2477.0, 2477.0, 2477.0, 2477.0, 2477.0, 2477.0, 2477.0, 2477.0, 2477.0, 2477.0, 2477.0, 2477.0, 2477.0, 2477.0, 2477.0, 2477.0, 2477.0, 2477.0, 2477.0, 2477.0, 2477.0, 2477.0, 2477.0, 2477.0, 2477.0, 2477.0, 2477.0, 2477.0, 2477.0, 2477.0, 2477.0, 2477.0, 2477.0, 2477.0, 2477.0, 2477.0, 2477.0, 2477.0, 2477.0, 2477.0, 2477.0, 2477.0, 2477.0, 2477.0, 2477.0, 2477.0, 2477.0, 2474.0, 2474.0, 2474.0, 2474.0, 2474.0, 2474.0, 2474.0, 2474.0, 2474.0, 2474.0, 2474.0, 2474.0, 2474.0, 2474.0, 2474.0, 2474.0, 2474.0, 2474.0, 2474.0, 2474.0, 2474.0, 2474.0, 2474.0, 2474.0, 2474.0, 2474.0, 2474.0, 2471.0, 2471.0, 2471.0, 2471.0, 2471.0, 2471.0, 2471.0, 2471.0, 2471.0, 2450.0, 2450.0, 2450.0, 2450.0, 2450.0, 2450.0, 2450.0, 2450.0, 2450.0, 2450.0, 2450.0, 2450.0, 2450.0, 2450.0, 2450.0, 2450.0, 2450.0, 2450.0, 2450.0, 2450.0, 2450.0, 2450.0, 2432.0, 2432.0, 2432.0, 2432.0, 2432.0, 2432.0, 2432.0, 2432.0, 2432.0, 2432.0, 2432.0, 2432.0, 2432.0, 2432.0, 2432.0, 2432.0, 2432.0, 2432.0, 2421.0, 2421.0, 2407.0, 2407.0, 2407.0, 2407.0, 2407.0, 2407.0, 2407.0, 2407.0, 2396.0, 2396.0, 2396.0, 2396.0, 2396.0, 2362.0, 2362.0, 2362.0, 2362.0, 2362.0, 2362.0, 2362.0, 2362.0, 2362.0, 2362.0, 2362.0, 2362.0, 2362.0, 2362.0, 2362.0, 2362.0, 2355.0, 2355.0, 2355.0, 2355.0, 2355.0, 2355.0, 2328.0, 2328.0, 2328.0, 2328.0, 2328.0, 2328.0, 2328.0, 2328.0, 2328.0, 2328.0, 2328.0, 2328.0, 2294.0, 2294.0, 2294.0, 2294.0, 2294.0, 2294.0, 2294.0, 2294.0, 2294.0, 2226.0, 2226.0, 2226.0, 2226.0, 2226.0, 2226.0]",6,A-n60-k9.vrp,295,GA,data/vrp/A-n60-k9.vrp
True,36 46 29 9 28 17 4 47 41 26 15 20 16 8 34 42 19 53 60 58 12 21 5 22 54 31 45 32 59 33 11 23 51 14 24 25 2 55 6 44 27 48 35 43 49 39 18 57 56 7 3 37 50 40 52 10 13 38 30,2164.0,2164.0,"[1, 1, 1, 1, 1, 1, 1, 1, 1, 1, 1, 1, 1, 1, 1, 1, 1, 1, 1, 1, 1, 1, 1, 1, 1, 1, 1, 1, 1, 1, 1, 1, 1, 1, 1, 1, 1, 1, 1, 1, 1, 1, 1, 1, 1, 1, 1, 1, 1, 1, 1, 1, 1, 1, 1, 1, 1, 1, 1, 1, 1, 1, 1, 1, 1, 1, 1, 1, 1, 1, 1, 1, 1, 1, 1, 1, 1, 1, 1, 1, 1, 1, 1, 1, 1, 1, 1, 1, 1, 1, 1, 1, 1, 1, 1, 1, 1, 1, 1, 1, 1, 1, 1, 1, 1, 1, 1, 1, 1, 1, 1, 1, 1, 1, 1, 1, 1, 1, 1, 1, 1, 1, 1, 1, 1, 1, 1, 1, 1, 1, 1, 1, 1, 1, 1, 1, 1, 1, 1, 1, 1, 1, 1, 1, 1, 1, 1, 1, 1, 1, 1, 1, 1, 1, 1, 1, 1, 1, 1, 1, 1, 1, 1, 1, 1, 1, 1, 1, 1, 1, 1, 1, 1, 1, 1, 1, 1, 1, 1, 1, 1, 1, 1, 1, 1, 1, 1, 1, 1, 1, 1, 1, 1, 1, 1, 1, 1, 1, 1, 1, 1, 1, 1, 1, 1, 1, 1, 1, 1, 1, 1, 1, 1, 1, 1, 1, 1, 1, 1, 1, 1, 1, 1, 1, 1, 1, 1, 1, 1, 1, 1, 1, 1, 1, 1, 1, 1, 1, 1, 1, 1, 1, 1, 1, 1, 1, 1, 1, 1, 1, 1, 1, 1, 1, 1, 1, 1, 1, 1, 1, 1, 1, 1, 1, 1, 1, 1, 1, 1, 1, 1, 1, 1, 1, 1, 1, 1, 1, 1, 1, 1, 1, 1, 1, 1, 1, 1, 1, 1, 1, 1, 1, 1, 1, 1, 1, 1, 1, 1, 1]",1,300,1.0,,3.335977,"[3317.0, 3202.0, 3136.0, 3086.0, 3086.0, 3027.0, 2885.0, 2885.0, 2870.0, 2866.0, 2779.0, 2779.0, 2676.0, 2676.0, 2676.0, 2676.0, 2676.0, 2667.0, 2667.0, 2667.0, 2667.0, 2667.0, 2651.0, 2651.0, 2651.0, 2651.0, 2651.0, 2651.0, 2612.0, 2612.0, 2612.0, 2612.0, 2598.0, 2598.0, 2598.0, 2552.0, 2552.0, 2548.0, 2548.0, 2548.0, 2543.0, 2537.0, 2537.0, 2537.0, 2531.0, 2531.0, 2518.0, 2469.0, 2469.0, 2469.0, 2469.0, 2469.0, 2469.0, 2469.0, 2469.0, 2469.0, 2469.0, 2469.0, 2454.0, 2448.0, 2448.0, 2448.0, 2448.0, 2448.0, 2448.0, 2426.0, 2426.0, 2426.0, 2426.0, 2426.0, 2426.0, 2426.0, 2426.0, 2426.0, 2426.0, 2426.0, 2426.0, 2426.0, 2426.0, 2426.0, 2426.0, 2426.0, 2421.0, 2421.0, 2421.0, 2381.0, 2360.0, 2335.0, 2335.0, 2314.0, 2314.0, 2314.0, 2314.0, 2314.0, 2314.0, 2314.0, 2314.0, 2314.0, 2314.0, 2314.0, 2314.0, 2314.0, 2314.0, 2301.0, 2301.0, 2301.0, 2301.0, 2301.0, 2301.0, 2301.0, 2301.0, 2266.0, 2266.0, 2266.0, 2266.0, 2266.0, 2266.0, 2266.0, 2266.0, 2266.0, 2266.0, 2266.0, 2266.0, 2266.0, 2266.0, 2266.0, 2266.0, 2266.0, 2266.0, 2266.0, 2266.0, 2250.0, 2250.0, 2250.0, 2250.0, 2250.0, 2250.0, 2250.0, 2250.0, 2250.0, 2250.0, 2250.0, 2250.0, 2250.0, 2244.0, 2244.0, 2244.0, 2244.0, 2233.0, 2233.0, 2233.0, 2233.0, 2233.0, 2233.0, 2233.0, 2233.0, 2218.0, 2218.0, 2218.0, 2218.0, 2218.0, 2218.0, 2218.0, 2212.0, 2212.0, 2212.0, 2212.0, 2212.0, 2212.0, 2184.0, 2184.0, 2184.0, 2184.0, 2184.0, 2184.0, 2184.0, 2184.0, 2184.0, 2184.0, 2184.0, 2184.0, 2184.0, 2184.0, 2184.0, 2184.0, 2184.0, 2184.0, 2184.0, 2184.0, 2184.0, 2184.0, 2184.0, 2184.0, 2184.0, 2184.0, 2184.0, 2184.0, 2184.0, 2184.0, 2184.0, 2184.0, 2182.0, 2182.0, 2182.0, 2166.0, 2166.0, 2166.0, 2166.0, 2164.0, 2164.0, 2164.0, 2164.0, 2164.0, 2164.0, 2164.0, 2164.0, 2164.0, 2164.0, 2164.0, 2164.0, 2164.0, 2164.0, 2164.0, 2164.0, 2164.0, 2164.0, 2164.0, 2164.0, 2164.0, 2164.0, 2164.0, 2164.0, 2164.0, 2164.0, 2164.0, 2164.0, 2164.0, 2164.0, 2164.0, 2164.0, 2164.0, 2164.0, 2164.0, 2164.0, 2164.0, 2164.0, 2164.0, 2164.0, 2164.0, 2164.0, 2164.0, 2164.0, 2164.0, 2164.0, 2164.0, 2164.0, 2164.0, 2164.0, 2164.0, 2164.0, 2164.0, 2164.0, 2164.0, 2164.0, 2164.0, 2164.0, 2164.0, 2164.0, 2164.0, 2164.0, 2164.0, 2164.0, 2164.0, 2164.0, 2164.0, 2164.0, 2164.0, 2164.0, 2164.0, 2164.0, 2164.0, 2164.0, 2164.0, 2164.0, 2164.0, 2164.0, 2164.0, 2164.0, 2164.0, 2164.0, 2164.0, 2164.0, 2164.0, 2164.0, 2164.0, 2164.0, 2164.0, 2164.0, 2164.0, 2164.0]",7,A-n60-k9.vrp,209,GA,data/vrp/A-n60-k9.vrp
True,17 7 10 57 27 30 36 25 33 28 9 18 14 44 55 6 50 32 3 52 13 15 23 11 37 40 51 16 60 35 48 56 8 38 58 20 43 49 2 5 21 24 29 31 54 22 4 47 41 12 45 46 59 19 26 53 39 34 42,2060.0,2060.0,"[1, 1, 1, 1, 1, 1, 1, 1, 1, 1, 1, 1, 1, 1, 1, 1, 1, 1, 1, 1, 1, 1, 1, 1, 1, 1, 1, 1, 1, 1, 1, 1, 1, 1, 1, 1, 1, 1, 1, 1, 1, 1, 1, 1, 1, 1, 1, 1, 1, 1, 1, 1, 1, 1, 1, 1, 1, 1, 1, 1, 1, 1, 1, 1, 1, 1, 1, 1, 1, 1, 1, 1, 1, 1, 1, 1, 1, 1, 1, 1, 1, 1, 1, 1, 1, 1, 1, 1, 1, 1, 1, 1, 1, 1, 1, 1, 1, 1, 1, 1, 1, 1, 1, 1, 1, 1, 1, 1, 1, 1, 1, 1, 1, 1, 1, 1, 1, 1, 1, 1, 1, 1, 1, 1, 1, 1, 1, 1, 1, 1, 1, 1, 1, 1, 1, 1, 1, 1, 1, 1, 1, 1, 1, 1, 1, 1, 1, 1, 1, 1, 1, 1, 1, 1, 1, 1, 1, 1, 1, 1, 1, 1, 1, 1, 1, 1, 1, 1, 1, 1, 1, 1, 1, 1, 1, 1, 1, 1, 1, 1, 1, 1, 1, 1, 1, 1, 1, 1, 1, 1, 1, 1, 1, 1, 1, 1, 1, 1, 1, 1, 1, 1, 1, 1, 1, 1, 1, 1, 1, 1, 1, 1, 1, 1, 1, 1, 1, 1, 1, 1, 1, 1, 1, 1, 1, 1, 1, 1, 1, 1, 1, 1, 1, 1, 1, 1, 1, 1, 1, 1, 1, 1, 1, 1, 1, 1, 1, 1, 1, 1, 1, 1, 1, 1, 1, 1, 1, 1, 1, 1, 1, 1, 1, 1, 1, 1, 1, 1, 1, 1, 1, 1, 1, 1, 1, 1, 1, 1, 1, 1, 1, 1, 1, 1, 1, 1, 1, 1, 1, 1, 1, 1, 1, 1, 1, 1, 1, 1, 1, 1]",1,300,1.0,,3.287282,"[3120.0, 3045.0, 2910.0, 2910.0, 2849.0, 2849.0, 2849.0, 2709.0, 2709.0, 2709.0, 2709.0, 2648.0, 2648.0, 2648.0, 2648.0, 2572.0, 2572.0, 2572.0, 2572.0, 2533.0, 2533.0, 2533.0, 2533.0, 2527.0, 2471.0, 2471.0, 2471.0, 2468.0, 2468.0, 2468.0, 2468.0, 2463.0, 2452.0, 2452.0, 2452.0, 2452.0, 2412.0, 2412.0, 2412.0, 2412.0, 2403.0, 2389.0, 2389.0, 2363.0, 2363.0, 2363.0, 2363.0, 2363.0, 2363.0, 2327.0, 2327.0, 2327.0, 2327.0, 2327.0, 2327.0, 2327.0, 2287.0, 2287.0, 2287.0, 2287.0, 2287.0, 2287.0, 2287.0, 2287.0, 2254.0, 2254.0, 2254.0, 2254.0, 2254.0, 2254.0, 2254.0, 2254.0, 2254.0, 2254.0, 2254.0, 2254.0, 2254.0, 2254.0, 2254.0, 2254.0, 2254.0, 2254.0, 2254.0, 2254.0, 2254.0, 2254.0, 2254.0, 2254.0, 2254.0, 2254.0, 2254.0, 2254.0, 2254.0, 2254.0, 2254.0, 2254.0, 2254.0, 2254.0, 2254.0, 2254.0, 2254.0, 2254.0, 2254.0, 2254.0, 2254.0, 2254.0, 2254.0, 2254.0, 2254.0, 2254.0, 2254.0, 2254.0, 2254.0, 2254.0, 2254.0, 2254.0, 2254.0, 2254.0, 2254.0, 2254.0, 2254.0, 2254.0, 2254.0, 2254.0, 2254.0, 2254.0, 2219.0, 2219.0, 2219.0, 2219.0, 2219.0, 2219.0, 2219.0, 2219.0, 2219.0, 2219.0, 2219.0, 2219.0, 2219.0, 2219.0, 2219.0, 2219.0, 2219.0, 2219.0, 2219.0, 2219.0, 2219.0, 2219.0, 2219.0, 2219.0, 2219.0, 2219.0, 2219.0, 2219.0, 2219.0, 2219.0, 2219.0, 2219.0, 2219.0, 2219.0, 2219.0, 2219.0, 2219.0, 2219.0, 2219.0, 2219.0, 2219.0, 2219.0, 2219.0, 2209.0, 2209.0, 2209.0, 2209.0, 2201.0, 2197.0, 2197.0, 2197.0, 2165.0, 2165.0, 2165.0, 2165.0, 2165.0, 2165.0, 2165.0, 2150.0, 2150.0, 2150.0, 2145.0, 2120.0, 2120.0, 2120.0, 2120.0, 2120.0, 2120.0, 2120.0, 2120.0, 2120.0, 2120.0, 2120.0, 2120.0, 2120.0, 2120.0, 2120.0, 2120.0, 2120.0, 2120.0, 2120.0, 2120.0, 2120.0, 2120.0, 2120.0, 2120.0, 2120.0, 2120.0, 2120.0, 2120.0, 2120.0, 2120.0, 2120.0, 2118.0, 2118.0, 2118.0, 2118.0, 2113.0, 2113.0, 2113.0, 2106.0, 2106.0, 2106.0, 2106.0, 2102.0, 2102.0, 2102.0, 2102.0, 2102.0, 2102.0, 2102.0, 2102.0, 2102.0, 2102.0, 2102.0, 2102.0, 2102.0, 2102.0, 2102.0, 2102.0, 2102.0, 2102.0, 2102.0, 2102.0, 2102.0, 2102.0, 2102.0, 2102.0, 2102.0, 2102.0, 2102.0, 2102.0, 2102.0, 2102.0, 2102.0, 2102.0, 2102.0, 2102.0, 2102.0, 2102.0, 2102.0, 2102.0, 2102.0, 2102.0, 2102.0, 2102.0, 2102.0, 2102.0, 2102.0, 2097.0, 2097.0, 2097.0, 2097.0, 2097.0, 2097.0, 2097.0, 2097.0, 2097.0, 2097.0, 2097.0, 2097.0, 2091.0, 2091.0, 2060.0, 2060.0, 2060.0, 2060.0, 2060.0, 2060.0, 2060.0, 2060.0, 2060.0, 2060.0, 2060.0]",8,A-n60-k9.vrp,290,GA,data/vrp/A-n60-k9.vrp
True,24 55 49 37 5 47 32 2 46 6 54 45 23 11 10 43 38 20 42 19 56 28 14 30 8 53 51 16 9 27 18 34 35 25 59 29 7 15 58 40 48 22 4 26 17 21 13 33 52 57 44 36 39 60 3 50 31 12 41,1920.0,1920.0,"[1, 1, 1, 1, 1, 1, 1, 1, 1, 1, 1, 1, 1, 1, 1, 1, 1, 1, 1, 1, 1, 1, 1, 1, 1, 1, 1, 1, 1, 1, 1, 1, 1, 1, 1, 1, 1, 1, 1, 1, 1, 1, 1, 1, 1, 1, 1, 1, 1, 1, 1, 1, 1, 1, 1, 1, 1, 1, 1, 1, 1, 1, 1, 1, 1, 1, 1, 1, 1, 1, 1, 1, 1, 1, 1, 1, 1, 1, 1, 1, 1, 1, 1, 1, 1, 1, 1, 1, 1, 1, 1, 1, 1, 1, 1, 1, 1, 1, 1, 1, 1, 1, 1, 1, 1, 1, 1, 1, 1, 1, 1, 1, 1, 1, 1, 1, 1, 1, 1, 1, 1, 1, 1, 1, 1, 1, 1, 1, 1, 1, 1, 1, 1, 1, 1, 1, 1, 1, 1, 1, 1, 1, 1, 1, 1, 1, 1, 1, 1, 1, 1, 1, 1, 1, 1, 1, 1, 1, 1, 1, 1, 1, 1, 1, 1, 1, 1, 1, 1, 1, 1, 1, 1, 1, 1, 1, 1, 1, 1, 1, 1, 1, 1, 1, 1, 1, 1, 1, 1, 1, 1, 1, 1, 1, 1, 1, 1, 1, 1, 1, 1, 1, 1, 1, 1, 1, 1, 1, 1, 1, 1, 1, 1, 1, 1, 1, 1, 1, 1, 1, 1, 1, 1, 1, 1, 1, 1, 1, 1, 1, 1, 1, 1, 1, 1, 1, 1, 1, 1, 1, 1, 1, 1, 1, 1, 1, 1, 1, 1, 1, 1, 1, 1, 1, 1, 1, 1, 1, 1, 1, 1, 1, 1, 1, 1, 1, 1, 1, 1, 1, 1, 1, 1, 1, 1, 1, 1, 1, 1, 1, 1, 1, 1, 1, 1, 1, 1, 1, 1, 1, 1, 1, 1, 1, 1, 1, 1, 1, 1, 1]",1,300,1.0,,3.268935,"[3227.0, 3156.0, 3046.0, 2967.0, 2967.0, 2967.0, 2967.0, 2910.0, 2836.0, 2836.0, 2677.0, 2677.0, 2677.0, 2677.0, 2677.0, 2677.0, 2677.0, 2677.0, 2661.0, 2661.0, 2661.0, 2657.0, 2657.0, 2607.0, 2607.0, 2607.0, 2607.0, 2607.0, 2594.0, 2594.0, 2560.0, 2523.0, 2523.0, 2468.0, 2465.0, 2465.0, 2456.0, 2456.0, 2445.0, 2380.0, 2380.0, 2350.0, 2350.0, 2318.0, 2311.0, 2311.0, 2311.0, 2311.0, 2285.0, 2285.0, 2250.0, 2250.0, 2250.0, 2250.0, 2250.0, 2250.0, 2232.0, 2232.0, 2232.0, 2232.0, 2232.0, 2207.0, 2207.0, 2167.0, 2167.0, 2167.0, 2156.0, 2156.0, 2156.0, 2156.0, 2156.0, 2156.0, 2156.0, 2156.0, 2156.0, 2156.0, 2156.0, 2156.0, 2156.0, 2156.0, 2156.0, 2156.0, 2156.0, 2156.0, 2156.0, 2156.0, 2156.0, 2156.0, 2156.0, 2156.0, 2134.0, 2134.0, 2134.0, 2134.0, 2134.0, 2134.0, 2134.0, 2134.0, 2078.0, 2078.0, 2078.0, 2078.0, 2078.0, 2064.0, 2064.0, 2064.0, 2056.0, 2056.0, 2056.0, 2056.0, 2056.0, 2041.0, 2041.0, 2041.0, 2041.0, 2041.0, 2041.0, 2041.0, 2041.0, 2041.0, 2041.0, 2041.0, 2041.0, 2041.0, 2041.0, 2041.0, 2041.0, 2041.0, 2041.0, 2041.0, 2041.0, 2041.0, 2041.0, 2041.0, 2041.0, 2041.0, 2041.0, 2041.0, 2041.0, 2041.0, 2041.0, 2041.0, 2041.0, 2041.0, 2041.0, 2041.0, 2041.0, 2041.0, 2026.0, 2026.0, 2026.0, 2026.0, 2026.0, 2026.0, 2026.0, 2026.0, 2025.0, 2025.0, 2025.0, 2025.0, 2025.0, 2025.0, 2025.0, 2025.0, 2025.0, 2025.0, 2025.0, 2025.0, 1974.0, 1974.0, 1974.0, 1974.0, 1974.0, 1974.0, 1974.0, 1974.0, 1974.0, 1974.0, 1974.0, 1974.0, 1974.0, 1974.0, 1974.0, 1974.0, 1974.0, 1974.0, 1974.0, 1974.0, 1974.0, 1963.0, 1963.0, 1963.0, 1963.0, 1963.0, 1963.0, 1963.0, 1963.0, 1963.0, 1963.0, 1963.0, 1963.0, 1950.0, 1950.0, 1950.0, 1950.0, 1950.0, 1950.0, 1950.0, 1950.0, 1950.0, 1950.0, 1950.0, 1950.0, 1950.0, 1950.0, 1943.0, 1943.0, 1943.0, 1943.0, 1943.0, 1943.0, 1943.0, 1943.0, 1943.0, 1943.0, 1943.0, 1943.0, 1943.0, 1943.0, 1943.0, 1943.0, 1943.0, 1943.0, 1933.0, 1933.0, 1933.0, 1933.0, 1933.0, 1933.0, 1933.0, 1933.0, 1933.0, 1933.0, 1933.0, 1933.0, 1933.0, 1920.0, 1920.0, 1920.0, 1920.0, 1920.0, 1920.0, 1920.0, 1920.0, 1920.0, 1920.0, 1920.0, 1920.0, 1920.0, 1920.0, 1920.0, 1920.0, 1920.0, 1920.0, 1920.0, 1920.0, 1920.0, 1920.0, 1920.0, 1920.0, 1920.0, 1920.0, 1920.0, 1920.0, 1920.0, 1920.0, 1920.0, 1920.0, 1920.0, 1920.0, 1920.0, 1920.0, 1920.0, 1920.0, 1920.0, 1920.0, 1920.0, 1920.0, 1920.0, 1920.0, 1920.0, 1920.0, 1920.0, 1920.0, 1920.0, 1920.0, 1920.0, 1920.0, 1920.0, 1920.0]",9,A-n60-k9.vrp,247,GA,data/vrp/A-n60-k9.vrp
True,19 6 37 44 10 38 18 28 56 34 4 5 54 45 29 32 57 52 33 55 43 41 47 12 26 35 13 58 17 21 46 49 9 36 51 48 7 15 20 53 59 25 11 23 2 3 24 60 31 50 22 40 16 42 8 27 14 30 39,2167.0,2167.0,"[1, 1, 1, 1, 1, 1, 1, 1, 1, 1, 1, 1, 1, 1, 1, 1, 1, 1, 1, 1, 1, 1, 1, 1, 1, 1, 1, 1, 1, 1, 1, 1, 1, 1, 1, 1, 1, 1, 1, 1, 1, 1, 1, 1, 1, 1, 1, 1, 1, 1, 1, 1, 1, 1, 1, 1, 1, 1, 1, 1, 1, 1, 1, 1, 1, 1, 1, 1, 1, 1, 1, 1, 1, 1, 1, 1, 1, 1, 1, 1, 1, 1, 1, 1, 1, 1, 1, 1, 1, 1, 1, 1, 1, 1, 1, 1, 1, 1, 1, 1, 1, 1, 1, 1, 1, 1, 1, 1, 1, 1, 1, 1, 1, 1, 1, 1, 1, 1, 1, 1, 1, 1, 1, 1, 1, 1, 1, 1, 1, 1, 1, 1, 1, 1, 1, 1, 1, 1, 1, 1, 1, 1, 1, 1, 1, 1, 1, 1, 1, 1, 1, 1, 1, 1, 1, 1, 1, 1, 1, 1, 1, 1, 1, 1, 1, 1, 1, 1, 1, 1, 1, 1, 1, 1, 1, 1, 1, 1, 1, 1, 1, 1, 1, 1, 1, 1, 1, 1, 1, 1, 1, 1, 1, 1, 1, 1, 1, 1, 1, 1, 1, 1, 1, 1, 1, 1, 1, 1, 1, 1, 1, 1, 1, 1, 1, 1, 1, 1, 1, 1, 1, 1, 1, 1, 1, 1, 1, 1, 1, 1, 1, 1, 1, 1, 1, 1, 1, 1, 1, 1, 1, 1, 1, 1, 1, 1, 1, 1, 1, 1, 1, 1, 1, 1, 1, 1, 1, 1, 1, 1, 1, 1, 1, 1, 1, 1, 1, 1, 1, 1, 1, 1, 1, 1, 1, 1, 1, 1, 1, 1, 1, 1, 1, 1, 1, 1, 1, 1, 1, 1, 1, 1, 1, 1, 1, 1, 1, 1, 1, 1]",1,300,1.0,,3.230158,"[3249.0, 3075.0, 3075.0, 2932.0, 2932.0, 2932.0, 2836.0, 2836.0, 2825.0, 2753.0, 2753.0, 2753.0, 2691.0, 2691.0, 2691.0, 2635.0, 2635.0, 2611.0, 2611.0, 2569.0, 2516.0, 2516.0, 2516.0, 2516.0, 2516.0, 2516.0, 2516.0, 2508.0, 2508.0, 2442.0, 2442.0, 2442.0, 2442.0, 2432.0, 2432.0, 2415.0, 2415.0, 2415.0, 2415.0, 2415.0, 2415.0, 2415.0, 2399.0, 2399.0, 2388.0, 2388.0, 2388.0, 2388.0, 2388.0, 2385.0, 2383.0, 2383.0, 2380.0, 2380.0, 2380.0, 2380.0, 2352.0, 2352.0, 2352.0, 2330.0, 2330.0, 2313.0, 2297.0, 2297.0, 2297.0, 2297.0, 2297.0, 2297.0, 2297.0, 2297.0, 2297.0, 2254.0, 2254.0, 2254.0, 2254.0, 2254.0, 2249.0, 2249.0, 2249.0, 2249.0, 2249.0, 2249.0, 2249.0, 2249.0, 2249.0, 2249.0, 2249.0, 2249.0, 2249.0, 2249.0, 2249.0, 2249.0, 2249.0, 2249.0, 2249.0, 2249.0, 2249.0, 2249.0, 2249.0, 2249.0, 2249.0, 2249.0, 2249.0, 2244.0, 2244.0, 2244.0, 2244.0, 2244.0, 2244.0, 2244.0, 2244.0, 2244.0, 2244.0, 2244.0, 2244.0, 2244.0, 2244.0, 2244.0, 2244.0, 2244.0, 2244.0, 2244.0, 2244.0, 2244.0, 2244.0, 2224.0, 2224.0, 2224.0, 2224.0, 2224.0, 2224.0, 2224.0, 2224.0, 2224.0, 2224.0, 2224.0, 2224.0, 2224.0, 2224.0, 2224.0, 2224.0, 2224.0, 2224.0, 2224.0, 2224.0, 2224.0, 2224.0, 2224.0, 2224.0, 2224.0, 2224.0, 2224.0, 2224.0, 2224.0, 2224.0, 2193.0, 2193.0, 2193.0, 2193.0, 2193.0, 2193.0, 2193.0, 2193.0, 2193.0, 2182.0, 2182.0, 2182.0, 2182.0, 2182.0, 2182.0, 2182.0, 2182.0, 2182.0, 2182.0, 2180.0, 2180.0, 2180.0, 2180.0, 2180.0, 2180.0, 2180.0, 2180.0, 2180.0, 2180.0, 2180.0, 2180.0, 2180.0, 2180.0, 2180.0, 2180.0, 2180.0, 2180.0, 2180.0, 2180.0, 2180.0, 2180.0, 2180.0, 2180.0, 2180.0, 2180.0, 2180.0, 2167.0, 2167.0, 2167.0, 2167.0, 2167.0, 2167.0, 2167.0, 2167.0, 2167.0, 2167.0, 2167.0, 2167.0, 2167.0, 2167.0, 2167.0, 2167.0, 2167.0, 2167.0, 2167.0, 2167.0, 2167.0, 2167.0, 2167.0, 2167.0, 2167.0, 2167.0, 2167.0, 2167.0, 2167.0, 2167.0, 2167.0, 2167.0, 2167.0, 2167.0, 2167.0, 2167.0, 2167.0, 2167.0, 2167.0, 2167.0, 2167.0, 2167.0, 2167.0, 2167.0, 2167.0, 2167.0, 2167.0, 2167.0, 2167.0, 2167.0, 2167.0, 2167.0, 2167.0, 2167.0, 2167.0, 2167.0, 2167.0, 2167.0, 2167.0, 2167.0, 2167.0, 2167.0, 2167.0, 2167.0, 2167.0, 2167.0, 2167.0, 2167.0, 2167.0, 2167.0, 2167.0, 2167.0, 2167.0, 2167.0, 2167.0, 2167.0, 2167.0, 2167.0, 2167.0, 2167.0, 2167.0, 2167.0, 2167.0, 2167.0, 2167.0, 2167.0, 2167.0, 2167.0, 2167.0, 2167.0, 2167.0, 2167.0, 2167.0, 2167.0, 2167.0, 2167.0, 2167.0, 2167.0, 2167.0]",10,A-n60-k9.vrp,202,GA,data/vrp/A-n60-k9.vrp
True,54 50 37 11 10 52 13 51 16 56 8 30 60 42 41 12 5 45 3 32 21 17 7 25 29 44 57 33 18 27 58 28 53 34 9 38 14 36 47 4 26 49 23 55 43 59 40 39 20 35 24 48 19 15 2 46 6 31 22,1830.0,1830.0,"[1, 1, 1, 1, 1, 1, 1, 1, 1, 1, 1, 1, 1, 1, 1, 1, 1, 1, 1, 1, 1, 1, 1, 1, 1, 1, 1, 1, 1, 1, 1, 1, 1, 1, 1, 1, 1, 1, 1, 1, 1, 1, 1, 1, 1, 1, 1, 1, 1, 1, 1, 1, 1, 1, 1, 1, 1, 1, 1, 1, 1, 1, 1, 1, 1, 1, 1, 1, 1, 1, 1, 1, 1, 1, 1, 1, 1, 1, 1, 1, 1, 1, 1, 1, 1, 1, 1, 1, 1, 1, 1, 1, 1, 1, 1, 1, 1, 1, 1, 1, 1, 1, 1, 1, 1, 1, 1, 1, 1, 1, 1, 1, 1, 1, 1, 1, 1, 1, 1, 1, 1, 1, 1, 1, 1, 1, 1, 1, 1, 1, 1, 1, 1, 1, 1, 1, 1, 1, 1, 1, 1, 1, 1, 1, 1, 1, 1, 1, 1, 1, 1, 1, 1, 1, 1, 1, 1, 1, 1, 1, 1, 1, 1, 1, 1, 1, 1, 1, 1, 1, 1, 1, 1, 1, 1, 1, 1, 1, 1, 1, 1, 1, 1, 1, 1, 1, 1, 1, 1, 1, 1, 1, 1, 1, 1, 1, 1, 1, 1, 1, 1, 1, 1, 1, 1, 1, 1, 1, 1, 1, 1, 1, 1, 1, 1, 1, 1, 1, 1, 1, 1, 1, 1, 1, 1, 1, 1, 1, 1, 1, 1, 1, 1, 1, 1, 1, 1, 1, 1, 1, 1, 1, 1, 1, 1, 1, 1, 1, 1, 1, 1, 1, 1, 1, 1, 1, 1, 1, 1, 1, 1, 1, 1, 1, 1, 1, 1, 1, 1, 1, 1, 1, 1, 1, 1, 1, 1, 1, 1, 1, 1, 1, 1, 1, 1, 1, 1, 1, 1, 1, 1, 1, 1, 1, 1, 1, 1, 1, 1, 1]",1,300,1.0,,6.973495,"[3096.0, 2875.0, 2742.0, 2709.0, 2691.0, 2621.0, 2539.0, 2445.0, 2407.0, 2346.0, 2254.0, 2205.0, 2180.0, 2180.0, 2173.0, 2165.0, 2087.0, 2079.0, 2079.0, 2079.0, 2079.0, 2071.0, 2071.0, 2071.0, 2038.0, 2038.0, 1991.0, 1968.0, 1968.0, 1968.0, 1968.0, 1968.0, 1968.0, 1967.0, 1967.0, 1940.0, 1928.0, 1925.0, 1923.0, 1911.0, 1889.0, 1889.0, 1889.0, 1889.0, 1889.0, 1889.0, 1889.0, 1889.0, 1889.0, 1889.0, 1889.0, 1889.0, 1889.0, 1889.0, 1889.0, 1889.0, 1889.0, 1883.0, 1883.0, 1883.0, 1883.0, 1878.0, 1878.0, 1878.0, 1878.0, 1878.0, 1878.0, 1878.0, 1878.0, 1878.0, 1878.0, 1878.0, 1878.0, 1878.0, 1878.0, 1878.0, 1878.0, 1878.0, 1878.0, 1878.0, 1878.0, 1878.0, 1878.0, 1878.0, 1878.0, 1878.0, 1878.0, 1878.0, 1878.0, 1878.0, 1878.0, 1878.0, 1878.0, 1878.0, 1872.0, 1872.0, 1872.0, 1872.0, 1872.0, 1853.0, 1844.0, 1844.0, 1844.0, 1844.0, 1844.0, 1844.0, 1844.0, 1844.0, 1844.0, 1844.0, 1841.0, 1841.0, 1841.0, 1841.0, 1841.0, 1841.0, 1841.0, 1841.0, 1841.0, 1841.0, 1841.0, 1841.0, 1841.0, 1841.0, 1841.0, 1841.0, 1841.0, 1841.0, 1841.0, 1841.0, 1841.0, 1841.0, 1841.0, 1841.0, 1841.0, 1841.0, 1841.0, 1841.0, 1841.0, 1841.0, 1841.0, 1841.0, 1841.0, 1841.0, 1841.0, 1841.0, 1839.0, 1839.0, 1839.0, 1839.0, 1839.0, 1839.0, 1839.0, 1839.0, 1839.0, 1839.0, 1839.0, 1839.0, 1839.0, 1839.0, 1839.0, 1839.0, 1839.0, 1839.0, 1839.0, 1839.0, 1838.0, 1838.0, 1838.0, 1838.0, 1838.0, 1838.0, 1838.0, 1838.0, 1838.0, 1838.0, 1838.0, 1838.0, 1838.0, 1838.0, 1838.0, 1838.0, 1838.0, 1838.0, 1838.0, 1838.0, 1838.0, 1838.0, 1838.0, 1838.0, 1838.0, 1838.0, 1838.0, 1838.0, 1838.0, 1838.0, 1838.0, 1838.0, 1838.0, 1838.0, 1838.0, 1838.0, 1838.0, 1838.0, 1838.0, 1838.0, 1838.0, 1838.0, 1838.0, 1838.0, 1838.0, 1838.0, 1838.0, 1838.0, 1838.0, 1838.0, 1838.0, 1838.0, 1838.0, 1838.0, 1838.0, 1838.0, 1838.0, 1838.0, 1838.0, 1838.0, 1838.0, 1838.0, 1838.0, 1838.0, 1838.0, 1838.0, 1838.0, 1838.0, 1838.0, 1838.0, 1838.0, 1838.0, 1838.0, 1838.0, 1838.0, 1838.0, 1838.0, 1838.0, 1838.0, 1838.0, 1838.0, 1838.0, 1838.0, 1838.0, 1838.0, 1838.0, 1838.0, 1838.0, 1838.0, 1838.0, 1837.0, 1837.0, 1834.0, 1834.0, 1834.0, 1834.0, 1834.0, 1834.0, 1834.0, 1834.0, 1834.0, 1830.0, 1830.0, 1830.0, 1830.0, 1830.0, 1830.0, 1830.0, 1830.0, 1830.0, 1830.0, 1830.0, 1830.0, 1830.0, 1830.0, 1830.0, 1830.0, 1830.0, 1830.0, 1830.0, 1830.0, 1830.0, 1830.0, 1830.0, 1830.0, 1830.0, 1830.0, 1830.0, 1830.0, 1830.0, 1830.0, 1830.0, 1830.0, 1830.0]",1,A-n60-k9.vrp,268,GEA,data/vrp/A-n60-k9.vrp
True,26 25 59 2 51 28 16 27 35 29 50 7 12 4 46 49 3 44 57 13 10 52 33 56 58 18 9 20 53 19 47 41 5 22 45 6 23 48 42 39 8 38 60 34 30 14 40 36 24 15 11 43 55 37 31 54 32 21 17,1751.0,1751.0,"[1, 1, 1, 1, 1, 1, 1, 1, 1, 1, 1, 1, 1, 1, 1, 1, 1, 1, 1, 1, 1, 1, 1, 1, 1, 1, 1, 1, 1, 1, 1, 1, 1, 1, 1, 1, 1, 1, 1, 1, 1, 1, 1, 1, 1, 1, 1, 1, 1, 1, 1, 1, 1, 1, 1, 1, 1, 1, 1, 1, 1, 1, 1, 1, 1, 1, 1, 1, 1, 1, 1, 1, 1, 1, 1, 1, 1, 1, 1, 1, 1, 1, 1, 1, 1, 1, 1, 1, 1, 1, 1, 1, 1, 1, 1, 1, 1, 1, 1, 1, 1, 1, 1, 1, 1, 1, 1, 1, 1, 1, 1, 1, 1, 1, 1, 1, 1, 1, 1, 1, 1, 1, 1, 1, 1, 1, 1, 1, 1, 1, 1, 1, 1, 1, 1, 1, 1, 1, 1, 1, 1, 1, 1, 1, 1, 1, 1, 1, 1, 1, 1, 1, 1, 1, 1, 1, 1, 1, 1, 1, 1, 1, 1, 1, 1, 1, 1, 1, 1, 1, 1, 1, 1, 1, 1, 1, 1, 1, 1, 1, 1, 1, 1, 1, 1, 1, 1, 1, 1, 1, 1, 1, 1, 1, 1, 1, 1, 1, 1, 1, 1, 1, 1, 1, 1, 1, 1, 1, 1, 1, 1, 1, 1, 1, 1, 1, 1, 1, 1, 1, 1, 1, 1, 1, 1, 1, 1, 1, 1, 1, 1, 1, 1, 1, 1, 1, 1, 1, 1, 1, 1, 1, 1, 1, 1, 1, 1, 1, 1, 1, 1, 1, 1, 1, 1, 1, 1, 1, 1, 1, 1, 1, 1, 1, 1, 1, 1, 1, 1, 1, 1, 1, 1, 1, 1, 1, 1, 1, 1, 1, 1, 1, 1, 1, 1, 1, 1, 1, 1, 1, 1, 1, 1, 1, 1, 1, 1, 1, 1, 1]",1,300,1.0,,7.158238,"[2939.0, 2939.0, 2884.0, 2880.0, 2817.0, 2690.0, 2532.0, 2468.0, 2433.0, 2429.0, 2420.0, 2304.0, 2268.0, 2231.0, 2203.0, 2179.0, 2166.0, 2138.0, 2138.0, 2138.0, 2138.0, 2138.0, 2138.0, 2138.0, 2138.0, 2138.0, 2138.0, 2138.0, 2138.0, 2135.0, 2135.0, 2135.0, 2135.0, 2135.0, 2135.0, 2135.0, 2135.0, 2135.0, 2135.0, 2135.0, 2135.0, 2135.0, 2135.0, 2135.0, 2135.0, 2135.0, 2132.0, 2132.0, 2132.0, 2132.0, 2132.0, 2131.0, 2131.0, 2051.0, 2049.0, 2049.0, 2049.0, 2049.0, 2049.0, 2049.0, 2049.0, 2049.0, 2049.0, 2049.0, 2049.0, 2049.0, 2049.0, 2049.0, 2049.0, 2041.0, 2041.0, 1973.0, 1850.0, 1850.0, 1850.0, 1850.0, 1844.0, 1835.0, 1821.0, 1816.0, 1801.0, 1801.0, 1801.0, 1801.0, 1801.0, 1801.0, 1801.0, 1801.0, 1801.0, 1801.0, 1801.0, 1795.0, 1795.0, 1794.0, 1794.0, 1788.0, 1788.0, 1788.0, 1788.0, 1788.0, 1788.0, 1788.0, 1788.0, 1788.0, 1788.0, 1788.0, 1788.0, 1788.0, 1788.0, 1788.0, 1788.0, 1788.0, 1788.0, 1788.0, 1788.0, 1788.0, 1788.0, 1788.0, 1788.0, 1788.0, 1777.0, 1777.0, 1777.0, 1777.0, 1777.0, 1777.0, 1777.0, 1777.0, 1777.0, 1777.0, 1777.0, 1777.0, 1777.0, 1777.0, 1777.0, 1777.0, 1777.0, 1777.0, 1777.0, 1777.0, 1777.0, 1777.0, 1777.0, 1777.0, 1774.0, 1774.0, 1774.0, 1774.0, 1774.0, 1774.0, 1774.0, 1774.0, 1774.0, 1774.0, 1774.0, 1774.0, 1774.0, 1774.0, 1774.0, 1774.0, 1774.0, 1774.0, 1774.0, 1774.0, 1774.0, 1774.0, 1774.0, 1774.0, 1774.0, 1774.0, 1774.0, 1774.0, 1774.0, 1774.0, 1774.0, 1774.0, 1774.0, 1774.0, 1774.0, 1774.0, 1774.0, 1774.0, 1774.0, 1774.0, 1774.0, 1774.0, 1774.0, 1774.0, 1774.0, 1774.0, 1774.0, 1774.0, 1774.0, 1774.0, 1774.0, 1774.0, 1774.0, 1774.0, 1774.0, 1774.0, 1774.0, 1774.0, 1774.0, 1774.0, 1774.0, 1774.0, 1774.0, 1774.0, 1774.0, 1774.0, 1774.0, 1774.0, 1774.0, 1774.0, 1774.0, 1774.0, 1774.0, 1771.0, 1771.0, 1770.0, 1753.0, 1753.0, 1753.0, 1753.0, 1753.0, 1753.0, 1753.0, 1753.0, 1753.0, 1753.0, 1753.0, 1753.0, 1753.0, 1753.0, 1753.0, 1753.0, 1753.0, 1753.0, 1753.0, 1753.0, 1753.0, 1753.0, 1753.0, 1753.0, 1753.0, 1753.0, 1753.0, 1753.0, 1753.0, 1753.0, 1753.0, 1753.0, 1753.0, 1753.0, 1753.0, 1753.0, 1751.0, 1751.0, 1751.0, 1751.0, 1751.0, 1751.0, 1751.0, 1751.0, 1751.0, 1751.0, 1751.0, 1751.0, 1751.0, 1751.0, 1751.0, 1751.0, 1751.0, 1751.0, 1751.0, 1751.0, 1751.0, 1751.0, 1751.0, 1751.0, 1751.0, 1751.0, 1751.0, 1751.0, 1751.0, 1751.0, 1751.0, 1751.0, 1751.0, 1751.0, 1751.0, 1751.0, 1751.0, 1751.0, 1751.0, 1751.0, 1751.0, 1751.0, 1751.0, 1751.0]",2,A-n60-k9.vrp,257,GEA,data/vrp/A-n60-k9.vrp
True,40 10 52 2 25 8 9 56 44 43 36 16 27 28 14 42 20 48 47 49 45 37 6 50 7 18 58 38 30 53 39 41 46 23 55 11 19 17 21 54 5 26 35 22 12 4 29 59 3 31 32 33 13 57 51 15 34 24 60,2090.0,2090.0,"[1, 1, 1, 1, 1, 1, 1, 1, 1, 1, 1, 1, 1, 1, 1, 1, 1, 1, 1, 1, 1, 1, 1, 1, 1, 1, 1, 1, 1, 1, 1, 1, 1, 1, 1, 1, 1, 1, 1, 1, 1, 1, 1, 1, 1, 1, 1, 1, 1, 1, 1, 1, 1, 1, 1, 1, 1, 1, 1, 1, 1, 1, 1, 1, 1, 1, 1, 1, 1, 1, 1, 1, 1, 1, 1, 1, 1, 1, 1, 1, 1, 1, 1, 1, 1, 1, 1, 1, 1, 1, 1, 1, 1, 1, 1, 1, 1, 1, 1, 1, 1, 1, 1, 1, 1, 1, 1, 1, 1, 1, 1, 1, 1, 1, 1, 1, 1, 1, 1, 1, 1, 1, 1, 1, 1, 1, 1, 1, 1, 1, 1, 1, 1, 1, 1, 1, 1, 1, 1, 1, 1, 1, 1, 1, 1, 1, 1, 1, 1, 1, 1, 1, 1, 1, 1, 1, 1, 1, 1, 1, 1, 1, 1, 1, 1, 1, 1, 1, 1, 1, 1, 1, 1, 1, 1, 1, 1, 1, 1, 1, 1, 1, 1, 1, 1, 1, 1, 1, 1, 1, 1, 1, 1, 1, 1, 1, 1, 1, 1, 1, 1, 1, 1, 1, 1, 1, 1, 1, 1, 1, 1, 1, 1, 1, 1, 1, 1, 1, 1, 1, 1, 1, 1, 1, 1, 1, 1, 1, 1, 1, 1, 1, 1, 1, 1, 1, 1, 1, 1, 1, 1, 1, 1, 1, 1, 1, 1, 1, 1, 1, 1, 1, 1, 1, 1, 1, 1, 1, 1, 1, 1, 1, 1, 1, 1, 1, 1, 1, 1, 1, 1, 1, 1, 1, 1, 1, 1, 1, 1, 1, 1, 1, 1, 1, 1, 1, 1, 1, 1, 1, 1, 1, 1, 1, 1, 1, 1, 1, 1, 1]",1,300,1.0,,6.627072,"[3176.0, 2976.0, 2801.0, 2679.0, 2679.0, 2679.0, 2679.0, 2679.0, 2679.0, 2671.0, 2671.0, 2671.0, 2671.0, 2671.0, 2577.0, 2577.0, 2537.0, 2508.0, 2508.0, 2506.0, 2506.0, 2473.0, 2473.0, 2473.0, 2473.0, 2473.0, 2471.0, 2471.0, 2375.0, 2375.0, 2375.0, 2364.0, 2364.0, 2312.0, 2288.0, 2288.0, 2288.0, 2288.0, 2288.0, 2288.0, 2288.0, 2286.0, 2286.0, 2282.0, 2282.0, 2282.0, 2282.0, 2282.0, 2282.0, 2282.0, 2282.0, 2282.0, 2282.0, 2282.0, 2282.0, 2282.0, 2282.0, 2282.0, 2282.0, 2282.0, 2282.0, 2282.0, 2262.0, 2262.0, 2220.0, 2220.0, 2210.0, 2210.0, 2210.0, 2210.0, 2210.0, 2202.0, 2202.0, 2202.0, 2202.0, 2202.0, 2190.0, 2190.0, 2190.0, 2190.0, 2190.0, 2190.0, 2190.0, 2190.0, 2190.0, 2190.0, 2190.0, 2190.0, 2190.0, 2190.0, 2190.0, 2190.0, 2190.0, 2190.0, 2190.0, 2190.0, 2184.0, 2184.0, 2180.0, 2180.0, 2180.0, 2180.0, 2180.0, 2176.0, 2176.0, 2176.0, 2176.0, 2176.0, 2176.0, 2175.0, 2175.0, 2175.0, 2175.0, 2175.0, 2175.0, 2175.0, 2175.0, 2175.0, 2175.0, 2175.0, 2175.0, 2175.0, 2175.0, 2175.0, 2175.0, 2175.0, 2148.0, 2148.0, 2148.0, 2148.0, 2148.0, 2148.0, 2148.0, 2148.0, 2148.0, 2148.0, 2148.0, 2148.0, 2148.0, 2148.0, 2148.0, 2148.0, 2148.0, 2148.0, 2148.0, 2136.0, 2136.0, 2136.0, 2136.0, 2136.0, 2136.0, 2136.0, 2136.0, 2136.0, 2136.0, 2136.0, 2136.0, 2136.0, 2136.0, 2136.0, 2136.0, 2136.0, 2136.0, 2136.0, 2136.0, 2136.0, 2136.0, 2136.0, 2136.0, 2136.0, 2136.0, 2136.0, 2136.0, 2136.0, 2136.0, 2121.0, 2121.0, 2121.0, 2121.0, 2121.0, 2121.0, 2121.0, 2121.0, 2121.0, 2121.0, 2119.0, 2119.0, 2115.0, 2115.0, 2114.0, 2114.0, 2114.0, 2114.0, 2114.0, 2114.0, 2114.0, 2100.0, 2100.0, 2100.0, 2100.0, 2100.0, 2100.0, 2100.0, 2100.0, 2100.0, 2100.0, 2100.0, 2100.0, 2100.0, 2100.0, 2100.0, 2100.0, 2100.0, 2100.0, 2100.0, 2100.0, 2100.0, 2100.0, 2100.0, 2100.0, 2100.0, 2100.0, 2100.0, 2100.0, 2100.0, 2100.0, 2100.0, 2100.0, 2100.0, 2100.0, 2100.0, 2100.0, 2100.0, 2100.0, 2100.0, 2100.0, 2100.0, 2100.0, 2100.0, 2100.0, 2100.0, 2100.0, 2100.0, 2100.0, 2100.0, 2100.0, 2100.0, 2100.0, 2092.0, 2092.0, 2092.0, 2092.0, 2092.0, 2092.0, 2092.0, 2092.0, 2092.0, 2092.0, 2092.0, 2092.0, 2092.0, 2092.0, 2092.0, 2092.0, 2092.0, 2092.0, 2092.0, 2092.0, 2092.0, 2092.0, 2092.0, 2092.0, 2092.0, 2092.0, 2092.0, 2092.0, 2092.0, 2092.0, 2092.0, 2092.0, 2092.0, 2092.0, 2092.0, 2092.0, 2092.0, 2092.0, 2092.0, 2092.0, 2090.0, 2090.0, 2090.0, 2090.0, 2090.0, 2090.0, 2090.0, 2090.0, 2090.0, 2090.0, 2090.0, 2090.0]",3,A-n60-k9.vrp,289,GEA,data/vrp/A-n60-k9.vrp
True,22 45 50 31 23 43 59 35 54 11 37 3 32 29 47 26 41 39 53 48 25 20 60 42 17 21 5 12 7 52 33 10 46 15 19 8 14 40 13 38 27 56 36 6 2 57 44 51 16 9 30 55 49 4 24 58 18 28 34,2043.0,2043.0,"[1, 1, 1, 1, 1, 1, 1, 1, 1, 1, 1, 1, 1, 1, 1, 1, 1, 1, 1, 1, 1, 1, 1, 1, 1, 1, 1, 1, 1, 1, 1, 1, 1, 1, 1, 1, 1, 1, 1, 1, 1, 1, 1, 1, 1, 1, 1, 1, 1, 1, 1, 1, 1, 1, 1, 1, 1, 1, 1, 1, 1, 1, 1, 1, 1, 1, 1, 1, 1, 1, 1, 1, 1, 1, 1, 1, 1, 1, 1, 1, 1, 1, 1, 1, 1, 1, 1, 1, 1, 1, 1, 1, 1, 1, 1, 1, 1, 1, 1, 1, 1, 1, 1, 1, 1, 1, 1, 1, 1, 1, 1, 1, 1, 1, 1, 1, 1, 1, 1, 1, 1, 1, 1, 1, 1, 1, 1, 1, 1, 1, 1, 1, 1, 1, 1, 1, 1, 1, 1, 1, 1, 1, 1, 1, 1, 1, 1, 1, 1, 1, 1, 1, 1, 1, 1, 1, 1, 1, 1, 1, 1, 1, 1, 1, 1, 1, 1, 1, 1, 1, 1, 1, 1, 1, 1, 1, 1, 1, 1, 1, 1, 1, 1, 1, 1, 1, 1, 1, 1, 1, 1, 1, 1, 1, 1, 1, 1, 1, 1, 1, 1, 1, 1, 1, 1, 1, 1, 1, 1, 1, 1, 1, 1, 1, 1, 1, 1, 1, 1, 1, 1, 1, 1, 1, 1, 1, 1, 1, 1, 1, 1, 1, 1, 1, 1, 1, 1, 1, 1, 1, 1, 1, 1, 1, 1, 1, 1, 1, 1, 1, 1, 1, 1, 1, 1, 1, 1, 1, 1, 1, 1, 1, 1, 1, 1, 1, 1, 1, 1, 1, 1, 1, 1, 1, 1, 1, 1, 1, 1, 1, 1, 1, 1, 1, 1, 1, 1, 1, 1, 1, 1, 1, 1, 1, 1, 1, 1, 1, 1, 1]",1,300,1.0,,6.933811,"[3035.0, 2897.0, 2797.0, 2661.0, 2608.0, 2504.0, 2371.0, 2323.0, 2323.0, 2312.0, 2312.0, 2312.0, 2312.0, 2312.0, 2312.0, 2312.0, 2312.0, 2308.0, 2308.0, 2287.0, 2239.0, 2208.0, 2199.0, 2167.0, 2167.0, 2167.0, 2167.0, 2161.0, 2161.0, 2161.0, 2161.0, 2161.0, 2161.0, 2161.0, 2161.0, 2161.0, 2161.0, 2161.0, 2161.0, 2161.0, 2161.0, 2161.0, 2161.0, 2154.0, 2154.0, 2154.0, 2149.0, 2149.0, 2149.0, 2149.0, 2149.0, 2149.0, 2149.0, 2149.0, 2149.0, 2149.0, 2149.0, 2149.0, 2149.0, 2144.0, 2144.0, 2141.0, 2141.0, 2141.0, 2141.0, 2141.0, 2141.0, 2141.0, 2141.0, 2141.0, 2141.0, 2141.0, 2141.0, 2141.0, 2141.0, 2141.0, 2141.0, 2141.0, 2141.0, 2141.0, 2141.0, 2132.0, 2132.0, 2117.0, 2117.0, 2113.0, 2113.0, 2113.0, 2113.0, 2113.0, 2113.0, 2113.0, 2113.0, 2113.0, 2113.0, 2113.0, 2113.0, 2113.0, 2113.0, 2113.0, 2113.0, 2113.0, 2113.0, 2113.0, 2113.0, 2113.0, 2113.0, 2113.0, 2113.0, 2113.0, 2107.0, 2107.0, 2107.0, 2107.0, 2107.0, 2107.0, 2107.0, 2107.0, 2107.0, 2107.0, 2107.0, 2107.0, 2107.0, 2107.0, 2107.0, 2107.0, 2107.0, 2107.0, 2107.0, 2107.0, 2107.0, 2107.0, 2107.0, 2107.0, 2107.0, 2107.0, 2107.0, 2107.0, 2107.0, 2107.0, 2107.0, 2107.0, 2107.0, 2107.0, 2107.0, 2107.0, 2107.0, 2107.0, 2107.0, 2107.0, 2107.0, 2107.0, 2107.0, 2107.0, 2107.0, 2107.0, 2066.0, 2066.0, 2066.0, 2066.0, 2066.0, 2066.0, 2066.0, 2066.0, 2066.0, 2064.0, 2064.0, 2064.0, 2064.0, 2064.0, 2064.0, 2064.0, 2064.0, 2064.0, 2064.0, 2064.0, 2064.0, 2064.0, 2064.0, 2064.0, 2064.0, 2064.0, 2064.0, 2064.0, 2064.0, 2064.0, 2064.0, 2064.0, 2064.0, 2064.0, 2064.0, 2064.0, 2064.0, 2064.0, 2063.0, 2063.0, 2063.0, 2063.0, 2063.0, 2063.0, 2063.0, 2063.0, 2063.0, 2063.0, 2063.0, 2063.0, 2063.0, 2063.0, 2063.0, 2063.0, 2063.0, 2063.0, 2063.0, 2063.0, 2063.0, 2063.0, 2057.0, 2057.0, 2057.0, 2057.0, 2057.0, 2057.0, 2057.0, 2057.0, 2057.0, 2057.0, 2057.0, 2057.0, 2057.0, 2057.0, 2057.0, 2057.0, 2057.0, 2057.0, 2057.0, 2057.0, 2057.0, 2057.0, 2057.0, 2057.0, 2057.0, 2057.0, 2057.0, 2057.0, 2057.0, 2057.0, 2057.0, 2057.0, 2057.0, 2044.0, 2044.0, 2043.0, 2043.0, 2043.0, 2043.0, 2043.0, 2043.0, 2043.0, 2043.0, 2043.0, 2043.0, 2043.0, 2043.0, 2043.0, 2043.0, 2043.0, 2043.0, 2043.0, 2043.0, 2043.0, 2043.0, 2043.0, 2043.0, 2043.0, 2043.0, 2043.0, 2043.0, 2043.0, 2043.0, 2043.0, 2043.0, 2043.0, 2043.0, 2043.0, 2043.0, 2043.0, 2043.0, 2043.0, 2043.0, 2043.0, 2043.0, 2043.0, 2043.0, 2043.0, 2043.0, 2043.0, 2043.0, 2043.0, 2043.0, 2043.0]",4,A-n60-k9.vrp,252,GEA,data/vrp/A-n60-k9.vrp
True,35 32 37 31 2 33 51 38 58 23 10 52 13 57 56 30 28 27 18 9 15 19 21 47 4 12 5 25 24 59 8 16 60 39 46 43 6 55 11 40 44 14 53 36 34 17 20 48 7 49 45 50 26 22 54 29 3 41 42,1924.0,1924.0,"[1, 1, 1, 1, 1, 1, 1, 1, 1, 1, 1, 1, 1, 1, 1, 1, 1, 1, 1, 1, 1, 1, 1, 1, 1, 1, 1, 1, 1, 1, 1, 1, 1, 1, 1, 1, 1, 1, 1, 1, 1, 1, 1, 1, 1, 1, 1, 1, 1, 1, 1, 1, 1, 1, 1, 1, 1, 1, 1, 1, 1, 1, 1, 1, 1, 1, 1, 1, 1, 1, 1, 1, 1, 1, 1, 1, 1, 1, 1, 1, 1, 1, 1, 1, 1, 1, 1, 1, 1, 1, 1, 1, 1, 1, 1, 1, 1, 1, 1, 1, 1, 1, 1, 1, 1, 1, 1, 1, 1, 1, 1, 1, 1, 1, 1, 1, 1, 1, 1, 1, 1, 1, 1, 1, 1, 1, 1, 1, 1, 1, 1, 1, 1, 1, 1, 1, 1, 1, 1, 1, 1, 1, 1, 1, 1, 1, 1, 1, 1, 1, 1, 1, 1, 1, 1, 1, 1, 1, 1, 1, 1, 1, 1, 1, 1, 1, 1, 1, 1, 1, 1, 1, 1, 1, 1, 1, 1, 1, 1, 1, 1, 1, 1, 1, 1, 1, 1, 1, 1, 1, 1, 1, 1, 1, 1, 1, 1, 1, 1, 1, 1, 1, 1, 1, 1, 1, 1, 1, 1, 1, 1, 1, 1, 1, 1, 1, 1, 1, 1, 1, 1, 1, 1, 1, 1, 1, 1, 1, 1, 1, 1, 1, 1, 1, 1, 1, 1, 1, 1, 1, 1, 1, 1, 1, 1, 1, 1, 1, 1, 1, 1, 1, 1, 1, 1, 1, 1, 1, 1, 1, 1, 1, 1, 1, 1, 1, 1, 1, 1, 1, 1, 1, 1, 1, 1, 1, 1, 1, 1, 1, 1, 1, 1, 1, 1, 1, 1, 1, 1, 1, 1, 1, 1, 1, 1, 1, 1, 1, 1, 1]",1,300,1.0,,6.775534,"[3054.0, 2828.0, 2650.0, 2650.0, 2568.0, 2509.0, 2509.0, 2484.0, 2404.0, 2340.0, 2256.0, 2198.0, 2139.0, 2139.0, 2099.0, 2099.0, 2092.0, 2092.0, 2054.0, 2050.0, 2010.0, 2010.0, 2010.0, 2010.0, 2010.0, 2010.0, 2010.0, 2010.0, 2010.0, 2010.0, 2010.0, 2010.0, 2010.0, 2010.0, 2010.0, 2010.0, 2010.0, 2010.0, 2010.0, 2010.0, 2010.0, 2010.0, 2010.0, 2010.0, 2010.0, 2010.0, 2010.0, 2010.0, 2010.0, 2010.0, 2010.0, 2010.0, 2010.0, 2010.0, 2010.0, 2010.0, 2010.0, 2010.0, 2010.0, 2010.0, 2010.0, 2010.0, 2010.0, 2010.0, 2010.0, 2010.0, 2010.0, 2010.0, 2010.0, 2010.0, 2010.0, 2010.0, 2010.0, 2010.0, 2010.0, 2010.0, 2010.0, 2010.0, 2010.0, 2010.0, 2010.0, 2010.0, 2010.0, 2010.0, 2010.0, 2010.0, 2010.0, 2010.0, 2010.0, 2010.0, 2010.0, 2010.0, 2010.0, 2010.0, 2010.0, 2010.0, 2010.0, 2010.0, 2010.0, 2010.0, 2010.0, 2010.0, 2010.0, 2010.0, 2010.0, 2010.0, 2010.0, 2010.0, 2010.0, 2010.0, 2010.0, 2010.0, 2010.0, 2010.0, 2010.0, 2010.0, 2010.0, 2010.0, 2010.0, 2010.0, 2010.0, 2010.0, 2010.0, 2010.0, 2010.0, 2010.0, 2010.0, 2002.0, 2002.0, 2002.0, 2002.0, 2002.0, 2002.0, 2002.0, 2002.0, 2002.0, 2002.0, 2002.0, 2002.0, 2002.0, 2002.0, 2002.0, 2002.0, 2002.0, 2002.0, 2002.0, 2002.0, 2002.0, 2002.0, 2002.0, 2002.0, 2002.0, 2002.0, 1997.0, 1997.0, 1994.0, 1994.0, 1994.0, 1994.0, 1994.0, 1994.0, 1994.0, 1994.0, 1994.0, 1994.0, 1994.0, 1994.0, 1994.0, 1994.0, 1994.0, 1994.0, 1994.0, 1994.0, 1994.0, 1994.0, 1994.0, 1977.0, 1977.0, 1977.0, 1977.0, 1977.0, 1977.0, 1977.0, 1977.0, 1977.0, 1977.0, 1977.0, 1977.0, 1977.0, 1977.0, 1977.0, 1977.0, 1977.0, 1977.0, 1977.0, 1977.0, 1977.0, 1977.0, 1977.0, 1977.0, 1977.0, 1977.0, 1977.0, 1977.0, 1977.0, 1977.0, 1977.0, 1977.0, 1977.0, 1977.0, 1977.0, 1977.0, 1977.0, 1977.0, 1977.0, 1977.0, 1977.0, 1977.0, 1977.0, 1977.0, 1977.0, 1977.0, 1977.0, 1977.0, 1977.0, 1977.0, 1977.0, 1977.0, 1977.0, 1977.0, 1977.0, 1977.0, 1977.0, 1977.0, 1977.0, 1977.0, 1977.0, 1977.0, 1977.0, 1977.0, 1977.0, 1977.0, 1977.0, 1977.0, 1977.0, 1977.0, 1977.0, 1977.0, 1977.0, 1977.0, 1977.0, 1977.0, 1977.0, 1977.0, 1977.0, 1977.0, 1977.0, 1977.0, 1977.0, 1977.0, 1977.0, 1977.0, 1977.0, 1977.0, 1977.0, 1977.0, 1977.0, 1977.0, 1977.0, 1977.0, 1977.0, 1977.0, 1977.0, 1977.0, 1977.0, 1977.0, 1977.0, 1977.0, 1977.0, 1977.0, 1977.0, 1977.0, 1977.0, 1977.0, 1977.0, 1977.0, 1977.0, 1977.0, 1977.0, 1977.0, 1924.0, 1924.0, 1924.0, 1924.0, 1924.0, 1924.0, 1924.0, 1924.0, 1924.0, 1924.0]",5,A-n60-k9.vrp,291,GEA,data/vrp/A-n60-k9.vrp
True,17 21 41 37 55 6 43 23 26 47 25 59 49 19 15 3 46 11 5 4 24 16 10 52 13 27 39 30 28 14 38 58 53 29 2 33 57 44 40 20 34 60 8 56 36 51 45 31 50 12 22 54 32 7 48 35 9 18 42,1835.0,1835.0,"[1, 1, 1, 1, 1, 1, 1, 1, 1, 1, 1, 1, 1, 1, 1, 1, 1, 1, 1, 1, 1, 1, 1, 1, 1, 1, 1, 1, 1, 1, 1, 1, 1, 1, 1, 1, 1, 1, 1, 1, 1, 1, 1, 1, 1, 1, 1, 1, 1, 1, 1, 1, 1, 1, 1, 1, 1, 1, 1, 1, 1, 1, 1, 1, 1, 1, 1, 1, 1, 1, 1, 1, 1, 1, 1, 1, 1, 1, 1, 1, 1, 1, 1, 1, 1, 1, 1, 1, 1, 1, 1, 1, 1, 1, 1, 1, 1, 1, 1, 1, 1, 1, 1, 1, 1, 1, 1, 1, 1, 1, 1, 1, 1, 1, 1, 1, 1, 1, 1, 1, 1, 1, 1, 1, 1, 1, 1, 1, 1, 1, 1, 1, 1, 1, 1, 1, 1, 1, 1, 1, 1, 1, 1, 1, 1, 1, 1, 1, 1, 1, 1, 1, 1, 1, 1, 1, 1, 1, 1, 1, 1, 1, 1, 1, 1, 1, 1, 1, 1, 1, 1, 1, 1, 1, 1, 1, 1, 1, 1, 1, 1, 1, 1, 1, 1, 1, 1, 1, 1, 1, 1, 1, 1, 1, 1, 1, 1, 1, 1, 1, 1, 1, 1, 1, 1, 1, 1, 1, 1, 1, 1, 1, 1, 1, 1, 1, 1, 1, 1, 1, 1, 1, 1, 1, 1, 1, 1, 1, 1, 1, 1, 1, 1, 1, 1, 1, 1, 1, 1, 1, 1, 1, 1, 1, 1, 1, 1, 1, 1, 1, 1, 1, 1, 1, 1, 1, 1, 1, 1, 1, 1, 1, 1, 1, 1, 1, 1, 1, 1, 1, 1, 1, 1, 1, 1, 1, 1, 1, 1, 1, 1, 1, 1, 1, 1, 1, 1, 1, 1, 1, 1, 1, 1, 1, 1, 1, 1, 1, 1, 1]",1,300,1.0,,6.902713,"[3115.0, 2886.0, 2799.0, 2660.0, 2567.0, 2567.0, 2567.0, 2513.0, 2513.0, 2513.0, 2511.0, 2511.0, 2511.0, 2511.0, 2511.0, 2511.0, 2511.0, 2499.0, 2499.0, 2439.0, 2439.0, 2402.0, 2402.0, 2312.0, 2289.0, 2289.0, 2289.0, 2265.0, 2265.0, 2265.0, 2265.0, 2265.0, 2204.0, 2204.0, 2204.0, 2204.0, 2204.0, 2204.0, 2204.0, 2168.0, 2168.0, 2168.0, 2168.0, 2168.0, 2114.0, 2114.0, 2101.0, 2098.0, 2021.0, 2021.0, 2021.0, 2021.0, 2021.0, 2021.0, 2021.0, 2011.0, 2011.0, 2011.0, 2011.0, 2011.0, 2011.0, 2011.0, 2011.0, 2011.0, 2011.0, 2011.0, 2011.0, 2011.0, 2011.0, 2009.0, 2009.0, 1979.0, 1954.0, 1935.0, 1935.0, 1912.0, 1912.0, 1912.0, 1912.0, 1912.0, 1912.0, 1912.0, 1912.0, 1912.0, 1912.0, 1893.0, 1893.0, 1876.0, 1868.0, 1868.0, 1868.0, 1868.0, 1868.0, 1868.0, 1868.0, 1868.0, 1868.0, 1868.0, 1868.0, 1868.0, 1868.0, 1868.0, 1868.0, 1868.0, 1868.0, 1868.0, 1868.0, 1868.0, 1868.0, 1868.0, 1868.0, 1868.0, 1868.0, 1868.0, 1868.0, 1868.0, 1868.0, 1868.0, 1868.0, 1868.0, 1868.0, 1868.0, 1868.0, 1868.0, 1860.0, 1860.0, 1860.0, 1860.0, 1860.0, 1860.0, 1860.0, 1860.0, 1860.0, 1860.0, 1860.0, 1860.0, 1860.0, 1860.0, 1858.0, 1858.0, 1858.0, 1858.0, 1858.0, 1858.0, 1858.0, 1858.0, 1858.0, 1858.0, 1858.0, 1858.0, 1858.0, 1858.0, 1858.0, 1858.0, 1858.0, 1858.0, 1858.0, 1858.0, 1853.0, 1853.0, 1853.0, 1853.0, 1848.0, 1848.0, 1848.0, 1848.0, 1848.0, 1848.0, 1848.0, 1848.0, 1848.0, 1848.0, 1848.0, 1848.0, 1848.0, 1848.0, 1848.0, 1845.0, 1845.0, 1845.0, 1845.0, 1845.0, 1845.0, 1845.0, 1845.0, 1845.0, 1845.0, 1845.0, 1845.0, 1845.0, 1845.0, 1845.0, 1845.0, 1845.0, 1845.0, 1845.0, 1845.0, 1845.0, 1845.0, 1845.0, 1845.0, 1845.0, 1845.0, 1845.0, 1845.0, 1845.0, 1845.0, 1845.0, 1845.0, 1845.0, 1845.0, 1845.0, 1845.0, 1845.0, 1845.0, 1845.0, 1845.0, 1845.0, 1845.0, 1845.0, 1845.0, 1845.0, 1845.0, 1845.0, 1845.0, 1845.0, 1845.0, 1845.0, 1845.0, 1845.0, 1845.0, 1845.0, 1845.0, 1845.0, 1845.0, 1835.0, 1835.0, 1835.0, 1835.0, 1835.0, 1835.0, 1835.0, 1835.0, 1835.0, 1835.0, 1835.0, 1835.0, 1835.0, 1835.0, 1835.0, 1835.0, 1835.0, 1835.0, 1835.0, 1835.0, 1835.0, 1835.0, 1835.0, 1835.0, 1835.0, 1835.0, 1835.0, 1835.0, 1835.0, 1835.0, 1835.0, 1835.0, 1835.0, 1835.0, 1835.0, 1835.0, 1835.0, 1835.0, 1835.0, 1835.0, 1835.0, 1835.0, 1835.0, 1835.0, 1835.0, 1835.0, 1835.0, 1835.0, 1835.0, 1835.0, 1835.0, 1835.0, 1835.0, 1835.0, 1835.0, 1835.0, 1835.0, 1835.0, 1835.0, 1835.0, 1835.0, 1835.0, 1835.0, 1835.0, 1835.0]",6,A-n60-k9.vrp,236,GEA,data/vrp/A-n60-k9.vrp
True,10 46 54 31 22 4 53 39 44 58 48 21 26 41 35 16 27 60 45 43 52 13 57 17 5 29 51 18 9 20 19 15 6 49 12 8 14 34 56 25 7 32 37 11 33 55 23 3 50 2 59 30 28 38 36 40 24 47 42,2154.0,2154.0,"[1, 1, 1, 1, 1, 1, 1, 1, 1, 1, 1, 1, 1, 1, 1, 1, 1, 1, 1, 1, 1, 1, 1, 1, 1, 1, 1, 1, 1, 1, 1, 1, 1, 1, 1, 1, 1, 1, 1, 1, 1, 1, 1, 1, 1, 1, 1, 1, 1, 1, 1, 1, 1, 1, 1, 1, 1, 1, 1, 1, 1, 1, 1, 1, 1, 1, 1, 1, 1, 1, 1, 1, 1, 1, 1, 1, 1, 1, 1, 1, 1, 1, 1, 1, 1, 1, 1, 1, 1, 1, 1, 1, 1, 1, 1, 1, 1, 1, 1, 1, 1, 1, 1, 1, 1, 1, 1, 1, 1, 1, 1, 1, 1, 1, 1, 1, 1, 1, 1, 1, 1, 1, 1, 1, 1, 1, 1, 1, 1, 1, 1, 1, 1, 1, 1, 1, 1, 1, 1, 1, 1, 1, 1, 1, 1, 1, 1, 1, 1, 1, 1, 1, 1, 1, 1, 1, 1, 1, 1, 1, 1, 1, 1, 1, 1, 1, 1, 1, 1, 1, 1, 1, 1, 1, 1, 1, 1, 1, 1, 1, 1, 1, 1, 1, 1, 1, 1, 1, 1, 1, 1, 1, 1, 1, 1, 1, 1, 1, 1, 1, 1, 1, 1, 1, 1, 1, 1, 1, 1, 1, 1, 1, 1, 1, 1, 1, 1, 1, 1, 1, 1, 1, 1, 1, 1, 1, 1, 1, 1, 1, 1, 1, 1, 1, 1, 1, 1, 1, 1, 1, 1, 1, 1, 1, 1, 1, 1, 1, 1, 1, 1, 1, 1, 1, 1, 1, 1, 1, 1, 1, 1, 1, 1, 1, 1, 1, 1, 1, 1, 1, 1, 1, 1, 1, 1, 1, 1, 1, 1, 1, 1, 1, 1, 1, 1, 1, 1, 1, 1, 1, 1, 1, 1, 1, 1, 1, 1, 1, 1, 1]",1,300,1.0,,6.438025,"[3106.0, 2990.0, 2948.0, 2941.0, 2769.0, 2769.0, 2607.0, 2607.0, 2584.0, 2528.0, 2528.0, 2450.0, 2442.0, 2442.0, 2438.0, 2423.0, 2394.0, 2342.0, 2342.0, 2342.0, 2338.0, 2338.0, 2338.0, 2338.0, 2338.0, 2338.0, 2300.0, 2300.0, 2292.0, 2257.0, 2250.0, 2250.0, 2250.0, 2242.0, 2242.0, 2242.0, 2242.0, 2242.0, 2242.0, 2240.0, 2240.0, 2240.0, 2231.0, 2231.0, 2231.0, 2231.0, 2231.0, 2231.0, 2231.0, 2231.0, 2231.0, 2231.0, 2231.0, 2231.0, 2231.0, 2231.0, 2231.0, 2231.0, 2231.0, 2231.0, 2231.0, 2231.0, 2231.0, 2231.0, 2231.0, 2231.0, 2231.0, 2231.0, 2231.0, 2231.0, 2231.0, 2230.0, 2230.0, 2230.0, 2229.0, 2229.0, 2229.0, 2229.0, 2229.0, 2229.0, 2229.0, 2229.0, 2229.0, 2229.0, 2229.0, 2229.0, 2229.0, 2229.0, 2229.0, 2229.0, 2229.0, 2229.0, 2229.0, 2229.0, 2229.0, 2229.0, 2229.0, 2229.0, 2229.0, 2229.0, 2229.0, 2200.0, 2200.0, 2194.0, 2194.0, 2194.0, 2194.0, 2194.0, 2192.0, 2192.0, 2192.0, 2192.0, 2192.0, 2192.0, 2192.0, 2192.0, 2192.0, 2192.0, 2192.0, 2192.0, 2192.0, 2192.0, 2192.0, 2192.0, 2192.0, 2192.0, 2192.0, 2192.0, 2154.0, 2154.0, 2154.0, 2154.0, 2154.0, 2154.0, 2154.0, 2154.0, 2154.0, 2154.0, 2154.0, 2154.0, 2154.0, 2154.0, 2154.0, 2154.0, 2154.0, 2154.0, 2154.0, 2154.0, 2154.0, 2154.0, 2154.0, 2154.0, 2154.0, 2154.0, 2154.0, 2154.0, 2154.0, 2154.0, 2154.0, 2154.0, 2154.0, 2154.0, 2154.0, 2154.0, 2154.0, 2154.0, 2154.0, 2154.0, 2154.0, 2154.0, 2154.0, 2154.0, 2154.0, 2154.0, 2154.0, 2154.0, 2154.0, 2154.0, 2154.0, 2154.0, 2154.0, 2154.0, 2154.0, 2154.0, 2154.0, 2154.0, 2154.0, 2154.0, 2154.0, 2154.0, 2154.0, 2154.0, 2154.0, 2154.0, 2154.0, 2154.0, 2154.0, 2154.0, 2154.0, 2154.0, 2154.0, 2154.0, 2154.0, 2154.0, 2154.0, 2154.0, 2154.0, 2154.0, 2154.0, 2154.0, 2154.0, 2154.0, 2154.0, 2154.0, 2154.0, 2154.0, 2154.0, 2154.0, 2154.0, 2154.0, 2154.0, 2154.0, 2154.0, 2154.0, 2154.0, 2154.0, 2154.0, 2154.0, 2154.0, 2154.0, 2154.0, 2154.0, 2154.0, 2154.0, 2154.0, 2154.0, 2154.0, 2154.0, 2154.0, 2154.0, 2154.0, 2154.0, 2154.0, 2154.0, 2154.0, 2154.0, 2154.0, 2154.0, 2154.0, 2154.0, 2154.0, 2154.0, 2154.0, 2154.0, 2154.0, 2154.0, 2154.0, 2154.0, 2154.0, 2154.0, 2154.0, 2154.0, 2154.0, 2154.0, 2154.0, 2154.0, 2154.0, 2154.0, 2154.0, 2154.0, 2154.0, 2154.0, 2154.0, 2154.0, 2154.0, 2154.0, 2154.0, 2154.0, 2154.0, 2154.0, 2154.0, 2154.0, 2154.0, 2154.0, 2154.0, 2154.0, 2154.0, 2154.0, 2154.0, 2154.0, 2154.0, 2154.0, 2154.0, 2154.0, 2154.0, 2154.0, 2154.0, 2154.0, 2154.0, 2154.0]",7,A-n60-k9.vrp,129,GEA,data/vrp/A-n60-k9.vrp
True,23 6 33 44 57 40 15 36 8 18 58 38 28 19 48 51 13 52 10 24 9 14 12 32 50 5 47 25 2 11 55 43 59 29 31 3 54 22 7 45 35 53 39 20 26 21 17 4 41 49 46 37 42 34 60 56 16 30 27,1886.0,1886.0,"[1, 1, 1, 1, 1, 1, 1, 1, 1, 1, 1, 1, 1, 1, 1, 1, 1, 1, 1, 1, 1, 1, 1, 1, 1, 1, 1, 1, 1, 1, 1, 1, 1, 1, 1, 1, 1, 1, 1, 1, 1, 1, 1, 1, 1, 1, 1, 1, 1, 1, 1, 1, 1, 1, 1, 1, 1, 1, 1, 1, 1, 1, 1, 1, 1, 1, 1, 1, 1, 1, 1, 1, 1, 1, 1, 1, 1, 1, 1, 1, 1, 1, 1, 1, 1, 1, 1, 1, 1, 1, 1, 1, 1, 1, 1, 1, 1, 1, 1, 1, 1, 1, 1, 1, 1, 1, 1, 1, 1, 1, 1, 1, 1, 1, 1, 1, 1, 1, 1, 1, 1, 1, 1, 1, 1, 1, 1, 1, 1, 1, 1, 1, 1, 1, 1, 1, 1, 1, 1, 1, 1, 1, 1, 1, 1, 1, 1, 1, 1, 1, 1, 1, 1, 1, 1, 1, 1, 1, 1, 1, 1, 1, 1, 1, 1, 1, 1, 1, 1, 1, 1, 1, 1, 1, 1, 1, 1, 1, 1, 1, 1, 1, 1, 1, 1, 1, 1, 1, 1, 1, 1, 1, 1, 1, 1, 1, 1, 1, 1, 1, 1, 1, 1, 1, 1, 1, 1, 1, 1, 1, 1, 1, 1, 1, 1, 1, 1, 1, 1, 1, 1, 1, 1, 1, 1, 1, 1, 1, 1, 1, 1, 1, 1, 1, 1, 1, 1, 1, 1, 1, 1, 1, 1, 1, 1, 1, 1, 1, 1, 1, 1, 1, 1, 1, 1, 1, 1, 1, 1, 1, 1, 1, 1, 1, 1, 1, 1, 1, 1, 1, 1, 1, 1, 1, 1, 1, 1, 1, 1, 1, 1, 1, 1, 1, 1, 1, 1, 1, 1, 1, 1, 1, 1, 1, 1, 1, 1, 1, 1, 1]",1,300,1.0,,6.734053,"[2968.0, 2868.0, 2730.0, 2726.0, 2606.0, 2530.0, 2480.0, 2465.0, 2418.0, 2390.0, 2351.0, 2271.0, 2257.0, 2216.0, 2208.0, 2184.0, 2175.0, 2175.0, 2143.0, 2143.0, 2143.0, 2122.0, 2122.0, 2122.0, 2122.0, 2122.0, 2106.0, 2106.0, 2073.0, 2068.0, 2068.0, 2068.0, 2068.0, 2068.0, 2068.0, 2068.0, 2068.0, 2068.0, 2068.0, 2068.0, 2068.0, 2068.0, 2068.0, 2068.0, 2068.0, 2068.0, 2068.0, 2068.0, 2068.0, 2068.0, 2068.0, 2068.0, 2068.0, 2068.0, 2068.0, 2068.0, 2068.0, 2068.0, 2068.0, 2068.0, 2068.0, 2068.0, 2068.0, 2068.0, 2068.0, 2068.0, 2068.0, 2068.0, 2068.0, 2068.0, 2068.0, 2068.0, 2068.0, 2068.0, 2068.0, 2068.0, 2068.0, 2068.0, 2068.0, 2068.0, 2068.0, 2068.0, 2068.0, 2068.0, 2068.0, 2068.0, 2068.0, 2068.0, 2068.0, 2068.0, 2068.0, 2068.0, 2068.0, 2068.0, 2068.0, 2068.0, 2068.0, 2068.0, 2068.0, 2068.0, 2068.0, 2068.0, 2068.0, 2068.0, 2068.0, 2068.0, 2023.0, 2023.0, 2022.0, 2022.0, 2022.0, 2022.0, 2022.0, 2022.0, 2022.0, 2022.0, 2022.0, 2022.0, 2022.0, 2022.0, 2022.0, 2022.0, 2022.0, 2022.0, 2022.0, 2022.0, 2022.0, 2022.0, 2022.0, 2022.0, 2022.0, 2022.0, 2022.0, 2022.0, 2022.0, 2022.0, 2022.0, 2022.0, 2022.0, 2022.0, 2022.0, 2022.0, 2022.0, 2022.0, 2022.0, 2022.0, 2022.0, 2022.0, 2022.0, 2022.0, 2022.0, 2022.0, 2022.0, 2022.0, 2022.0, 2022.0, 2022.0, 2022.0, 2022.0, 2022.0, 2022.0, 2022.0, 2022.0, 2022.0, 2022.0, 2022.0, 2022.0, 2022.0, 2022.0, 2022.0, 2022.0, 2022.0, 2022.0, 2022.0, 2022.0, 2022.0, 2022.0, 2022.0, 2022.0, 2022.0, 2022.0, 2022.0, 2022.0, 2022.0, 2022.0, 2022.0, 2022.0, 2022.0, 2022.0, 2022.0, 2022.0, 2022.0, 2022.0, 2022.0, 2022.0, 2022.0, 2022.0, 2022.0, 2022.0, 2022.0, 2011.0, 2011.0, 2011.0, 2011.0, 2011.0, 2011.0, 2011.0, 2011.0, 2011.0, 1998.0, 1998.0, 1998.0, 1998.0, 1993.0, 1979.0, 1973.0, 1952.0, 1951.0, 1944.0, 1944.0, 1942.0, 1942.0, 1942.0, 1942.0, 1939.0, 1939.0, 1939.0, 1909.0, 1898.0, 1897.0, 1891.0, 1886.0, 1886.0, 1886.0, 1886.0, 1886.0, 1886.0, 1886.0, 1886.0, 1886.0, 1886.0, 1886.0, 1886.0, 1886.0, 1886.0, 1886.0, 1886.0, 1886.0, 1886.0, 1886.0, 1886.0, 1886.0, 1886.0, 1886.0, 1886.0, 1886.0, 1886.0, 1886.0, 1886.0, 1886.0, 1886.0, 1886.0, 1886.0, 1886.0, 1886.0, 1886.0, 1886.0, 1886.0, 1886.0, 1886.0, 1886.0, 1886.0, 1886.0, 1886.0, 1886.0, 1886.0, 1886.0, 1886.0, 1886.0, 1886.0, 1886.0, 1886.0, 1886.0, 1886.0, 1886.0, 1886.0, 1886.0, 1886.0, 1886.0, 1886.0, 1886.0, 1886.0, 1886.0, 1886.0, 1886.0, 1886.0, 1886.0, 1886.0, 1886.0, 1886.0]",8,A-n60-k9.vrp,232,GEA,data/vrp/A-n60-k9.vrp
True,53 16 38 8 9 35 48 47 21 6 43 46 55 37 50 19 41 12 51 27 14 30 20 34 58 28 44 57 13 10 33 39 60 18 52 25 49 11 23 3 15 59 32 29 31 54 22 5 56 36 40 45 2 7 4 17 26 24 42,1834.0,1834.0,"[1, 1, 1, 1, 1, 1, 1, 1, 1, 1, 1, 1, 1, 1, 1, 1, 1, 1, 1, 1, 1, 1, 1, 1, 1, 1, 1, 1, 1, 1, 1, 1, 1, 1, 1, 1, 1, 1, 1, 1, 1, 1, 1, 1, 1, 1, 1, 1, 1, 1, 1, 1, 1, 1, 1, 1, 1, 1, 1, 1, 1, 1, 1, 1, 1, 1, 1, 1, 1, 1, 1, 1, 1, 1, 1, 1, 1, 1, 1, 1, 1, 1, 1, 1, 1, 1, 1, 1, 1, 1, 1, 1, 1, 1, 1, 1, 1, 1, 1, 1, 1, 1, 1, 1, 1, 1, 1, 1, 1, 1, 1, 1, 1, 1, 1, 1, 1, 1, 1, 1, 1, 1, 1, 1, 1, 1, 1, 1, 1, 1, 1, 1, 1, 1, 1, 1, 1, 1, 1, 1, 1, 1, 1, 1, 1, 1, 1, 1, 1, 1, 1, 1, 1, 1, 1, 1, 1, 1, 1, 1, 1, 1, 1, 1, 1, 1, 1, 1, 1, 1, 1, 1, 1, 1, 1, 1, 1, 1, 1, 1, 1, 1, 1, 1, 1, 1, 1, 1, 1, 1, 1, 1, 1, 1, 1, 1, 1, 1, 1, 1, 1, 1, 1, 1, 1, 1, 1, 1, 1, 1, 1, 1, 1, 1, 1, 1, 1, 1, 1, 1, 1, 1, 1, 1, 1, 1, 1, 1, 1, 1, 1, 1, 1, 1, 1, 1, 1, 1, 1, 1, 1, 1, 1, 1, 1, 1, 1, 1, 1, 1, 1, 1, 1, 1, 1, 1, 1, 1, 1, 1, 1, 1, 1, 1, 1, 1, 1, 1, 1, 1, 1, 1, 1, 1, 1, 1, 1, 1, 1, 1, 1, 1, 1, 1, 1, 1, 1, 1, 1, 1, 1, 1, 1, 1, 1, 1, 1, 1, 1, 1]",1,300,1.0,,6.591163,"[2968.0, 2801.0, 2800.0, 2762.0, 2587.0, 2441.0, 2327.0, 2251.0, 2203.0, 2203.0, 2171.0, 2125.0, 2121.0, 2103.0, 2098.0, 2089.0, 2089.0, 2089.0, 2083.0, 2083.0, 2070.0, 2070.0, 2059.0, 2019.0, 2017.0, 1953.0, 1953.0, 1931.0, 1931.0, 1931.0, 1931.0, 1931.0, 1931.0, 1931.0, 1931.0, 1931.0, 1931.0, 1931.0, 1931.0, 1931.0, 1931.0, 1931.0, 1931.0, 1931.0, 1931.0, 1931.0, 1931.0, 1931.0, 1931.0, 1931.0, 1922.0, 1917.0, 1917.0, 1908.0, 1896.0, 1896.0, 1896.0, 1896.0, 1896.0, 1896.0, 1896.0, 1871.0, 1871.0, 1871.0, 1871.0, 1856.0, 1856.0, 1856.0, 1856.0, 1856.0, 1856.0, 1856.0, 1856.0, 1856.0, 1856.0, 1856.0, 1856.0, 1856.0, 1856.0, 1856.0, 1856.0, 1856.0, 1856.0, 1856.0, 1856.0, 1856.0, 1856.0, 1856.0, 1856.0, 1856.0, 1856.0, 1856.0, 1856.0, 1856.0, 1856.0, 1856.0, 1856.0, 1856.0, 1856.0, 1856.0, 1856.0, 1856.0, 1856.0, 1856.0, 1856.0, 1856.0, 1856.0, 1856.0, 1853.0, 1853.0, 1853.0, 1853.0, 1853.0, 1847.0, 1847.0, 1847.0, 1847.0, 1847.0, 1847.0, 1847.0, 1847.0, 1847.0, 1847.0, 1847.0, 1847.0, 1847.0, 1847.0, 1847.0, 1847.0, 1847.0, 1847.0, 1847.0, 1847.0, 1847.0, 1847.0, 1847.0, 1844.0, 1844.0, 1844.0, 1844.0, 1844.0, 1844.0, 1844.0, 1844.0, 1844.0, 1844.0, 1844.0, 1844.0, 1844.0, 1844.0, 1844.0, 1844.0, 1844.0, 1844.0, 1844.0, 1844.0, 1844.0, 1844.0, 1844.0, 1844.0, 1844.0, 1844.0, 1844.0, 1844.0, 1844.0, 1844.0, 1844.0, 1844.0, 1844.0, 1844.0, 1844.0, 1844.0, 1844.0, 1844.0, 1844.0, 1844.0, 1844.0, 1844.0, 1844.0, 1844.0, 1844.0, 1844.0, 1844.0, 1844.0, 1844.0, 1844.0, 1844.0, 1844.0, 1844.0, 1844.0, 1844.0, 1844.0, 1844.0, 1842.0, 1842.0, 1842.0, 1842.0, 1842.0, 1842.0, 1842.0, 1842.0, 1842.0, 1842.0, 1842.0, 1842.0, 1842.0, 1842.0, 1842.0, 1842.0, 1842.0, 1842.0, 1842.0, 1842.0, 1842.0, 1842.0, 1842.0, 1842.0, 1842.0, 1842.0, 1842.0, 1842.0, 1842.0, 1842.0, 1842.0, 1842.0, 1842.0, 1842.0, 1842.0, 1842.0, 1842.0, 1842.0, 1842.0, 1842.0, 1842.0, 1842.0, 1842.0, 1842.0, 1842.0, 1842.0, 1842.0, 1842.0, 1842.0, 1842.0, 1842.0, 1842.0, 1842.0, 1842.0, 1842.0, 1842.0, 1842.0, 1842.0, 1842.0, 1842.0, 1842.0, 1842.0, 1842.0, 1842.0, 1842.0, 1842.0, 1842.0, 1842.0, 1842.0, 1842.0, 1842.0, 1842.0, 1842.0, 1842.0, 1842.0, 1842.0, 1842.0, 1842.0, 1842.0, 1842.0, 1842.0, 1842.0, 1842.0, 1842.0, 1842.0, 1842.0, 1842.0, 1834.0, 1834.0, 1834.0, 1834.0, 1834.0, 1834.0, 1834.0, 1834.0, 1834.0, 1834.0, 1834.0, 1834.0, 1834.0, 1834.0, 1834.0, 1834.0, 1834.0, 1834.0, 1834.0, 1834.0]",9,A-n60-k9.vrp,281,GEA,data/vrp/A-n60-k9.vrp
True,17 21 43 6 55 11 2 35 41 47 48 51 40 30 14 8 36 24 16 44 57 33 10 39 26 27 13 52 59 42 19 50 45 54 5 22 12 38 18 28 20 7 29 49 46 56 4 31 3 25 23 37 32 15 34 60 58 9 53,1912.0,1912.0,"[1, 1, 1, 1, 1, 1, 1, 1, 1, 1, 1, 1, 1, 1, 1, 1, 1, 1, 1, 1, 1, 1, 1, 1, 1, 1, 1, 1, 1, 1, 1, 1, 1, 1, 1, 1, 1, 1, 1, 1, 1, 1, 1, 1, 1, 1, 1, 1, 1, 1, 1, 1, 1, 1, 1, 1, 1, 1, 1, 1, 1, 1, 1, 1, 1, 1, 1, 1, 1, 1, 1, 1, 1, 1, 1, 1, 1, 1, 1, 1, 1, 1, 1, 1, 1, 1, 1, 1, 1, 1, 1, 1, 1, 1, 1, 1, 1, 1, 1, 1, 1, 1, 1, 1, 1, 1, 1, 1, 1, 1, 1, 1, 1, 1, 1, 1, 1, 1, 1, 1, 1, 1, 1, 1, 1, 1, 1, 1, 1, 1, 1, 1, 1, 1, 1, 1, 1, 1, 1, 1, 1, 1, 1, 1, 1, 1, 1, 1, 1, 1, 1, 1, 1, 1, 1, 1, 1, 1, 1, 1, 1, 1, 1, 1, 1, 1, 1, 1, 1, 1, 1, 1, 1, 1, 1, 1, 1, 1, 1, 1, 1, 1, 1, 1, 1, 1, 1, 1, 1, 1, 1, 1, 1, 1, 1, 1, 1, 1, 1, 1, 1, 1, 1, 1, 1, 1, 1, 1, 1, 1, 1, 1, 1, 1, 1, 1, 1, 1, 1, 1, 1, 1, 1, 1, 1, 1, 1, 1, 1, 1, 1, 1, 1, 1, 1, 1, 1, 1, 1, 1, 1, 1, 1, 1, 1, 1, 1, 1, 1, 1, 1, 1, 1, 1, 1, 1, 1, 1, 1, 1, 1, 1, 1, 1, 1, 1, 1, 1, 1, 1, 1, 1, 1, 1, 1, 1, 1, 1, 1, 1, 1, 1, 1, 1, 1, 1, 1, 1, 1, 1, 1, 1, 1, 1, 1, 1, 1, 1, 1, 1]",1,300,1.0,,6.545931,"[2994.0, 2801.0, 2661.0, 2559.0, 2553.0, 2516.0, 2487.0, 2462.0, 2448.0, 2366.0, 2320.0, 2251.0, 2237.0, 2231.0, 2231.0, 2231.0, 2231.0, 2229.0, 2229.0, 2229.0, 2229.0, 2229.0, 2229.0, 2229.0, 2229.0, 2229.0, 2229.0, 2229.0, 2229.0, 2229.0, 2229.0, 2229.0, 2229.0, 2229.0, 2229.0, 2229.0, 2229.0, 2217.0, 2217.0, 2217.0, 2193.0, 2193.0, 2193.0, 2193.0, 2193.0, 2168.0, 2168.0, 2168.0, 2168.0, 2168.0, 2168.0, 2168.0, 2168.0, 2168.0, 2168.0, 2168.0, 2168.0, 2168.0, 2168.0, 2168.0, 2168.0, 2168.0, 2168.0, 2168.0, 2168.0, 2168.0, 2168.0, 2168.0, 2168.0, 2168.0, 2168.0, 2168.0, 2168.0, 2168.0, 2168.0, 2167.0, 2167.0, 2167.0, 2167.0, 2167.0, 2167.0, 2167.0, 2167.0, 2167.0, 2167.0, 2167.0, 2167.0, 2167.0, 2167.0, 2167.0, 2167.0, 2167.0, 2167.0, 2167.0, 2167.0, 2167.0, 2167.0, 2167.0, 2167.0, 2149.0, 2149.0, 2149.0, 2149.0, 2149.0, 2149.0, 2149.0, 2149.0, 2149.0, 2149.0, 2149.0, 2149.0, 2149.0, 2149.0, 2149.0, 2149.0, 2149.0, 2149.0, 2149.0, 2149.0, 2149.0, 2149.0, 2149.0, 2140.0, 2140.0, 2140.0, 2140.0, 2140.0, 2140.0, 2140.0, 2140.0, 2140.0, 2140.0, 2140.0, 2140.0, 2140.0, 2140.0, 2140.0, 2140.0, 2140.0, 2140.0, 2140.0, 2140.0, 2140.0, 2140.0, 2140.0, 2134.0, 2134.0, 2134.0, 2134.0, 2134.0, 2134.0, 2134.0, 2134.0, 2134.0, 2133.0, 2133.0, 2133.0, 2132.0, 2132.0, 2132.0, 2132.0, 2132.0, 2132.0, 2132.0, 2132.0, 2132.0, 2132.0, 2132.0, 2112.0, 2087.0, 2049.0, 2049.0, 2005.0, 1994.0, 1982.0, 1980.0, 1980.0, 1980.0, 1980.0, 1980.0, 1980.0, 1979.0, 1979.0, 1976.0, 1976.0, 1976.0, 1976.0, 1976.0, 1976.0, 1976.0, 1976.0, 1976.0, 1976.0, 1976.0, 1976.0, 1976.0, 1976.0, 1976.0, 1976.0, 1976.0, 1976.0, 1976.0, 1976.0, 1963.0, 1963.0, 1963.0, 1963.0, 1963.0, 1963.0, 1957.0, 1957.0, 1957.0, 1957.0, 1957.0, 1957.0, 1957.0, 1957.0, 1957.0, 1957.0, 1957.0, 1957.0, 1957.0, 1957.0, 1957.0, 1957.0, 1957.0, 1957.0, 1957.0, 1957.0, 1945.0, 1945.0, 1945.0, 1945.0, 1945.0, 1945.0, 1945.0, 1945.0, 1945.0, 1945.0, 1945.0, 1945.0, 1945.0, 1945.0, 1945.0, 1919.0, 1919.0, 1919.0, 1919.0, 1915.0, 1915.0, 1915.0, 1915.0, 1915.0, 1915.0, 1915.0, 1915.0, 1915.0, 1915.0, 1915.0, 1915.0, 1915.0, 1915.0, 1915.0, 1915.0, 1915.0, 1915.0, 1915.0, 1915.0, 1915.0, 1915.0, 1915.0, 1915.0, 1915.0, 1915.0, 1915.0, 1915.0, 1915.0, 1915.0, 1915.0, 1915.0, 1915.0, 1915.0, 1915.0, 1915.0, 1915.0, 1915.0, 1915.0, 1915.0, 1915.0, 1915.0, 1915.0, 1915.0, 1915.0, 1915.0, 1915.0, 1915.0, 1915.0, 1915.0, 1915.0, 1912.0]",10,A-n60-k9.vrp,300,GEA,data/vrp/A-n60-k9.vrp
True,19 20 16 44 13 52 10 33 56 36 26 47 41 24 48 15 8 30 38 58 18 28 43 23 49 2 17 21 4 12 5 22 54 31 50 7 32 29 45 3 25 35 51 46 6 55 11 37 59 40 57 27 9 14 42 34 39 60 53,1466.0,1466.0,"[1, 1, 1, 5, 6, 5, 5, 6, 6, 6, 7, 4, 5, 5, 5, 6, 6, 6, 6, 6, 5, 5, 5, 5, 6, 6, 6, 6, 6, 6, 6, 5, 5, 5, 5, 5, 5, 5, 5, 5, 5, 6, 6, 6, 6, 6, 5, 5, 5, 5, 5, 5, 5, 5, 5, 5, 5, 5, 5, 5, 5, 5, 6, 5, 6, 6, 6, 6, 6, 4, 5, 5, 5, 5, 5, 4, 5, 5, 5, 5, 4, 4, 4, 5, 4, 5, 5, 5, 5, 4, 4, 4, 4, 5, 6, 5, 5, 5, 5, 5, 5, 5, 5, 5, 6, 5, 6, 3, 4, 5, 4, 5, 5, 5, 5, 5, 4, 4, 4, 4, 5, 4, 4, 4, 5, 5, 5, 5, 5, 4, 4, 4, 4, 5, 5, 5, 5, 5, 5, 5, 5, 6, 6, 5, 5, 5, 5, 5, 5, 4, 4, 4, 4, 4, 4, 4, 5, 5, 5, 4, 5, 4, 5, 6, 4, 4, 4, 5, 5, 5, 5, 5, 5, 5, 5, 5, 6, 4, 5, 4, 5, 5, 4, 4, 5, 5, 4, 4, 4, 4, 4, 4, 4, 4, 4, 4, 4, 4, 4, 4, 4, 4, 5, 5, 5, 3, 3, 5, 4, 5, 5, 4, 4, 4, 4, 4, 4, 5, 4, 4, 5, 5, 5, 5, 5, 6, 6, 5, 5, 6, 4, 4, 5, 5, 5, 4, 4, 6, 5, 5, 5, 5, 4, 4, 4, 4, 5, 5, 5, 5, 5, 6, 5, 5, 6, 6, 5, 6, 5, 5, 5, 6, 5, 4, 4, 4, 5, 4, 4, 4, 6, 5, 5, 4, 4, 4, 4, 5, 4, 4, 4, 4, 4, 4, 4, 4, 5, 4, 5, 5, 4, 5, 5, 4, 5, 5, 5, 4, 4, 4]",7,300,4.77,,200.699354,"[1974.0, 1868.0, 1755.0, 1675.0, 1622.0, 1622.0, 1622.0, 1622.0, 1622.0, 1622.0, 1622.0, 1622.0, 1622.0, 1622.0, 1622.0, 1622.0, 1622.0, 1622.0, 1622.0, 1622.0, 1622.0, 1622.0, 1622.0, 1554.0, 1554.0, 1554.0, 1554.0, 1554.0, 1554.0, 1554.0, 1554.0, 1529.0, 1529.0, 1529.0, 1529.0, 1520.0, 1520.0, 1520.0, 1520.0, 1520.0, 1516.0, 1516.0, 1516.0, 1516.0, 1516.0, 1516.0, 1516.0, 1516.0, 1516.0, 1516.0, 1516.0, 1516.0, 1516.0, 1516.0, 1516.0, 1516.0, 1516.0, 1516.0, 1516.0, 1516.0, 1516.0, 1516.0, 1516.0, 1516.0, 1516.0, 1516.0, 1515.0, 1514.0, 1514.0, 1514.0, 1466.0, 1466.0, 1466.0, 1466.0, 1466.0, 1466.0, 1466.0, 1466.0, 1466.0, 1466.0, 1466.0, 1466.0, 1466.0, 1466.0, 1466.0, 1466.0, 1466.0, 1466.0, 1466.0, 1466.0, 1466.0, 1466.0, 1466.0, 1466.0, 1466.0, 1466.0, 1466.0, 1466.0, 1466.0, 1466.0, 1466.0, 1466.0, 1466.0, 1466.0, 1466.0, 1466.0, 1466.0, 1466.0, 1466.0, 1466.0, 1466.0, 1466.0, 1466.0, 1466.0, 1466.0, 1466.0, 1466.0, 1466.0, 1466.0, 1466.0, 1466.0, 1466.0, 1466.0, 1466.0, 1466.0, 1466.0, 1466.0, 1466.0, 1466.0, 1466.0, 1466.0, 1466.0, 1466.0, 1466.0, 1466.0, 1466.0, 1466.0, 1466.0, 1466.0, 1466.0, 1466.0, 1466.0, 1466.0, 1466.0, 1466.0, 1466.0, 1466.0, 1466.0, 1466.0, 1466.0, 1466.0, 1466.0, 1466.0, 1466.0, 1466.0, 1466.0, 1466.0, 1466.0, 1466.0, 1466.0, 1466.0, 1466.0, 1466.0, 1466.0, 1466.0, 1466.0, 1466.0, 1466.0, 1466.0, 1466.0, 1466.0, 1466.0, 1466.0, 1466.0, 1466.0, 1466.0, 1466.0, 1466.0, 1466.0, 1466.0, 1466.0, 1466.0, 1466.0, 1466.0, 1466.0, 1466.0, 1466.0, 1466.0, 1466.0, 1466.0, 1466.0, 1466.0, 1466.0, 1466.0, 1466.0, 1466.0, 1466.0, 1466.0, 1466.0, 1466.0, 1466.0, 1466.0, 1466.0, 1466.0, 1466.0, 1466.0, 1466.0, 1466.0, 1466.0, 1466.0, 1466.0, 1466.0, 1466.0, 1466.0, 1466.0, 1466.0, 1466.0, 1466.0, 1466.0, 1466.0, 1466.0, 1466.0, 1466.0, 1466.0, 1466.0, 1466.0, 1466.0, 1466.0, 1466.0, 1466.0, 1466.0, 1466.0, 1466.0, 1466.0, 1466.0, 1466.0, 1466.0, 1466.0, 1466.0, 1466.0, 1466.0, 1466.0, 1466.0, 1466.0, 1466.0, 1466.0, 1466.0, 1466.0, 1466.0, 1466.0, 1466.0, 1466.0, 1466.0, 1466.0, 1466.0, 1466.0, 1466.0, 1466.0, 1466.0, 1466.0, 1466.0, 1466.0, 1466.0, 1466.0, 1466.0, 1466.0, 1466.0, 1466.0, 1466.0, 1466.0, 1466.0, 1466.0, 1466.0, 1466.0, 1466.0, 1466.0, 1466.0, 1466.0, 1466.0, 1466.0, 1466.0, 1466.0, 1466.0, 1466.0, 1466.0, 1466.0, 1466.0, 1466.0, 1466.0, 1466.0, 1466.0, 1466.0, 1466.0, 1466.0, 1466.0, 1466.0, 1466.0, 1466.0, 1466.0, 1466.0]",1,A-n60-k9.vrp,71,GSA,data/vrp/A-n60-k9.vrp
True,17 21 41 7 25 24 15 29 32 54 31 50 45 3 35 2 37 23 11 55 6 43 59 46 49 42 34 53 39 60 36 56 16 27 18 9 14 20 19 48 40 28 58 38 30 8 51 44 57 13 52 10 33 4 22 5 12 47 26,1426.0,1426.0,"[1, 5, 3, 4, 5, 6, 6, 6, 5, 6, 6, 6, 6, 6, 5, 6, 6, 6, 6, 5, 6, 6, 5, 4, 5, 5, 5, 5, 4, 4, 4, 5, 5, 5, 4, 5, 5, 5, 4, 4, 4, 4, 5, 4, 4, 4, 4, 5, 5, 5, 3, 3, 3, 4, 4, 4, 4, 4, 4, 4, 4, 5, 5, 5, 5, 4, 4, 5, 5, 5, 5, 5, 5, 4, 5, 4, 4, 4, 4, 5, 5, 4, 4, 4, 4, 5, 3, 4, 4, 4, 5, 5, 5, 5, 5, 4, 4, 5, 4, 4, 4, 4, 4, 4, 4, 5, 5, 5, 4, 4, 3, 5, 4, 4, 4, 4, 4, 4, 5, 5, 4, 4, 5, 5, 4, 4, 4, 4, 4, 4, 5, 4, 4, 4, 4, 5, 5, 6, 6, 5, 5, 5, 5, 5, 5, 5, 5, 5, 6, 6, 5, 5, 6, 5, 4, 4, 4, 4, 4, 4, 5, 5, 5, 4, 5, 5, 5, 4, 4, 5, 5, 5, 5, 5, 5, 5, 4, 4, 5, 3, 4, 5, 4, 5, 4, 4, 5, 5, 4, 4, 5, 5, 4, 4, 4, 4, 5, 5, 4, 4, 5, 5, 5, 6, 5, 4, 6, 4, 4, 5, 4, 4, 4, 4, 4, 5, 5, 5, 5, 5, 5, 5, 5, 5, 6, 6, 6, 6, 5, 5, 5, 5, 5, 5, 5, 5, 4, 4, 3, 4, 5, 5, 5, 4, 5, 5, 4, 5, 5, 5, 7, 3, 4, 6, 5, 5, 5, 5, 6, 6, 6, 6, 7, 4, 6, 6, 3, 5, 5, 6, 6, 6, 6, 5, 5, 5, 6, 5, 5, 5, 5, 6, 6, 5, 5, 5, 5, 6, 6, 5, 6, 6, 6, 5, 6, 5, 5, 5, 5, 6]",7,300,4.7433,,221.145328,"[2058.0, 1887.0, 1838.0, 1815.0, 1713.0, 1661.0, 1617.0, 1612.0, 1612.0, 1582.0, 1582.0, 1581.0, 1581.0, 1581.0, 1581.0, 1581.0, 1581.0, 1581.0, 1581.0, 1581.0, 1581.0, 1581.0, 1581.0, 1581.0, 1581.0, 1581.0, 1581.0, 1581.0, 1581.0, 1581.0, 1581.0, 1581.0, 1581.0, 1581.0, 1581.0, 1581.0, 1581.0, 1581.0, 1581.0, 1581.0, 1581.0, 1581.0, 1581.0, 1581.0, 1581.0, 1581.0, 1581.0, 1515.0, 1509.0, 1509.0, 1509.0, 1509.0, 1509.0, 1509.0, 1509.0, 1509.0, 1509.0, 1509.0, 1509.0, 1509.0, 1509.0, 1509.0, 1509.0, 1509.0, 1509.0, 1509.0, 1509.0, 1509.0, 1509.0, 1509.0, 1506.0, 1506.0, 1506.0, 1506.0, 1506.0, 1506.0, 1506.0, 1506.0, 1454.0, 1451.0, 1431.0, 1426.0, 1426.0, 1426.0, 1426.0, 1426.0, 1426.0, 1426.0, 1426.0, 1426.0, 1426.0, 1426.0, 1426.0, 1426.0, 1426.0, 1426.0, 1426.0, 1426.0, 1426.0, 1426.0, 1426.0, 1426.0, 1426.0, 1426.0, 1426.0, 1426.0, 1426.0, 1426.0, 1426.0, 1426.0, 1426.0, 1426.0, 1426.0, 1426.0, 1426.0, 1426.0, 1426.0, 1426.0, 1426.0, 1426.0, 1426.0, 1426.0, 1426.0, 1426.0, 1426.0, 1426.0, 1426.0, 1426.0, 1426.0, 1426.0, 1426.0, 1426.0, 1426.0, 1426.0, 1426.0, 1426.0, 1426.0, 1426.0, 1426.0, 1426.0, 1426.0, 1426.0, 1426.0, 1426.0, 1426.0, 1426.0, 1426.0, 1426.0, 1426.0, 1426.0, 1426.0, 1426.0, 1426.0, 1426.0, 1426.0, 1426.0, 1426.0, 1426.0, 1426.0, 1426.0, 1426.0, 1426.0, 1426.0, 1426.0, 1426.0, 1426.0, 1426.0, 1426.0, 1426.0, 1426.0, 1426.0, 1426.0, 1426.0, 1426.0, 1426.0, 1426.0, 1426.0, 1426.0, 1426.0, 1426.0, 1426.0, 1426.0, 1426.0, 1426.0, 1426.0, 1426.0, 1426.0, 1426.0, 1426.0, 1426.0, 1426.0, 1426.0, 1426.0, 1426.0, 1426.0, 1426.0, 1426.0, 1426.0, 1426.0, 1426.0, 1426.0, 1426.0, 1426.0, 1426.0, 1426.0, 1426.0, 1426.0, 1426.0, 1426.0, 1426.0, 1426.0, 1426.0, 1426.0, 1426.0, 1426.0, 1426.0, 1426.0, 1426.0, 1426.0, 1426.0, 1426.0, 1426.0, 1426.0, 1426.0, 1426.0, 1426.0, 1426.0, 1426.0, 1426.0, 1426.0, 1426.0, 1426.0, 1426.0, 1426.0, 1426.0, 1426.0, 1426.0, 1426.0, 1426.0, 1426.0, 1426.0, 1426.0, 1426.0, 1426.0, 1426.0, 1426.0, 1426.0, 1426.0, 1426.0, 1426.0, 1426.0, 1426.0, 1426.0, 1426.0, 1426.0, 1426.0, 1426.0, 1426.0, 1426.0, 1426.0, 1426.0, 1426.0, 1426.0, 1426.0, 1426.0, 1426.0, 1426.0, 1426.0, 1426.0, 1426.0, 1426.0, 1426.0, 1426.0, 1426.0, 1426.0, 1426.0, 1426.0, 1426.0, 1426.0, 1426.0, 1426.0, 1426.0, 1426.0, 1426.0, 1426.0, 1426.0, 1426.0, 1426.0, 1426.0, 1426.0, 1426.0, 1426.0, 1426.0, 1426.0, 1426.0, 1426.0, 1426.0, 1426.0, 1426.0, 1426.0]",2,A-n60-k9.vrp,82,GSA,data/vrp/A-n60-k9.vrp
True,17 21 26 32 29 49 35 25 2 45 50 31 54 47 4 12 5 22 41 48 15 42 34 39 60 53 19 8 30 14 9 20 58 38 18 28 27 16 56 36 7 3 37 23 11 55 6 40 51 44 57 13 52 10 33 43 46 59 24,1469.0,1469.0,"[1, 1, 3, 4, 4, 5, 5, 5, 6, 6, 7, 6, 6, 6, 6, 4, 5, 5, 5, 5, 6, 6, 5, 6, 6, 4, 4, 4, 4, 4, 4, 5, 5, 5, 5, 5, 5, 6, 6, 5, 4, 5, 5, 5, 4, 4, 4, 5, 5, 6, 5, 5, 6, 5, 5, 5, 5, 6, 6, 6, 6, 4, 4, 4, 4, 4, 4, 4, 4, 5, 4, 4, 4, 4, 3, 4, 4, 4, 4, 5, 5, 5, 5, 4, 4, 5, 5, 5, 5, 5, 5, 4, 3, 3, 3, 4, 5, 4, 5, 4, 4, 4, 4, 4, 4, 4, 4, 4, 4, 5, 4, 5, 5, 5, 5, 4, 4, 4, 4, 4, 5, 5, 4, 5, 5, 5, 4, 5, 3, 3, 3, 4, 4, 4, 5, 4, 5, 4, 5, 5, 4, 5, 5, 5, 5, 4, 4, 5, 4, 4, 4, 4, 4, 4, 4, 4, 4, 4, 5, 4, 4, 4, 4, 5, 4, 4, 5, 5, 5, 4, 5, 6, 5, 6, 4, 6, 4, 4, 4, 5, 4, 5, 5, 5, 5, 6, 6, 6, 6, 6, 3, 4, 4, 4, 5, 4, 5, 5, 4, 4, 5, 5, 4, 4, 5, 5, 5, 4, 4, 5, 5, 6, 5, 4, 4, 5, 5, 5, 5, 5, 5, 5, 4, 5, 4, 3, 4, 5, 5, 6, 6, 6, 5, 5, 4, 4, 4, 5, 5, 4, 4, 5, 5, 5, 5, 5, 6, 6, 6, 6, 4, 4, 5, 5, 5, 5, 5, 6, 5, 5, 5, 5, 5, 5, 4, 4, 4, 4, 5, 4, 5, 4, 4, 4, 4, 4, 4, 5, 5, 5, 5, 5, 5, 5, 5, 5, 5, 4, 5, 5, 5, 5, 6, 6, 5, 5, 5, 5, 5, 5]",7,300,4.65,,198.226683,"[2003.0, 1917.0, 1792.0, 1782.0, 1697.0, 1644.0, 1643.0, 1643.0, 1643.0, 1643.0, 1643.0, 1643.0, 1643.0, 1643.0, 1643.0, 1640.0, 1640.0, 1640.0, 1640.0, 1640.0, 1640.0, 1625.0, 1625.0, 1625.0, 1625.0, 1625.0, 1625.0, 1625.0, 1625.0, 1625.0, 1529.0, 1529.0, 1513.0, 1513.0, 1513.0, 1513.0, 1513.0, 1513.0, 1513.0, 1513.0, 1513.0, 1513.0, 1513.0, 1513.0, 1513.0, 1513.0, 1513.0, 1513.0, 1513.0, 1513.0, 1513.0, 1513.0, 1513.0, 1513.0, 1513.0, 1513.0, 1513.0, 1513.0, 1513.0, 1513.0, 1513.0, 1513.0, 1513.0, 1513.0, 1513.0, 1513.0, 1513.0, 1513.0, 1513.0, 1513.0, 1513.0, 1513.0, 1513.0, 1513.0, 1513.0, 1513.0, 1513.0, 1513.0, 1513.0, 1513.0, 1513.0, 1513.0, 1513.0, 1513.0, 1513.0, 1513.0, 1513.0, 1513.0, 1513.0, 1513.0, 1513.0, 1497.0, 1497.0, 1497.0, 1497.0, 1497.0, 1473.0, 1473.0, 1473.0, 1473.0, 1473.0, 1473.0, 1473.0, 1473.0, 1473.0, 1473.0, 1473.0, 1473.0, 1473.0, 1473.0, 1473.0, 1473.0, 1473.0, 1473.0, 1473.0, 1473.0, 1473.0, 1473.0, 1473.0, 1473.0, 1473.0, 1473.0, 1469.0, 1469.0, 1469.0, 1469.0, 1469.0, 1469.0, 1469.0, 1469.0, 1469.0, 1469.0, 1469.0, 1469.0, 1469.0, 1469.0, 1469.0, 1469.0, 1469.0, 1469.0, 1469.0, 1469.0, 1469.0, 1469.0, 1469.0, 1469.0, 1469.0, 1469.0, 1469.0, 1469.0, 1469.0, 1469.0, 1469.0, 1469.0, 1469.0, 1469.0, 1469.0, 1469.0, 1469.0, 1469.0, 1469.0, 1469.0, 1469.0, 1469.0, 1469.0, 1469.0, 1469.0, 1469.0, 1469.0, 1469.0, 1469.0, 1469.0, 1469.0, 1469.0, 1469.0, 1469.0, 1469.0, 1469.0, 1469.0, 1469.0, 1469.0, 1469.0, 1469.0, 1469.0, 1469.0, 1469.0, 1469.0, 1469.0, 1469.0, 1469.0, 1469.0, 1469.0, 1469.0, 1469.0, 1469.0, 1469.0, 1469.0, 1469.0, 1469.0, 1469.0, 1469.0, 1469.0, 1469.0, 1469.0, 1469.0, 1469.0, 1469.0, 1469.0, 1469.0, 1469.0, 1469.0, 1469.0, 1469.0, 1469.0, 1469.0, 1469.0, 1469.0, 1469.0, 1469.0, 1469.0, 1469.0, 1469.0, 1469.0, 1469.0, 1469.0, 1469.0, 1469.0, 1469.0, 1469.0, 1469.0, 1469.0, 1469.0, 1469.0, 1469.0, 1469.0, 1469.0, 1469.0, 1469.0, 1469.0, 1469.0, 1469.0, 1469.0, 1469.0, 1469.0, 1469.0, 1469.0, 1469.0, 1469.0, 1469.0, 1469.0, 1469.0, 1469.0, 1469.0, 1469.0, 1469.0, 1469.0, 1469.0, 1469.0, 1469.0, 1469.0, 1469.0, 1469.0, 1469.0, 1469.0, 1469.0, 1469.0, 1469.0, 1469.0, 1469.0, 1469.0, 1469.0, 1469.0, 1469.0, 1469.0, 1469.0, 1469.0, 1469.0, 1469.0, 1469.0, 1469.0, 1469.0, 1469.0, 1469.0, 1469.0, 1469.0, 1469.0, 1469.0, 1469.0, 1469.0, 1469.0, 1469.0, 1469.0, 1469.0, 1469.0, 1469.0, 1469.0, 1469.0, 1469.0, 1469.0, 1469.0]",3,A-n60-k9.vrp,123,GSA,data/vrp/A-n60-k9.vrp
True,33 10 52 13 57 44 16 43 6 55 11 49 35 17 21 4 22 5 12 41 47 26 29 32 54 31 50 45 2 3 7 37 23 46 42 34 39 60 53 19 8 14 38 58 9 20 48 24 25 59 56 36 30 28 18 27 40 51 15,1415.0,1415.0,"[1, 1, 3, 5, 4, 5, 5, 6, 6, 5, 6, 5, 5, 5, 5, 5, 5, 5, 5, 5, 5, 5, 5, 5, 4, 5, 5, 5, 5, 6, 6, 6, 6, 6, 6, 6, 7, 5, 7, 7, 5, 5, 5, 6, 6, 6, 5, 5, 4, 5, 5, 5, 5, 5, 5, 5, 4, 5, 5, 4, 4, 5, 4, 5, 5, 5, 5, 5, 4, 4, 5, 6, 4, 5, 5, 5, 5, 5, 5, 5, 7, 3, 4, 4, 5, 4, 4, 5, 4, 4, 5, 5, 5, 5, 5, 5, 5, 5, 5, 5, 5, 5, 5, 5, 5, 5, 6, 5, 5, 5, 5, 6, 6, 5, 5, 5, 6, 6, 5, 4, 5, 4, 5, 6, 5, 5, 6, 5, 5, 5, 6, 6, 6, 6, 4, 4, 4, 4, 4, 5, 4, 4, 4, 5, 5, 5, 5, 4, 4, 4, 4, 4, 4, 4, 5, 5, 5, 5, 5, 4, 5, 4, 4, 4, 4, 4, 3, 4, 3, 4, 5, 5, 5, 4, 4, 4, 5, 3, 3, 3, 4, 4, 5, 5, 4, 4, 4, 3, 1, 3, 3, 4, 1, 4, 3, 4, 1, 1, 3, 3, 3, 3, 4, 4, 3, 4, 4, 4, 4, 4, 4, 4, 4, 4, 4, 5, 2, 3, 3, 4, 4, 3, 4, 5, 5, 5, 5, 6, 5, 5, 5, 4, 4, 5, 4, 5, 6, 5, 5, 4, 5, 5, 5, 5, 5, 5, 4, 4, 4, 5, 4, 3, 4, 5, 5, 5, 5, 5, 5, 4, 5, 4, 4, 5, 5, 5, 5, 5, 5, 5, 5, 6, 7, 4, 5, 7, 5, 5, 5, 6, 7, 5, 5, 5, 5, 6, 6, 5, 3, 4, 4, 5, 5, 5, 6, 5, 5, 6, 6, 6]",7,300,4.66,,208.917027,"[2095.0, 1889.0, 1869.0, 1858.0, 1764.0, 1764.0, 1681.0, 1681.0, 1681.0, 1670.0, 1670.0, 1670.0, 1670.0, 1670.0, 1670.0, 1663.0, 1643.0, 1643.0, 1643.0, 1643.0, 1643.0, 1643.0, 1616.0, 1605.0, 1579.0, 1579.0, 1579.0, 1579.0, 1550.0, 1511.0, 1511.0, 1511.0, 1511.0, 1511.0, 1511.0, 1511.0, 1511.0, 1511.0, 1511.0, 1511.0, 1511.0, 1511.0, 1506.0, 1506.0, 1506.0, 1506.0, 1494.0, 1494.0, 1494.0, 1494.0, 1494.0, 1494.0, 1494.0, 1494.0, 1494.0, 1494.0, 1494.0, 1494.0, 1494.0, 1494.0, 1494.0, 1494.0, 1494.0, 1494.0, 1494.0, 1494.0, 1494.0, 1494.0, 1494.0, 1494.0, 1494.0, 1494.0, 1494.0, 1494.0, 1494.0, 1494.0, 1494.0, 1494.0, 1494.0, 1494.0, 1494.0, 1494.0, 1494.0, 1494.0, 1494.0, 1494.0, 1494.0, 1494.0, 1494.0, 1494.0, 1494.0, 1494.0, 1494.0, 1494.0, 1494.0, 1494.0, 1494.0, 1494.0, 1494.0, 1494.0, 1494.0, 1494.0, 1494.0, 1494.0, 1494.0, 1494.0, 1494.0, 1494.0, 1494.0, 1494.0, 1494.0, 1494.0, 1494.0, 1494.0, 1494.0, 1494.0, 1494.0, 1494.0, 1494.0, 1494.0, 1494.0, 1494.0, 1494.0, 1494.0, 1494.0, 1494.0, 1459.0, 1459.0, 1459.0, 1459.0, 1459.0, 1459.0, 1459.0, 1459.0, 1459.0, 1459.0, 1459.0, 1459.0, 1459.0, 1459.0, 1459.0, 1459.0, 1455.0, 1455.0, 1455.0, 1455.0, 1455.0, 1455.0, 1455.0, 1455.0, 1455.0, 1418.0, 1418.0, 1418.0, 1418.0, 1418.0, 1418.0, 1418.0, 1418.0, 1418.0, 1418.0, 1418.0, 1415.0, 1415.0, 1415.0, 1415.0, 1415.0, 1415.0, 1415.0, 1415.0, 1415.0, 1415.0, 1415.0, 1415.0, 1415.0, 1415.0, 1415.0, 1415.0, 1415.0, 1415.0, 1415.0, 1415.0, 1415.0, 1415.0, 1415.0, 1415.0, 1415.0, 1415.0, 1415.0, 1415.0, 1415.0, 1415.0, 1415.0, 1415.0, 1415.0, 1415.0, 1415.0, 1415.0, 1415.0, 1415.0, 1415.0, 1415.0, 1415.0, 1415.0, 1415.0, 1415.0, 1415.0, 1415.0, 1415.0, 1415.0, 1415.0, 1415.0, 1415.0, 1415.0, 1415.0, 1415.0, 1415.0, 1415.0, 1415.0, 1415.0, 1415.0, 1415.0, 1415.0, 1415.0, 1415.0, 1415.0, 1415.0, 1415.0, 1415.0, 1415.0, 1415.0, 1415.0, 1415.0, 1415.0, 1415.0, 1415.0, 1415.0, 1415.0, 1415.0, 1415.0, 1415.0, 1415.0, 1415.0, 1415.0, 1415.0, 1415.0, 1415.0, 1415.0, 1415.0, 1415.0, 1415.0, 1415.0, 1415.0, 1415.0, 1415.0, 1415.0, 1415.0, 1415.0, 1415.0, 1415.0, 1415.0, 1415.0, 1415.0, 1415.0, 1415.0, 1415.0, 1415.0, 1415.0, 1415.0, 1415.0, 1415.0, 1415.0, 1415.0, 1415.0, 1415.0, 1415.0, 1415.0, 1415.0, 1415.0, 1415.0, 1415.0, 1415.0, 1415.0, 1415.0, 1415.0, 1415.0, 1415.0, 1415.0, 1415.0, 1415.0, 1415.0, 1415.0, 1415.0, 1415.0, 1415.0, 1415.0, 1415.0, 1415.0, 1415.0, 1415.0]",4,A-n60-k9.vrp,163,GSA,data/vrp/A-n60-k9.vrp
True,17 21 4 12 5 22 32 29 7 47 41 54 31 50 45 37 2 3 8 30 38 58 18 28 20 19 53 14 9 27 16 56 36 46 43 40 15 51 44 57 13 52 10 33 48 24 25 35 26 49 23 11 55 6 59 42 34 39 60,1420.0,1420.0,"[1, 1, 1, 4, 5, 6, 6, 5, 5, 5, 5, 4, 5, 5, 5, 5, 5, 5, 5, 5, 5, 6, 6, 6, 6, 6, 6, 6, 6, 7, 5, 5, 5, 5, 5, 5, 6, 6, 5, 5, 5, 5, 5, 6, 6, 5, 4, 5, 5, 5, 5, 5, 5, 4, 4, 4, 5, 5, 4, 5, 5, 5, 4, 4, 4, 5, 5, 5, 5, 4, 4, 4, 4, 5, 5, 6, 5, 6, 5, 5, 4, 5, 5, 4, 5, 5, 5, 5, 4, 5, 4, 4, 4, 4, 3, 4, 4, 4, 4, 4, 4, 4, 4, 4, 5, 5, 3, 3, 4, 4, 4, 4, 4, 3, 4, 4, 5, 3, 4, 5, 6, 6, 5, 5, 4, 5, 4, 4, 4, 4, 5, 3, 4, 3, 4, 4, 4, 4, 4, 5, 6, 4, 5, 4, 5, 5, 5, 5, 5, 3, 4, 4, 4, 4, 4, 4, 4, 4, 4, 4, 5, 3, 3, 5, 5, 5, 4, 4, 4, 4, 4, 4, 4, 4, 4, 5, 5, 4, 4, 4, 3, 3, 3, 4, 4, 4, 3, 5, 5, 5, 3, 4, 4, 4, 4, 4, 5, 5, 5, 5, 5, 5, 5, 5, 5, 6, 5, 5, 5, 5, 5, 6, 5, 5, 5, 4, 4, 4, 5, 5, 4, 5, 5, 5, 5, 5, 5, 4, 4, 4, 4, 4, 5, 5, 4, 4, 4, 5, 5, 6, 6, 4, 4, 4, 4, 4, 4, 4, 4, 5, 5, 5, 5, 6, 5, 4, 4, 4, 4, 5, 4, 5, 5, 5, 5, 6, 6, 6, 5, 5, 5, 5, 6, 6, 5, 5, 6, 6, 5, 4, 5, 5, 5, 6, 5, 5, 5, 5, 5, 5, 4, 5, 5, 5, 5, 6, 6, 6, 5, 5]",7,300,4.6233,,203.122924,"[2074.0, 1822.0, 1784.0, 1784.0, 1723.0, 1700.0, 1598.0, 1572.0, 1572.0, 1572.0, 1572.0, 1572.0, 1572.0, 1572.0, 1572.0, 1572.0, 1564.0, 1564.0, 1564.0, 1564.0, 1552.0, 1510.0, 1510.0, 1510.0, 1510.0, 1510.0, 1501.0, 1501.0, 1501.0, 1500.0, 1500.0, 1500.0, 1482.0, 1470.0, 1469.0, 1460.0, 1460.0, 1460.0, 1460.0, 1460.0, 1460.0, 1460.0, 1460.0, 1460.0, 1460.0, 1460.0, 1458.0, 1449.0, 1449.0, 1449.0, 1449.0, 1449.0, 1449.0, 1449.0, 1449.0, 1449.0, 1449.0, 1449.0, 1449.0, 1449.0, 1449.0, 1449.0, 1449.0, 1449.0, 1449.0, 1449.0, 1449.0, 1449.0, 1449.0, 1449.0, 1449.0, 1449.0, 1449.0, 1449.0, 1449.0, 1449.0, 1449.0, 1423.0, 1423.0, 1420.0, 1420.0, 1420.0, 1420.0, 1420.0, 1420.0, 1420.0, 1420.0, 1420.0, 1420.0, 1420.0, 1420.0, 1420.0, 1420.0, 1420.0, 1420.0, 1420.0, 1420.0, 1420.0, 1420.0, 1420.0, 1420.0, 1420.0, 1420.0, 1420.0, 1420.0, 1420.0, 1420.0, 1420.0, 1420.0, 1420.0, 1420.0, 1420.0, 1420.0, 1420.0, 1420.0, 1420.0, 1420.0, 1420.0, 1420.0, 1420.0, 1420.0, 1420.0, 1420.0, 1420.0, 1420.0, 1420.0, 1420.0, 1420.0, 1420.0, 1420.0, 1420.0, 1420.0, 1420.0, 1420.0, 1420.0, 1420.0, 1420.0, 1420.0, 1420.0, 1420.0, 1420.0, 1420.0, 1420.0, 1420.0, 1420.0, 1420.0, 1420.0, 1420.0, 1420.0, 1420.0, 1420.0, 1420.0, 1420.0, 1420.0, 1420.0, 1420.0, 1420.0, 1420.0, 1420.0, 1420.0, 1420.0, 1420.0, 1420.0, 1420.0, 1420.0, 1420.0, 1420.0, 1420.0, 1420.0, 1420.0, 1420.0, 1420.0, 1420.0, 1420.0, 1420.0, 1420.0, 1420.0, 1420.0, 1420.0, 1420.0, 1420.0, 1420.0, 1420.0, 1420.0, 1420.0, 1420.0, 1420.0, 1420.0, 1420.0, 1420.0, 1420.0, 1420.0, 1420.0, 1420.0, 1420.0, 1420.0, 1420.0, 1420.0, 1420.0, 1420.0, 1420.0, 1420.0, 1420.0, 1420.0, 1420.0, 1420.0, 1420.0, 1420.0, 1420.0, 1420.0, 1420.0, 1420.0, 1420.0, 1420.0, 1420.0, 1420.0, 1420.0, 1420.0, 1420.0, 1420.0, 1420.0, 1420.0, 1420.0, 1420.0, 1420.0, 1420.0, 1420.0, 1420.0, 1420.0, 1420.0, 1420.0, 1420.0, 1420.0, 1420.0, 1420.0, 1420.0, 1420.0, 1420.0, 1420.0, 1420.0, 1420.0, 1420.0, 1420.0, 1420.0, 1420.0, 1420.0, 1420.0, 1420.0, 1420.0, 1420.0, 1420.0, 1420.0, 1420.0, 1420.0, 1420.0, 1420.0, 1420.0, 1420.0, 1420.0, 1420.0, 1420.0, 1420.0, 1420.0, 1420.0, 1420.0, 1420.0, 1420.0, 1420.0, 1420.0, 1420.0, 1420.0, 1420.0, 1420.0, 1420.0, 1420.0, 1420.0, 1420.0, 1420.0, 1420.0, 1420.0, 1420.0, 1420.0, 1420.0, 1420.0, 1420.0, 1420.0, 1420.0, 1420.0, 1420.0, 1420.0, 1420.0, 1420.0, 1420.0, 1420.0, 1420.0, 1420.0, 1420.0, 1420.0, 1420.0, 1420.0]",5,A-n60-k9.vrp,80,GSA,data/vrp/A-n60-k9.vrp
True,2 45 50 31 54 32 29 35 49 55 11 23 37 3 6 46 43 40 51 44 57 13 52 10 33 42 34 39 60 56 36 15 19 53 9 28 18 27 16 48 24 59 25 7 17 21 4 12 5 22 41 47 26 8 30 38 58 14 20,1414.0,1414.0,"[1, 1, 4, 5, 5, 6, 5, 5, 5, 5, 5, 5, 5, 5, 5, 6, 6, 6, 6, 7, 6, 6, 6, 6, 6, 5, 5, 5, 5, 6, 6, 6, 6, 6, 6, 5, 5, 5, 5, 5, 4, 4, 4, 4, 5, 4, 4, 4, 4, 4, 4, 4, 5, 4, 5, 6, 7, 5, 5, 4, 5, 5, 5, 4, 4, 4, 5, 5, 5, 5, 5, 5, 5, 5, 5, 5, 5, 5, 6, 5, 5, 4, 5, 6, 5, 6, 5, 5, 5, 5, 6, 5, 5, 5, 5, 5, 5, 5, 5, 5, 5, 5, 4, 4, 5, 5, 5, 4, 5, 5, 5, 5, 5, 4, 4, 4, 4, 5, 5, 5, 5, 5, 5, 5, 5, 5, 5, 6, 5, 6, 6, 4, 5, 5, 5, 5, 5, 5, 5, 5, 5, 5, 6, 5, 5, 5, 4, 5, 5, 4, 4, 4, 5, 5, 5, 4, 4, 4, 5, 5, 5, 5, 5, 4, 4, 4, 5, 6, 5, 6, 4, 4, 4, 4, 4, 4, 5, 5, 4, 4, 5, 5, 4, 4, 4, 5, 5, 5, 4, 4, 4, 5, 4, 5, 3, 5, 4, 5, 5, 5, 5, 3, 4, 4, 4, 4, 4, 5, 5, 5, 4, 5, 5, 5, 5, 5, 5, 5, 5, 5, 4, 5, 6, 5, 5, 4, 4, 6, 4, 4, 4, 4, 3, 3, 3, 3, 3, 3, 4, 3, 3, 3, 4, 4, 4, 4, 4, 4, 4, 4, 5, 6, 4, 4, 4, 1, 3, 3, 1, 1, 3, 1, 3, 3, 1, 3, 3, 3, 4, 3, 3, 3, 3, 3, 1, 3, 3, 3, 3, 3, 2, 1, 2, 1, 3, 1, 1, 1, 2, 1, 4, 3, 1, 1, 1, 3, 3, 3, 3, 3]",7,300,4.3533,,218.830688,"[1994.0, 1935.0, 1834.0, 1723.0, 1688.0, 1635.0, 1635.0, 1635.0, 1635.0, 1635.0, 1635.0, 1635.0, 1620.0, 1592.0, 1592.0, 1583.0, 1580.0, 1564.0, 1564.0, 1564.0, 1564.0, 1564.0, 1564.0, 1564.0, 1564.0, 1564.0, 1564.0, 1564.0, 1564.0, 1564.0, 1564.0, 1564.0, 1564.0, 1564.0, 1564.0, 1564.0, 1564.0, 1564.0, 1564.0, 1564.0, 1564.0, 1564.0, 1563.0, 1562.0, 1562.0, 1562.0, 1562.0, 1562.0, 1562.0, 1562.0, 1562.0, 1562.0, 1544.0, 1544.0, 1544.0, 1544.0, 1544.0, 1544.0, 1544.0, 1544.0, 1544.0, 1544.0, 1544.0, 1544.0, 1544.0, 1544.0, 1544.0, 1544.0, 1544.0, 1544.0, 1544.0, 1544.0, 1544.0, 1544.0, 1544.0, 1544.0, 1544.0, 1544.0, 1544.0, 1544.0, 1544.0, 1544.0, 1544.0, 1544.0, 1544.0, 1544.0, 1544.0, 1544.0, 1544.0, 1544.0, 1544.0, 1544.0, 1544.0, 1544.0, 1544.0, 1544.0, 1544.0, 1544.0, 1544.0, 1544.0, 1544.0, 1544.0, 1544.0, 1544.0, 1544.0, 1544.0, 1544.0, 1544.0, 1544.0, 1544.0, 1544.0, 1544.0, 1544.0, 1544.0, 1544.0, 1544.0, 1544.0, 1544.0, 1544.0, 1544.0, 1544.0, 1544.0, 1544.0, 1544.0, 1544.0, 1544.0, 1544.0, 1544.0, 1544.0, 1544.0, 1544.0, 1544.0, 1544.0, 1544.0, 1544.0, 1544.0, 1529.0, 1529.0, 1529.0, 1529.0, 1529.0, 1529.0, 1529.0, 1529.0, 1529.0, 1529.0, 1529.0, 1529.0, 1529.0, 1529.0, 1529.0, 1529.0, 1529.0, 1529.0, 1529.0, 1529.0, 1529.0, 1529.0, 1529.0, 1529.0, 1529.0, 1529.0, 1529.0, 1520.0, 1520.0, 1520.0, 1520.0, 1520.0, 1520.0, 1520.0, 1520.0, 1520.0, 1520.0, 1520.0, 1520.0, 1520.0, 1520.0, 1520.0, 1509.0, 1509.0, 1487.0, 1487.0, 1487.0, 1487.0, 1487.0, 1487.0, 1487.0, 1487.0, 1487.0, 1487.0, 1487.0, 1487.0, 1487.0, 1487.0, 1487.0, 1487.0, 1487.0, 1487.0, 1487.0, 1487.0, 1487.0, 1487.0, 1487.0, 1487.0, 1485.0, 1485.0, 1485.0, 1485.0, 1485.0, 1485.0, 1485.0, 1485.0, 1485.0, 1485.0, 1485.0, 1485.0, 1485.0, 1485.0, 1478.0, 1478.0, 1478.0, 1478.0, 1478.0, 1478.0, 1478.0, 1478.0, 1478.0, 1478.0, 1477.0, 1477.0, 1477.0, 1477.0, 1444.0, 1435.0, 1428.0, 1428.0, 1428.0, 1428.0, 1428.0, 1428.0, 1428.0, 1428.0, 1428.0, 1428.0, 1428.0, 1428.0, 1419.0, 1419.0, 1419.0, 1419.0, 1419.0, 1419.0, 1419.0, 1419.0, 1419.0, 1419.0, 1419.0, 1419.0, 1419.0, 1419.0, 1419.0, 1419.0, 1419.0, 1419.0, 1419.0, 1419.0, 1419.0, 1419.0, 1419.0, 1419.0, 1419.0, 1419.0, 1419.0, 1419.0, 1419.0, 1419.0, 1419.0, 1415.0, 1415.0, 1415.0, 1415.0, 1415.0, 1415.0, 1415.0, 1415.0, 1414.0, 1414.0, 1414.0, 1414.0, 1414.0, 1414.0, 1414.0, 1414.0, 1414.0, 1414.0, 1414.0, 1414.0, 1414.0, 1414.0, 1414.0]",6,A-n60-k9.vrp,286,GSA,data/vrp/A-n60-k9.vrp
True,33 10 52 13 57 44 36 42 34 39 60 53 19 8 30 38 58 14 20 15 56 16 27 18 28 9 40 51 43 46 59 25 45 29 32 41 4 21 17 7 3 2 49 6 55 50 47 12 5 22 54 31 37 11 23 48 24 35 26,1453.0,1453.0,"[1, 1, 4, 5, 5, 5, 5, 5, 6, 6, 6, 6, 6, 6, 6, 5, 4, 5, 5, 5, 5, 5, 5, 5, 5, 5, 6, 5, 5, 5, 5, 6, 5, 5, 5, 5, 6, 5, 5, 5, 5, 5, 4, 5, 5, 5, 5, 5, 4, 4, 4, 5, 6, 6, 6, 6, 5, 5, 5, 4, 5, 5, 5, 5, 6, 5, 5, 5, 5, 5, 5, 5, 3, 3, 4, 5, 4, 5, 5, 5, 5, 5, 5, 5, 5, 5, 5, 5, 5, 5, 5, 5, 5, 5, 5, 5, 5, 6, 5, 5, 5, 4, 5, 4, 5, 5, 5, 4, 4, 4, 5, 5, 5, 5, 5, 5, 4, 4, 4, 5, 5, 6, 6, 5, 6, 5, 5, 5, 6, 6, 6, 6, 5, 5, 6, 6, 6, 7, 4, 5, 4, 5, 5, 4, 4, 4, 4, 4, 5, 5, 5, 5, 5, 5, 5, 4, 4, 4, 4, 4, 4, 5, 4, 4, 5, 5, 5, 5, 4, 4, 4, 4, 4, 4, 5, 5, 4, 5, 5, 5, 5, 5, 5, 5, 6, 5, 5, 5, 5, 6, 6, 6, 4, 4, 4, 4, 4, 4, 5, 6, 6, 6, 6, 5, 5, 6, 6, 5, 6, 6, 6, 6, 6, 5, 5, 5, 6, 5, 5, 5, 5, 5, 5, 5, 4, 4, 4, 5, 6, 6, 6, 5, 5, 5, 5, 5, 5, 5, 6, 5, 5, 6, 5, 5, 6, 5, 5, 5, 5, 5, 5, 5, 6, 6, 5, 5, 5, 5, 6, 6, 6, 6, 5, 5, 5, 5, 5, 6, 5, 5, 5, 5, 5, 5, 6, 6, 5, 5, 6, 6, 4, 4, 5, 4, 4, 4, 4, 5, 5, 4, 4, 4, 4, 5, 5, 6, 6, 6, 5, 5]",7,300,4.98,,211.418848,"[2079.0, 1935.0, 1804.0, 1737.0, 1704.0, 1671.0, 1665.0, 1652.0, 1652.0, 1652.0, 1643.0, 1638.0, 1638.0, 1638.0, 1638.0, 1623.0, 1618.0, 1618.0, 1618.0, 1618.0, 1618.0, 1618.0, 1618.0, 1618.0, 1618.0, 1618.0, 1618.0, 1613.0, 1610.0, 1610.0, 1610.0, 1568.0, 1568.0, 1564.0, 1564.0, 1564.0, 1564.0, 1564.0, 1564.0, 1564.0, 1564.0, 1564.0, 1564.0, 1564.0, 1564.0, 1564.0, 1564.0, 1564.0, 1564.0, 1564.0, 1564.0, 1564.0, 1564.0, 1564.0, 1564.0, 1564.0, 1564.0, 1564.0, 1564.0, 1564.0, 1564.0, 1564.0, 1564.0, 1550.0, 1546.0, 1546.0, 1546.0, 1546.0, 1546.0, 1546.0, 1546.0, 1546.0, 1530.0, 1529.0, 1529.0, 1529.0, 1529.0, 1529.0, 1529.0, 1529.0, 1529.0, 1529.0, 1529.0, 1529.0, 1529.0, 1529.0, 1529.0, 1529.0, 1529.0, 1529.0, 1529.0, 1529.0, 1529.0, 1529.0, 1529.0, 1529.0, 1529.0, 1529.0, 1529.0, 1529.0, 1529.0, 1529.0, 1529.0, 1529.0, 1529.0, 1529.0, 1529.0, 1529.0, 1529.0, 1529.0, 1529.0, 1529.0, 1529.0, 1529.0, 1529.0, 1529.0, 1529.0, 1529.0, 1529.0, 1529.0, 1529.0, 1529.0, 1529.0, 1529.0, 1529.0, 1529.0, 1529.0, 1529.0, 1529.0, 1529.0, 1529.0, 1529.0, 1529.0, 1529.0, 1529.0, 1529.0, 1529.0, 1529.0, 1529.0, 1529.0, 1529.0, 1527.0, 1527.0, 1527.0, 1526.0, 1526.0, 1526.0, 1526.0, 1526.0, 1526.0, 1526.0, 1526.0, 1526.0, 1526.0, 1526.0, 1526.0, 1526.0, 1526.0, 1526.0, 1526.0, 1526.0, 1523.0, 1511.0, 1511.0, 1511.0, 1511.0, 1511.0, 1511.0, 1511.0, 1511.0, 1511.0, 1511.0, 1511.0, 1511.0, 1511.0, 1510.0, 1510.0, 1510.0, 1510.0, 1510.0, 1510.0, 1510.0, 1510.0, 1510.0, 1510.0, 1510.0, 1510.0, 1510.0, 1510.0, 1510.0, 1510.0, 1510.0, 1510.0, 1510.0, 1510.0, 1510.0, 1510.0, 1510.0, 1510.0, 1510.0, 1510.0, 1510.0, 1510.0, 1510.0, 1510.0, 1510.0, 1510.0, 1510.0, 1510.0, 1510.0, 1510.0, 1510.0, 1510.0, 1510.0, 1510.0, 1510.0, 1510.0, 1510.0, 1510.0, 1510.0, 1510.0, 1510.0, 1510.0, 1510.0, 1510.0, 1510.0, 1510.0, 1510.0, 1510.0, 1510.0, 1510.0, 1500.0, 1467.0, 1467.0, 1467.0, 1467.0, 1467.0, 1467.0, 1458.0, 1458.0, 1458.0, 1458.0, 1458.0, 1458.0, 1458.0, 1458.0, 1458.0, 1458.0, 1458.0, 1458.0, 1458.0, 1458.0, 1458.0, 1458.0, 1458.0, 1458.0, 1458.0, 1458.0, 1458.0, 1458.0, 1458.0, 1458.0, 1458.0, 1458.0, 1458.0, 1458.0, 1458.0, 1458.0, 1458.0, 1458.0, 1458.0, 1458.0, 1453.0, 1453.0, 1453.0, 1453.0, 1453.0, 1453.0, 1453.0, 1453.0, 1453.0, 1453.0, 1453.0, 1453.0, 1453.0, 1453.0, 1453.0, 1453.0, 1453.0, 1453.0, 1453.0, 1453.0, 1453.0, 1453.0, 1453.0, 1453.0, 1453.0, 1453.0, 1453.0, 1453.0]",7,A-n60-k9.vrp,273,GSA,data/vrp/A-n60-k9.vrp
True,53 9 30 60 34 2 37 23 11 55 6 43 59 48 24 4 21 17 46 49 35 12 54 31 50 45 3 25 42 39 8 14 38 58 16 44 57 13 52 10 33 15 36 56 51 40 27 18 28 20 19 7 29 32 22 5 41 47 26,1434.0,1434.0,"[1, 1, 3, 3, 4, 4, 5, 5, 5, 4, 5, 5, 6, 7, 6, 6, 6, 6, 6, 6, 5, 6, 6, 6, 6, 6, 7, 7, 6, 5, 5, 5, 5, 5, 5, 5, 5, 5, 5, 5, 5, 5, 5, 5, 5, 5, 6, 5, 5, 5, 5, 6, 6, 5, 6, 5, 5, 5, 4, 4, 5, 5, 5, 5, 5, 5, 5, 5, 6, 5, 4, 5, 5, 5, 4, 4, 4, 4, 5, 4, 5, 5, 5, 3, 5, 4, 4, 4, 4, 5, 4, 4, 5, 4, 5, 5, 5, 4, 4, 4, 4, 4, 4, 4, 4, 4, 4, 4, 4, 5, 5, 4, 4, 4, 4, 4, 4, 4, 4, 4, 4, 4, 5, 5, 5, 4, 4, 4, 6, 5, 5, 5, 5, 4, 5, 4, 3, 3, 4, 4, 4, 4, 3, 3, 4, 4, 4, 4, 4, 3, 3, 3, 1, 3, 3, 3, 4, 3, 1, 1, 4, 3, 3, 3, 3, 2, 4, 4, 3, 1, 3, 3, 1, 3, 5, 4, 3, 4, 1, 1, 1, 1, 3, 3, 2, 4, 4, 4, 3, 4, 4, 4, 4, 4, 5, 4, 4, 4, 4, 4, 5, 4, 4, 4, 4, 4, 4, 4, 4, 4, 4, 5, 5, 5, 5, 4, 4, 4, 5, 4, 4, 4, 4, 5, 3, 5, 5, 6, 5, 5, 6, 5, 4, 4, 4, 4, 6, 4, 5, 5, 5, 5, 5, 5, 5, 5, 4, 4, 5, 5, 5, 5, 4, 5, 5, 6, 5, 5, 5, 5, 4, 4, 5, 5, 5, 4, 5, 5, 5, 5, 5, 5, 5, 5, 5, 5, 5, 5, 5, 5, 5, 4, 5, 4, 4, 4, 4, 4, 5, 6, 5, 6, 5, 5, 6, 6, 6, 6, 5, 4]",7,300,4.4067,,202.007893,"[2082.0, 1923.0, 1776.0, 1748.0, 1672.0, 1672.0, 1672.0, 1638.0, 1638.0, 1638.0, 1614.0, 1582.0, 1556.0, 1553.0, 1553.0, 1553.0, 1553.0, 1553.0, 1553.0, 1553.0, 1553.0, 1553.0, 1553.0, 1553.0, 1553.0, 1553.0, 1553.0, 1553.0, 1553.0, 1553.0, 1553.0, 1553.0, 1553.0, 1553.0, 1553.0, 1553.0, 1553.0, 1553.0, 1553.0, 1553.0, 1553.0, 1553.0, 1553.0, 1553.0, 1553.0, 1553.0, 1553.0, 1553.0, 1553.0, 1553.0, 1553.0, 1553.0, 1553.0, 1553.0, 1553.0, 1553.0, 1553.0, 1553.0, 1553.0, 1553.0, 1553.0, 1553.0, 1553.0, 1553.0, 1553.0, 1553.0, 1553.0, 1553.0, 1553.0, 1553.0, 1553.0, 1553.0, 1536.0, 1536.0, 1536.0, 1536.0, 1536.0, 1536.0, 1536.0, 1536.0, 1536.0, 1536.0, 1536.0, 1536.0, 1536.0, 1536.0, 1536.0, 1536.0, 1536.0, 1536.0, 1536.0, 1536.0, 1536.0, 1536.0, 1536.0, 1536.0, 1536.0, 1536.0, 1536.0, 1536.0, 1536.0, 1536.0, 1536.0, 1528.0, 1528.0, 1528.0, 1527.0, 1514.0, 1514.0, 1504.0, 1504.0, 1504.0, 1504.0, 1504.0, 1504.0, 1504.0, 1504.0, 1504.0, 1504.0, 1504.0, 1504.0, 1504.0, 1504.0, 1504.0, 1504.0, 1504.0, 1504.0, 1470.0, 1470.0, 1470.0, 1470.0, 1470.0, 1470.0, 1450.0, 1450.0, 1450.0, 1450.0, 1450.0, 1447.0, 1435.0, 1435.0, 1435.0, 1435.0, 1435.0, 1434.0, 1434.0, 1434.0, 1434.0, 1434.0, 1434.0, 1434.0, 1434.0, 1434.0, 1434.0, 1434.0, 1434.0, 1434.0, 1434.0, 1434.0, 1434.0, 1434.0, 1434.0, 1434.0, 1434.0, 1434.0, 1434.0, 1434.0, 1434.0, 1434.0, 1434.0, 1434.0, 1434.0, 1434.0, 1434.0, 1434.0, 1434.0, 1434.0, 1434.0, 1434.0, 1434.0, 1434.0, 1434.0, 1434.0, 1434.0, 1434.0, 1434.0, 1434.0, 1434.0, 1434.0, 1434.0, 1434.0, 1434.0, 1434.0, 1434.0, 1434.0, 1434.0, 1434.0, 1434.0, 1434.0, 1434.0, 1434.0, 1434.0, 1434.0, 1434.0, 1434.0, 1434.0, 1434.0, 1434.0, 1434.0, 1434.0, 1434.0, 1434.0, 1434.0, 1434.0, 1434.0, 1434.0, 1434.0, 1434.0, 1434.0, 1434.0, 1434.0, 1434.0, 1434.0, 1434.0, 1434.0, 1434.0, 1434.0, 1434.0, 1434.0, 1434.0, 1434.0, 1434.0, 1434.0, 1434.0, 1434.0, 1434.0, 1434.0, 1434.0, 1434.0, 1434.0, 1434.0, 1434.0, 1434.0, 1434.0, 1434.0, 1434.0, 1434.0, 1434.0, 1434.0, 1434.0, 1434.0, 1434.0, 1434.0, 1434.0, 1434.0, 1434.0, 1434.0, 1434.0, 1434.0, 1434.0, 1434.0, 1434.0, 1434.0, 1434.0, 1434.0, 1434.0, 1434.0, 1434.0, 1434.0, 1434.0, 1434.0, 1434.0, 1434.0, 1434.0, 1434.0, 1434.0, 1434.0, 1434.0, 1434.0, 1434.0, 1434.0, 1434.0, 1434.0, 1434.0, 1434.0, 1434.0, 1434.0, 1434.0, 1434.0, 1434.0, 1434.0, 1434.0, 1434.0, 1434.0, 1434.0, 1434.0, 1434.0, 1434.0, 1434.0, 1434.0]",8,A-n60-k9.vrp,145,GSA,data/vrp/A-n60-k9.vrp
True,51 44 57 13 52 10 33 7 29 32 12 41 47 26 59 43 46 55 37 3 42 34 39 60 53 19 8 30 14 9 27 17 21 4 5 22 54 31 50 45 40 49 23 11 6 15 20 58 38 18 28 16 56 36 48 24 2 25 35,1443.0,1443.0,"[1, 2, 3, 4, 5, 5, 6, 6, 6, 6, 6, 6, 6, 5, 5, 6, 7, 6, 6, 6, 6, 6, 6, 6, 7, 6, 6, 6, 6, 5, 6, 6, 6, 7, 6, 7, 7, 7, 5, 5, 5, 6, 6, 5, 5, 5, 5, 5, 5, 5, 5, 5, 6, 6, 6, 6, 6, 6, 5, 5, 5, 5, 6, 6, 6, 6, 6, 6, 7, 3, 5, 5, 5, 5, 5, 5, 5, 5, 5, 6, 5, 5, 5, 5, 5, 5, 5, 5, 5, 5, 5, 5, 5, 5, 5, 4, 5, 5, 5, 5, 5, 4, 5, 5, 4, 5, 5, 5, 5, 5, 4, 5, 4, 5, 4, 5, 5, 5, 5, 5, 5, 4, 4, 5, 4, 4, 4, 4, 4, 4, 5, 5, 5, 5, 5, 4, 4, 5, 5, 5, 5, 5, 5, 5, 5, 5, 5, 5, 5, 5, 5, 5, 5, 5, 5, 4, 4, 4, 5, 5, 5, 4, 5, 4, 5, 5, 5, 5, 5, 5, 5, 5, 4, 4, 4, 4, 4, 4, 5, 5, 5, 5, 5, 6, 5, 4, 4, 5, 5, 5, 5, 5, 4, 5, 5, 5, 5, 5, 4, 5, 5, 5, 4, 4, 3, 3, 4, 4, 4, 4, 4, 4, 4, 4, 4, 4, 4, 4, 5, 4, 4, 4, 5, 4, 3, 4, 5, 3, 4, 4, 4, 4, 4, 4, 4, 5, 5, 5, 5, 6, 4, 4, 4, 5, 5, 5, 5, 5, 5, 5, 4, 4, 4, 5, 4, 4, 4, 5, 4, 4, 5, 5, 5, 5, 5, 5, 4, 4, 5, 6, 5, 6, 6, 6, 4, 4, 3, 4, 4, 4, 4, 5, 5, 5, 5, 4, 4, 5, 6, 5, 4, 5, 4, 5, 6, 6, 5, 5, 5, 6]",7,300,4.8667,,186.175819,"[2052.0, 1881.0, 1824.0, 1791.0, 1709.0, 1686.0, 1666.0, 1666.0, 1666.0, 1666.0, 1666.0, 1666.0, 1666.0, 1666.0, 1666.0, 1666.0, 1666.0, 1666.0, 1666.0, 1666.0, 1666.0, 1663.0, 1663.0, 1663.0, 1663.0, 1663.0, 1663.0, 1663.0, 1663.0, 1663.0, 1663.0, 1663.0, 1663.0, 1651.0, 1609.0, 1607.0, 1607.0, 1607.0, 1607.0, 1607.0, 1607.0, 1607.0, 1607.0, 1607.0, 1607.0, 1607.0, 1589.0, 1589.0, 1537.0, 1537.0, 1537.0, 1537.0, 1537.0, 1537.0, 1537.0, 1537.0, 1537.0, 1537.0, 1537.0, 1537.0, 1537.0, 1537.0, 1537.0, 1537.0, 1537.0, 1537.0, 1535.0, 1535.0, 1535.0, 1535.0, 1535.0, 1535.0, 1535.0, 1535.0, 1535.0, 1535.0, 1535.0, 1535.0, 1535.0, 1535.0, 1535.0, 1535.0, 1535.0, 1531.0, 1531.0, 1531.0, 1531.0, 1531.0, 1531.0, 1531.0, 1531.0, 1531.0, 1531.0, 1531.0, 1531.0, 1531.0, 1531.0, 1531.0, 1531.0, 1531.0, 1531.0, 1531.0, 1531.0, 1531.0, 1531.0, 1531.0, 1531.0, 1531.0, 1531.0, 1529.0, 1529.0, 1529.0, 1529.0, 1529.0, 1529.0, 1529.0, 1529.0, 1529.0, 1529.0, 1529.0, 1529.0, 1529.0, 1529.0, 1529.0, 1529.0, 1529.0, 1529.0, 1525.0, 1525.0, 1525.0, 1525.0, 1525.0, 1519.0, 1519.0, 1519.0, 1519.0, 1519.0, 1519.0, 1519.0, 1519.0, 1519.0, 1519.0, 1519.0, 1519.0, 1519.0, 1519.0, 1519.0, 1519.0, 1519.0, 1519.0, 1519.0, 1519.0, 1519.0, 1519.0, 1465.0, 1465.0, 1465.0, 1465.0, 1465.0, 1465.0, 1465.0, 1465.0, 1465.0, 1465.0, 1465.0, 1465.0, 1465.0, 1465.0, 1465.0, 1465.0, 1465.0, 1465.0, 1465.0, 1465.0, 1465.0, 1465.0, 1465.0, 1465.0, 1465.0, 1465.0, 1465.0, 1465.0, 1465.0, 1465.0, 1465.0, 1465.0, 1465.0, 1465.0, 1465.0, 1465.0, 1465.0, 1465.0, 1465.0, 1465.0, 1465.0, 1465.0, 1462.0, 1462.0, 1462.0, 1462.0, 1449.0, 1449.0, 1449.0, 1443.0, 1443.0, 1443.0, 1443.0, 1443.0, 1443.0, 1443.0, 1443.0, 1443.0, 1443.0, 1443.0, 1443.0, 1443.0, 1443.0, 1443.0, 1443.0, 1443.0, 1443.0, 1443.0, 1443.0, 1443.0, 1443.0, 1443.0, 1443.0, 1443.0, 1443.0, 1443.0, 1443.0, 1443.0, 1443.0, 1443.0, 1443.0, 1443.0, 1443.0, 1443.0, 1443.0, 1443.0, 1443.0, 1443.0, 1443.0, 1443.0, 1443.0, 1443.0, 1443.0, 1443.0, 1443.0, 1443.0, 1443.0, 1443.0, 1443.0, 1443.0, 1443.0, 1443.0, 1443.0, 1443.0, 1443.0, 1443.0, 1443.0, 1443.0, 1443.0, 1443.0, 1443.0, 1443.0, 1443.0, 1443.0, 1443.0, 1443.0, 1443.0, 1443.0, 1443.0, 1443.0, 1443.0, 1443.0, 1443.0, 1443.0, 1443.0, 1443.0, 1443.0, 1443.0, 1443.0, 1443.0, 1443.0, 1443.0, 1443.0, 1443.0, 1443.0, 1443.0, 1443.0, 1443.0, 1443.0, 1443.0, 1443.0, 1443.0, 1443.0, 1443.0, 1443.0, 1443.0]",9,A-n60-k9.vrp,204,GSA,data/vrp/A-n60-k9.vrp
True,19 8 30 38 58 18 28 20 14 9 27 16 56 36 24 57 44 40 51 15 17 21 4 22 54 50 45 3 25 35 26 47 41 7 32 29 2 12 5 31 37 11 55 23 59 48 6 46 43 42 34 39 60 53 49 33 10 52 13,1507.0,1507.0,"[1, 2, 5, 5, 6, 6, 7, 5, 5, 5, 6, 6, 6, 5, 6, 6, 5, 5, 5, 5, 5, 6, 6, 7, 7, 7, 6, 6, 6, 6, 6, 6, 6, 5, 5, 5, 5, 5, 5, 5, 5, 6, 6, 6, 6, 6, 6, 6, 6, 6, 6, 6, 6, 6, 6, 7, 7, 6, 4, 5, 5, 6, 6, 7, 4, 5, 5, 4, 5, 6, 6, 6, 5, 4, 4, 5, 5, 5, 5, 5, 6, 6, 6, 6, 6, 6, 6, 6, 6, 5, 6, 6, 6, 6, 4, 5, 5, 5, 5, 6, 6, 5, 5, 5, 5, 5, 5, 5, 5, 5, 5, 5, 5, 5, 5, 5, 5, 5, 3, 5, 5, 5, 5, 3, 4, 5, 5, 5, 5, 6, 4, 4, 4, 5, 5, 5, 5, 5, 5, 5, 5, 5, 5, 5, 5, 5, 5, 5, 5, 6, 5, 6, 5, 5, 5, 5, 5, 5, 5, 5, 5, 5, 4, 5, 5, 5, 5, 5, 6, 6, 5, 5, 5, 4, 4, 4, 5, 4, 4, 4, 4, 5, 4, 4, 4, 4, 5, 4, 4, 4, 4, 4, 4, 4, 4, 4, 4, 4, 5, 4, 4, 5, 4, 4, 4, 4, 4, 4, 4, 4, 4, 4, 5, 5, 5, 5, 5, 5, 5, 5, 5, 5, 5, 6, 6, 5, 5, 5, 5, 5, 5, 5, 5, 5, 4, 4, 5, 5, 6, 5, 5, 5, 5, 4, 4, 5, 5, 4, 4, 4, 4, 4, 4, 5, 5, 5, 5, 5, 5, 5, 5, 5, 4, 4, 4, 5, 6, 5, 6, 6, 5, 5, 5, 6, 6, 4, 4, 4, 4, 4, 5, 5, 6, 5, 5, 5, 5, 5, 5, 5, 5, 5, 5, 5, 5, 5, 5, 5, 5, 4]",7,300,5.0133,,195.726324,"[2007.0, 1946.0, 1841.0, 1841.0, 1841.0, 1817.0, 1732.0, 1688.0, 1688.0, 1688.0, 1688.0, 1688.0, 1688.0, 1688.0, 1686.0, 1686.0, 1686.0, 1686.0, 1686.0, 1686.0, 1686.0, 1686.0, 1686.0, 1686.0, 1686.0, 1686.0, 1686.0, 1686.0, 1686.0, 1686.0, 1686.0, 1686.0, 1686.0, 1686.0, 1670.0, 1670.0, 1670.0, 1670.0, 1670.0, 1670.0, 1670.0, 1670.0, 1670.0, 1670.0, 1670.0, 1670.0, 1670.0, 1670.0, 1670.0, 1670.0, 1670.0, 1646.0, 1612.0, 1612.0, 1612.0, 1612.0, 1612.0, 1612.0, 1612.0, 1612.0, 1604.0, 1603.0, 1603.0, 1578.0, 1576.0, 1576.0, 1576.0, 1576.0, 1576.0, 1576.0, 1574.0, 1574.0, 1574.0, 1574.0, 1574.0, 1574.0, 1574.0, 1574.0, 1574.0, 1574.0, 1574.0, 1574.0, 1574.0, 1574.0, 1574.0, 1574.0, 1562.0, 1562.0, 1562.0, 1562.0, 1562.0, 1562.0, 1562.0, 1558.0, 1558.0, 1558.0, 1558.0, 1558.0, 1558.0, 1551.0, 1551.0, 1551.0, 1551.0, 1551.0, 1551.0, 1551.0, 1551.0, 1551.0, 1551.0, 1551.0, 1551.0, 1551.0, 1551.0, 1551.0, 1551.0, 1551.0, 1551.0, 1551.0, 1525.0, 1524.0, 1524.0, 1524.0, 1524.0, 1523.0, 1520.0, 1516.0, 1512.0, 1512.0, 1512.0, 1512.0, 1512.0, 1511.0, 1511.0, 1511.0, 1511.0, 1511.0, 1511.0, 1511.0, 1511.0, 1511.0, 1511.0, 1511.0, 1511.0, 1511.0, 1511.0, 1511.0, 1511.0, 1507.0, 1507.0, 1507.0, 1507.0, 1507.0, 1507.0, 1507.0, 1507.0, 1507.0, 1507.0, 1507.0, 1507.0, 1507.0, 1507.0, 1507.0, 1507.0, 1507.0, 1507.0, 1507.0, 1507.0, 1507.0, 1507.0, 1507.0, 1507.0, 1507.0, 1507.0, 1507.0, 1507.0, 1507.0, 1507.0, 1507.0, 1507.0, 1507.0, 1507.0, 1507.0, 1507.0, 1507.0, 1507.0, 1507.0, 1507.0, 1507.0, 1507.0, 1507.0, 1507.0, 1507.0, 1507.0, 1507.0, 1507.0, 1507.0, 1507.0, 1507.0, 1507.0, 1507.0, 1507.0, 1507.0, 1507.0, 1507.0, 1507.0, 1507.0, 1507.0, 1507.0, 1507.0, 1507.0, 1507.0, 1507.0, 1507.0, 1507.0, 1507.0, 1507.0, 1507.0, 1507.0, 1507.0, 1507.0, 1507.0, 1507.0, 1507.0, 1507.0, 1507.0, 1507.0, 1507.0, 1507.0, 1507.0, 1507.0, 1507.0, 1507.0, 1507.0, 1507.0, 1507.0, 1507.0, 1507.0, 1507.0, 1507.0, 1507.0, 1507.0, 1507.0, 1507.0, 1507.0, 1507.0, 1507.0, 1507.0, 1507.0, 1507.0, 1507.0, 1507.0, 1507.0, 1507.0, 1507.0, 1507.0, 1507.0, 1507.0, 1507.0, 1507.0, 1507.0, 1507.0, 1507.0, 1507.0, 1507.0, 1507.0, 1507.0, 1507.0, 1507.0, 1507.0, 1507.0, 1507.0, 1507.0, 1507.0, 1507.0, 1507.0, 1507.0, 1507.0, 1507.0, 1507.0, 1507.0, 1507.0, 1507.0, 1507.0, 1507.0, 1507.0, 1507.0, 1507.0, 1507.0, 1507.0, 1507.0, 1507.0, 1507.0, 1507.0, 1507.0, 1507.0, 1507.0, 1507.0, 1507.0, 1507.0, 1507.0]",10,A-n60-k9.vrp,148,GSA,data/vrp/A-n60-k9.vrp
True,52 4 65 16 58 7 38 49 56 66 21 17 42 76 12 31 44 32 28 14 8 45 10 27 48 70 18 54 71 39 68 77 24 22 13 47 9 62 25 72 40 11 80 15 53 19 29 6 63 43 60 35 3 69 41 2 67 59 26 55 78 64 50 46 23 61 30 37 74 75 34 20 79 36 57 73 51 33 5,3150.0,3150.0,"[1, 1, 1, 1, 1, 1, 1, 1, 1, 1, 1, 1, 1, 1, 1, 1, 1, 1, 1, 1, 1, 1, 1, 1, 1, 1, 1, 1, 1, 1, 1, 1, 1, 1, 1, 1, 1, 1, 1, 1, 1, 1, 1, 1, 1, 1, 1, 1, 1, 1, 1, 1, 1, 1, 1, 1, 1, 1, 1, 1, 1, 1, 1, 1, 1, 1, 1, 1, 1, 1, 1, 1, 1, 1, 1, 1, 1, 1, 1, 1, 1, 1, 1, 1, 1, 1, 1, 1, 1, 1, 1, 1, 1, 1, 1, 1, 1, 1, 1, 1, 1, 1, 1, 1, 1, 1, 1, 1, 1, 1, 1, 1, 1, 1, 1, 1, 1, 1, 1, 1, 1, 1, 1, 1, 1, 1, 1, 1, 1, 1, 1, 1, 1, 1, 1, 1, 1, 1, 1, 1, 1, 1, 1, 1, 1, 1, 1, 1, 1, 1, 1, 1, 1, 1, 1, 1, 1, 1, 1, 1, 1, 1, 1, 1, 1, 1, 1, 1, 1, 1, 1, 1, 1, 1, 1, 1, 1, 1, 1, 1, 1, 1, 1, 1, 1, 1, 1, 1, 1, 1, 1, 1, 1, 1, 1, 1, 1, 1, 1, 1, 1, 1, 1, 1, 1, 1, 1, 1, 1, 1, 1, 1, 1, 1, 1, 1, 1, 1, 1, 1, 1, 1, 1, 1, 1, 1, 1, 1, 1, 1, 1, 1, 1, 1, 1, 1, 1, 1, 1, 1, 1, 1, 1, 1, 1, 1, 1, 1, 1, 1, 1, 1, 1, 1, 1, 1, 1, 1, 1, 1, 1, 1, 1, 1, 1, 1, 1, 1, 1, 1, 1, 1, 1, 1, 1, 1, 1, 1, 1, 1, 1, 1, 1, 1, 1, 1, 1, 1, 1, 1, 1, 1, 1, 1, 1, 1, 1, 1, 1, 1]",1,300,1.0,,4.424296,"[4349.0, 4349.0, 4231.0, 4231.0, 4231.0, 4209.0, 4174.0, 4131.0, 4082.0, 3872.0, 3872.0, 3872.0, 3872.0, 3872.0, 3800.0, 3784.0, 3750.0, 3750.0, 3750.0, 3750.0, 3743.0, 3743.0, 3678.0, 3678.0, 3678.0, 3665.0, 3603.0, 3603.0, 3603.0, 3603.0, 3603.0, 3603.0, 3603.0, 3603.0, 3574.0, 3574.0, 3553.0, 3553.0, 3527.0, 3527.0, 3527.0, 3524.0, 3524.0, 3463.0, 3463.0, 3426.0, 3426.0, 3426.0, 3426.0, 3426.0, 3426.0, 3426.0, 3373.0, 3373.0, 3373.0, 3373.0, 3373.0, 3373.0, 3373.0, 3370.0, 3370.0, 3370.0, 3370.0, 3370.0, 3370.0, 3370.0, 3370.0, 3370.0, 3370.0, 3370.0, 3370.0, 3370.0, 3370.0, 3370.0, 3370.0, 3370.0, 3353.0, 3353.0, 3353.0, 3353.0, 3353.0, 3353.0, 3353.0, 3353.0, 3353.0, 3353.0, 3353.0, 3353.0, 3353.0, 3353.0, 3353.0, 3353.0, 3353.0, 3353.0, 3349.0, 3349.0, 3349.0, 3349.0, 3349.0, 3349.0, 3330.0, 3330.0, 3330.0, 3300.0, 3266.0, 3266.0, 3266.0, 3266.0, 3266.0, 3266.0, 3266.0, 3266.0, 3266.0, 3266.0, 3266.0, 3266.0, 3266.0, 3266.0, 3266.0, 3266.0, 3266.0, 3266.0, 3266.0, 3266.0, 3266.0, 3252.0, 3252.0, 3252.0, 3252.0, 3252.0, 3252.0, 3252.0, 3252.0, 3252.0, 3252.0, 3252.0, 3252.0, 3252.0, 3252.0, 3252.0, 3252.0, 3252.0, 3252.0, 3227.0, 3227.0, 3227.0, 3227.0, 3227.0, 3227.0, 3227.0, 3227.0, 3227.0, 3227.0, 3227.0, 3227.0, 3227.0, 3227.0, 3227.0, 3227.0, 3227.0, 3227.0, 3227.0, 3227.0, 3227.0, 3227.0, 3227.0, 3227.0, 3227.0, 3227.0, 3227.0, 3227.0, 3227.0, 3227.0, 3221.0, 3216.0, 3216.0, 3216.0, 3216.0, 3216.0, 3216.0, 3216.0, 3216.0, 3216.0, 3216.0, 3216.0, 3216.0, 3216.0, 3216.0, 3216.0, 3216.0, 3216.0, 3216.0, 3216.0, 3216.0, 3216.0, 3216.0, 3216.0, 3216.0, 3216.0, 3216.0, 3216.0, 3216.0, 3216.0, 3216.0, 3216.0, 3216.0, 3216.0, 3216.0, 3216.0, 3216.0, 3216.0, 3216.0, 3216.0, 3216.0, 3216.0, 3216.0, 3216.0, 3216.0, 3216.0, 3216.0, 3216.0, 3216.0, 3216.0, 3206.0, 3206.0, 3206.0, 3206.0, 3206.0, 3206.0, 3206.0, 3206.0, 3206.0, 3206.0, 3206.0, 3206.0, 3206.0, 3206.0, 3206.0, 3197.0, 3197.0, 3197.0, 3197.0, 3197.0, 3197.0, 3197.0, 3197.0, 3197.0, 3197.0, 3197.0, 3179.0, 3177.0, 3177.0, 3177.0, 3177.0, 3167.0, 3167.0, 3150.0, 3150.0, 3150.0, 3150.0, 3150.0, 3150.0, 3150.0, 3150.0, 3150.0, 3150.0, 3150.0, 3150.0, 3150.0, 3150.0, 3150.0, 3150.0, 3150.0, 3150.0, 3150.0, 3150.0, 3150.0, 3150.0, 3150.0, 3150.0, 3150.0, 3150.0, 3150.0, 3150.0, 3150.0, 3150.0, 3150.0, 3150.0, 3150.0, 3150.0, 3150.0, 3150.0, 3150.0, 3150.0, 3150.0, 3150.0, 3150.0, 3150.0, 3150.0, 3150.0]",1,A-n80-k10.vrp,257,GA,data/vrp/A-n80-k10.vrp
True,7 30 38 36 44 27 29 2 67 54 51 5 78 77 23 73 14 37 56 65 6 62 9 69 76 28 20 57 61 32 25 17 55 33 68 59 39 11 80 63 64 8 47 24 72 12 3 35 31 22 18 26 21 49 15 58 60 50 71 42 66 70 48 45 19 53 41 40 13 79 16 34 10 46 52 74 4 75 43,3132.0,3132.0,"[1, 1, 1, 1, 1, 1, 1, 1, 1, 1, 1, 1, 1, 1, 1, 1, 1, 1, 1, 1, 1, 1, 1, 1, 1, 1, 1, 1, 1, 1, 1, 1, 1, 1, 1, 1, 1, 1, 1, 1, 1, 1, 1, 1, 1, 1, 1, 1, 1, 1, 1, 1, 1, 1, 1, 1, 1, 1, 1, 1, 1, 1, 1, 1, 1, 1, 1, 1, 1, 1, 1, 1, 1, 1, 1, 1, 1, 1, 1, 1, 1, 1, 1, 1, 1, 1, 1, 1, 1, 1, 1, 1, 1, 1, 1, 1, 1, 1, 1, 1, 1, 1, 1, 1, 1, 1, 1, 1, 1, 1, 1, 1, 1, 1, 1, 1, 1, 1, 1, 1, 1, 1, 1, 1, 1, 1, 1, 1, 1, 1, 1, 1, 1, 1, 1, 1, 1, 1, 1, 1, 1, 1, 1, 1, 1, 1, 1, 1, 1, 1, 1, 1, 1, 1, 1, 1, 1, 1, 1, 1, 1, 1, 1, 1, 1, 1, 1, 1, 1, 1, 1, 1, 1, 1, 1, 1, 1, 1, 1, 1, 1, 1, 1, 1, 1, 1, 1, 1, 1, 1, 1, 1, 1, 1, 1, 1, 1, 1, 1, 1, 1, 1, 1, 1, 1, 1, 1, 1, 1, 1, 1, 1, 1, 1, 1, 1, 1, 1, 1, 1, 1, 1, 1, 1, 1, 1, 1, 1, 1, 1, 1, 1, 1, 1, 1, 1, 1, 1, 1, 1, 1, 1, 1, 1, 1, 1, 1, 1, 1, 1, 1, 1, 1, 1, 1, 1, 1, 1, 1, 1, 1, 1, 1, 1, 1, 1, 1, 1, 1, 1, 1, 1, 1, 1, 1, 1, 1, 1, 1, 1, 1, 1, 1, 1, 1, 1, 1, 1, 1, 1, 1, 1, 1, 1, 1, 1, 1, 1, 1, 1]",1,300,1.0,,4.523757,"[4422.0, 4399.0, 4271.0, 4135.0, 4109.0, 4109.0, 3969.0, 3912.0, 3912.0, 3912.0, 3912.0, 3808.0, 3808.0, 3808.0, 3808.0, 3808.0, 3792.0, 3787.0, 3758.0, 3758.0, 3758.0, 3758.0, 3758.0, 3758.0, 3758.0, 3708.0, 3708.0, 3615.0, 3615.0, 3615.0, 3615.0, 3615.0, 3615.0, 3615.0, 3615.0, 3615.0, 3615.0, 3510.0, 3510.0, 3510.0, 3510.0, 3510.0, 3510.0, 3435.0, 3435.0, 3435.0, 3435.0, 3435.0, 3435.0, 3435.0, 3435.0, 3435.0, 3435.0, 3435.0, 3435.0, 3435.0, 3413.0, 3413.0, 3413.0, 3413.0, 3413.0, 3413.0, 3413.0, 3413.0, 3413.0, 3413.0, 3413.0, 3413.0, 3413.0, 3413.0, 3413.0, 3413.0, 3413.0, 3413.0, 3392.0, 3392.0, 3392.0, 3392.0, 3392.0, 3392.0, 3392.0, 3392.0, 3392.0, 3392.0, 3392.0, 3392.0, 3392.0, 3392.0, 3392.0, 3392.0, 3392.0, 3392.0, 3392.0, 3392.0, 3392.0, 3392.0, 3392.0, 3392.0, 3392.0, 3392.0, 3392.0, 3392.0, 3392.0, 3392.0, 3392.0, 3392.0, 3392.0, 3392.0, 3392.0, 3392.0, 3392.0, 3392.0, 3392.0, 3392.0, 3392.0, 3392.0, 3392.0, 3392.0, 3392.0, 3392.0, 3392.0, 3392.0, 3392.0, 3392.0, 3392.0, 3392.0, 3392.0, 3392.0, 3392.0, 3392.0, 3392.0, 3389.0, 3389.0, 3389.0, 3389.0, 3389.0, 3389.0, 3389.0, 3389.0, 3389.0, 3389.0, 3389.0, 3389.0, 3356.0, 3356.0, 3356.0, 3356.0, 3356.0, 3356.0, 3295.0, 3295.0, 3295.0, 3295.0, 3295.0, 3254.0, 3254.0, 3254.0, 3254.0, 3254.0, 3254.0, 3211.0, 3211.0, 3211.0, 3158.0, 3158.0, 3153.0, 3153.0, 3153.0, 3153.0, 3153.0, 3153.0, 3153.0, 3153.0, 3153.0, 3153.0, 3153.0, 3153.0, 3153.0, 3153.0, 3153.0, 3153.0, 3153.0, 3153.0, 3153.0, 3153.0, 3153.0, 3153.0, 3153.0, 3153.0, 3153.0, 3153.0, 3153.0, 3153.0, 3153.0, 3153.0, 3153.0, 3153.0, 3153.0, 3153.0, 3153.0, 3153.0, 3153.0, 3153.0, 3153.0, 3153.0, 3153.0, 3153.0, 3153.0, 3153.0, 3153.0, 3153.0, 3153.0, 3153.0, 3153.0, 3153.0, 3151.0, 3151.0, 3151.0, 3151.0, 3147.0, 3147.0, 3147.0, 3147.0, 3147.0, 3147.0, 3147.0, 3147.0, 3146.0, 3146.0, 3146.0, 3146.0, 3146.0, 3146.0, 3146.0, 3146.0, 3146.0, 3146.0, 3146.0, 3146.0, 3146.0, 3146.0, 3146.0, 3146.0, 3146.0, 3146.0, 3146.0, 3146.0, 3146.0, 3146.0, 3146.0, 3146.0, 3146.0, 3146.0, 3146.0, 3146.0, 3146.0, 3146.0, 3146.0, 3146.0, 3134.0, 3134.0, 3134.0, 3134.0, 3134.0, 3134.0, 3134.0, 3134.0, 3134.0, 3134.0, 3134.0, 3134.0, 3134.0, 3134.0, 3134.0, 3134.0, 3134.0, 3134.0, 3134.0, 3134.0, 3134.0, 3134.0, 3132.0, 3132.0, 3132.0, 3132.0, 3132.0, 3132.0, 3132.0, 3132.0, 3132.0, 3132.0, 3132.0, 3132.0, 3132.0, 3132.0, 3132.0, 3132.0, 3132.0, 3132.0, 3132.0]",2,A-n80-k10.vrp,282,GA,data/vrp/A-n80-k10.vrp
True,47 17 36 57 27 66 55 56 76 21 53 80 30 32 7 24 60 78 37 74 19 38 9 25 35 69 48 42 67 14 8 12 31 61 68 59 50 39 10 46 77 71 54 73 33 5 51 23 34 70 20 65 26 58 16 28 62 44 79 6 18 52 43 45 63 4 13 75 40 11 2 22 64 49 3 29 72 15 41,2718.0,2718.0,"[1, 1, 1, 1, 1, 1, 1, 1, 1, 1, 1, 1, 1, 1, 1, 1, 1, 1, 1, 1, 1, 1, 1, 1, 1, 1, 1, 1, 1, 1, 1, 1, 1, 1, 1, 1, 1, 1, 1, 1, 1, 1, 1, 1, 1, 1, 1, 1, 1, 1, 1, 1, 1, 1, 1, 1, 1, 1, 1, 1, 1, 1, 1, 1, 1, 1, 1, 1, 1, 1, 1, 1, 1, 1, 1, 1, 1, 1, 1, 1, 1, 1, 1, 1, 1, 1, 1, 1, 1, 1, 1, 1, 1, 1, 1, 1, 1, 1, 1, 1, 1, 1, 1, 1, 1, 1, 1, 1, 1, 1, 1, 1, 1, 1, 1, 1, 1, 1, 1, 1, 1, 1, 1, 1, 1, 1, 1, 1, 1, 1, 1, 1, 1, 1, 1, 1, 1, 1, 1, 1, 1, 1, 1, 1, 1, 1, 1, 1, 1, 1, 1, 1, 1, 1, 1, 1, 1, 1, 1, 1, 1, 1, 1, 1, 1, 1, 1, 1, 1, 1, 1, 1, 1, 1, 1, 1, 1, 1, 1, 1, 1, 1, 1, 1, 1, 1, 1, 1, 1, 1, 1, 1, 1, 1, 1, 1, 1, 1, 1, 1, 1, 1, 1, 1, 1, 1, 1, 1, 1, 1, 1, 1, 1, 1, 1, 1, 1, 1, 1, 1, 1, 1, 1, 1, 1, 1, 1, 1, 1, 1, 1, 1, 1, 1, 1, 1, 1, 1, 1, 1, 1, 1, 1, 1, 1, 1, 1, 1, 1, 1, 1, 1, 1, 1, 1, 1, 1, 1, 1, 1, 1, 1, 1, 1, 1, 1, 1, 1, 1, 1, 1, 1, 1, 1, 1, 1, 1, 1, 1, 1, 1, 1, 1, 1, 1, 1, 1, 1, 1, 1, 1, 1, 1, 1, 1, 1, 1, 1, 1, 1]",1,300,1.0,,4.714568,"[4404.0, 4404.0, 4242.0, 4139.0, 4139.0, 4139.0, 4061.0, 4061.0, 4061.0, 4003.0, 4003.0, 4003.0, 3903.0, 3903.0, 3903.0, 3903.0, 3903.0, 3889.0, 3827.0, 3827.0, 3772.0, 3772.0, 3762.0, 3712.0, 3646.0, 3646.0, 3646.0, 3646.0, 3629.0, 3480.0, 3464.0, 3425.0, 3406.0, 3406.0, 3406.0, 3406.0, 3406.0, 3371.0, 3371.0, 3365.0, 3365.0, 3360.0, 3260.0, 3260.0, 3260.0, 3260.0, 3260.0, 3260.0, 3232.0, 3232.0, 3232.0, 3232.0, 3232.0, 3232.0, 3232.0, 3232.0, 3229.0, 3229.0, 3229.0, 3202.0, 3145.0, 3145.0, 3145.0, 3145.0, 3121.0, 3121.0, 3121.0, 3121.0, 3121.0, 3121.0, 3121.0, 3121.0, 3121.0, 3121.0, 3113.0, 3113.0, 3113.0, 3113.0, 3113.0, 3113.0, 3050.0, 3050.0, 3050.0, 3050.0, 3050.0, 3046.0, 3046.0, 3040.0, 3026.0, 3026.0, 3026.0, 3026.0, 3026.0, 3026.0, 2996.0, 2996.0, 2996.0, 2996.0, 2996.0, 2996.0, 2996.0, 2996.0, 2988.0, 2988.0, 2981.0, 2981.0, 2981.0, 2965.0, 2934.0, 2934.0, 2915.0, 2908.0, 2908.0, 2908.0, 2908.0, 2908.0, 2908.0, 2908.0, 2908.0, 2908.0, 2908.0, 2908.0, 2908.0, 2908.0, 2908.0, 2908.0, 2908.0, 2908.0, 2908.0, 2908.0, 2908.0, 2908.0, 2908.0, 2908.0, 2908.0, 2908.0, 2908.0, 2908.0, 2908.0, 2908.0, 2908.0, 2908.0, 2908.0, 2908.0, 2908.0, 2908.0, 2908.0, 2908.0, 2908.0, 2908.0, 2908.0, 2908.0, 2898.0, 2898.0, 2898.0, 2898.0, 2898.0, 2898.0, 2898.0, 2898.0, 2874.0, 2874.0, 2874.0, 2874.0, 2874.0, 2859.0, 2859.0, 2859.0, 2859.0, 2859.0, 2841.0, 2841.0, 2841.0, 2841.0, 2841.0, 2841.0, 2841.0, 2841.0, 2841.0, 2841.0, 2841.0, 2839.0, 2839.0, 2839.0, 2839.0, 2839.0, 2839.0, 2839.0, 2837.0, 2832.0, 2832.0, 2832.0, 2832.0, 2832.0, 2832.0, 2832.0, 2832.0, 2832.0, 2832.0, 2832.0, 2832.0, 2832.0, 2832.0, 2832.0, 2832.0, 2821.0, 2821.0, 2821.0, 2821.0, 2821.0, 2821.0, 2821.0, 2821.0, 2820.0, 2820.0, 2820.0, 2820.0, 2820.0, 2820.0, 2820.0, 2820.0, 2820.0, 2820.0, 2820.0, 2820.0, 2820.0, 2820.0, 2820.0, 2820.0, 2820.0, 2820.0, 2820.0, 2820.0, 2820.0, 2820.0, 2820.0, 2820.0, 2820.0, 2820.0, 2820.0, 2820.0, 2820.0, 2787.0, 2787.0, 2787.0, 2787.0, 2787.0, 2787.0, 2787.0, 2784.0, 2784.0, 2784.0, 2784.0, 2784.0, 2784.0, 2784.0, 2728.0, 2728.0, 2728.0, 2725.0, 2725.0, 2725.0, 2725.0, 2725.0, 2718.0, 2718.0, 2718.0, 2718.0, 2718.0, 2718.0, 2718.0, 2718.0, 2718.0, 2718.0, 2718.0, 2718.0, 2718.0, 2718.0, 2718.0, 2718.0, 2718.0, 2718.0, 2718.0, 2718.0, 2718.0, 2718.0, 2718.0, 2718.0, 2718.0, 2718.0, 2718.0, 2718.0, 2718.0, 2718.0, 2718.0, 2718.0, 2718.0, 2718.0, 2718.0, 2718.0]",3,A-n80-k10.vrp,265,GA,data/vrp/A-n80-k10.vrp
True,46 5 56 55 34 23 52 37 74 59 33 51 77 73 18 26 42 47 78 4 16 48 36 20 21 28 38 45 14 54 68 40 30 32 79 49 25 24 75 76 60 64 2 50 39 67 8 11 13 71 65 58 62 9 44 17 53 31 61 63 6 27 57 70 66 10 69 15 72 7 80 3 35 22 43 29 19 12 41,2731.0,2731.0,"[1, 1, 1, 1, 1, 1, 1, 1, 1, 1, 1, 1, 1, 1, 1, 1, 1, 1, 1, 1, 1, 1, 1, 1, 1, 1, 1, 1, 1, 1, 1, 1, 1, 1, 1, 1, 1, 1, 1, 1, 1, 1, 1, 1, 1, 1, 1, 1, 1, 1, 1, 1, 1, 1, 1, 1, 1, 1, 1, 1, 1, 1, 1, 1, 1, 1, 1, 1, 1, 1, 1, 1, 1, 1, 1, 1, 1, 1, 1, 1, 1, 1, 1, 1, 1, 1, 1, 1, 1, 1, 1, 1, 1, 1, 1, 1, 1, 1, 1, 1, 1, 1, 1, 1, 1, 1, 1, 1, 1, 1, 1, 1, 1, 1, 1, 1, 1, 1, 1, 1, 1, 1, 1, 1, 1, 1, 1, 1, 1, 1, 1, 1, 1, 1, 1, 1, 1, 1, 1, 1, 1, 1, 1, 1, 1, 1, 1, 1, 1, 1, 1, 1, 1, 1, 1, 1, 1, 1, 1, 1, 1, 1, 1, 1, 1, 1, 1, 1, 1, 1, 1, 1, 1, 1, 1, 1, 1, 1, 1, 1, 1, 1, 1, 1, 1, 1, 1, 1, 1, 1, 1, 1, 1, 1, 1, 1, 1, 1, 1, 1, 1, 1, 1, 1, 1, 1, 1, 1, 1, 1, 1, 1, 1, 1, 1, 1, 1, 1, 1, 1, 1, 1, 1, 1, 1, 1, 1, 1, 1, 1, 1, 1, 1, 1, 1, 1, 1, 1, 1, 1, 1, 1, 1, 1, 1, 1, 1, 1, 1, 1, 1, 1, 1, 1, 1, 1, 1, 1, 1, 1, 1, 1, 1, 1, 1, 1, 1, 1, 1, 1, 1, 1, 1, 1, 1, 1, 1, 1, 1, 1, 1, 1, 1, 1, 1, 1, 1, 1, 1, 1, 1, 1, 1, 1, 1, 1, 1, 1, 1, 1]",1,300,1.0,,4.428786,"[4467.0, 4458.0, 4316.0, 4316.0, 4215.0, 4138.0, 4138.0, 4075.0, 4075.0, 4075.0, 4011.0, 3961.0, 3961.0, 3896.0, 3859.0, 3760.0, 3760.0, 3687.0, 3618.0, 3618.0, 3589.0, 3589.0, 3430.0, 3430.0, 3430.0, 3430.0, 3430.0, 3430.0, 3423.0, 3315.0, 3315.0, 3315.0, 3315.0, 3315.0, 3315.0, 3275.0, 3275.0, 3275.0, 3275.0, 3275.0, 3275.0, 3275.0, 3260.0, 3255.0, 3255.0, 3251.0, 3251.0, 3251.0, 3251.0, 3251.0, 3229.0, 3229.0, 3199.0, 3199.0, 3199.0, 3199.0, 3199.0, 3199.0, 3181.0, 3181.0, 3181.0, 3177.0, 3177.0, 3177.0, 3177.0, 3168.0, 3168.0, 3168.0, 3168.0, 3168.0, 3168.0, 3161.0, 3161.0, 3156.0, 3156.0, 3156.0, 3156.0, 3156.0, 3150.0, 3150.0, 3150.0, 3150.0, 3150.0, 3150.0, 3150.0, 3134.0, 3134.0, 3134.0, 3134.0, 3134.0, 3134.0, 3134.0, 3134.0, 3134.0, 3134.0, 3134.0, 3134.0, 3134.0, 3134.0, 3134.0, 3134.0, 3134.0, 3134.0, 3134.0, 3133.0, 3133.0, 3133.0, 3133.0, 3133.0, 3130.0, 3130.0, 3130.0, 3130.0, 3130.0, 3130.0, 3121.0, 3121.0, 3121.0, 3121.0, 3121.0, 3121.0, 3121.0, 3121.0, 3121.0, 3121.0, 3121.0, 3072.0, 3072.0, 3072.0, 3072.0, 3072.0, 3072.0, 3071.0, 3050.0, 3050.0, 3050.0, 3050.0, 3050.0, 3050.0, 3001.0, 3001.0, 3001.0, 3001.0, 3001.0, 3001.0, 3001.0, 3001.0, 3001.0, 2950.0, 2950.0, 2950.0, 2950.0, 2949.0, 2949.0, 2949.0, 2949.0, 2949.0, 2949.0, 2949.0, 2949.0, 2949.0, 2925.0, 2925.0, 2925.0, 2925.0, 2925.0, 2925.0, 2925.0, 2913.0, 2913.0, 2913.0, 2913.0, 2882.0, 2882.0, 2882.0, 2882.0, 2882.0, 2882.0, 2882.0, 2882.0, 2882.0, 2882.0, 2882.0, 2882.0, 2882.0, 2882.0, 2882.0, 2882.0, 2882.0, 2882.0, 2882.0, 2882.0, 2882.0, 2882.0, 2882.0, 2882.0, 2882.0, 2882.0, 2882.0, 2882.0, 2882.0, 2882.0, 2882.0, 2854.0, 2854.0, 2854.0, 2854.0, 2854.0, 2854.0, 2854.0, 2827.0, 2827.0, 2827.0, 2827.0, 2827.0, 2827.0, 2827.0, 2827.0, 2827.0, 2827.0, 2827.0, 2827.0, 2827.0, 2827.0, 2827.0, 2798.0, 2798.0, 2798.0, 2798.0, 2798.0, 2798.0, 2798.0, 2798.0, 2798.0, 2798.0, 2798.0, 2798.0, 2798.0, 2798.0, 2798.0, 2798.0, 2798.0, 2798.0, 2798.0, 2798.0, 2798.0, 2798.0, 2798.0, 2798.0, 2798.0, 2798.0, 2798.0, 2798.0, 2798.0, 2798.0, 2798.0, 2798.0, 2798.0, 2798.0, 2798.0, 2783.0, 2783.0, 2783.0, 2783.0, 2783.0, 2783.0, 2783.0, 2783.0, 2783.0, 2783.0, 2783.0, 2783.0, 2776.0, 2776.0, 2776.0, 2776.0, 2776.0, 2776.0, 2776.0, 2771.0, 2771.0, 2771.0, 2764.0, 2734.0, 2734.0, 2734.0, 2734.0, 2734.0, 2734.0, 2734.0, 2734.0, 2734.0, 2734.0, 2734.0, 2731.0, 2731.0, 2731.0, 2731.0, 2731.0, 2731.0]",4,A-n80-k10.vrp,295,GA,data/vrp/A-n80-k10.vrp
True,50 18 45 60 9 38 72 14 79 26 56 36 27 69 17 70 20 71 37 49 80 15 19 3 48 66 57 28 16 74 51 23 10 75 6 32 76 58 35 24 22 41 8 64 29 25 7 5 46 77 54 33 39 59 68 40 13 31 44 53 12 4 78 52 43 21 65 62 61 30 2 63 11 47 42 34 73 55 67,2846.0,2846.0,"[1, 1, 1, 1, 1, 1, 1, 1, 1, 1, 1, 1, 1, 1, 1, 1, 1, 1, 1, 1, 1, 1, 1, 1, 1, 1, 1, 1, 1, 1, 1, 1, 1, 1, 1, 1, 1, 1, 1, 1, 1, 1, 1, 1, 1, 1, 1, 1, 1, 1, 1, 1, 1, 1, 1, 1, 1, 1, 1, 1, 1, 1, 1, 1, 1, 1, 1, 1, 1, 1, 1, 1, 1, 1, 1, 1, 1, 1, 1, 1, 1, 1, 1, 1, 1, 1, 1, 1, 1, 1, 1, 1, 1, 1, 1, 1, 1, 1, 1, 1, 1, 1, 1, 1, 1, 1, 1, 1, 1, 1, 1, 1, 1, 1, 1, 1, 1, 1, 1, 1, 1, 1, 1, 1, 1, 1, 1, 1, 1, 1, 1, 1, 1, 1, 1, 1, 1, 1, 1, 1, 1, 1, 1, 1, 1, 1, 1, 1, 1, 1, 1, 1, 1, 1, 1, 1, 1, 1, 1, 1, 1, 1, 1, 1, 1, 1, 1, 1, 1, 1, 1, 1, 1, 1, 1, 1, 1, 1, 1, 1, 1, 1, 1, 1, 1, 1, 1, 1, 1, 1, 1, 1, 1, 1, 1, 1, 1, 1, 1, 1, 1, 1, 1, 1, 1, 1, 1, 1, 1, 1, 1, 1, 1, 1, 1, 1, 1, 1, 1, 1, 1, 1, 1, 1, 1, 1, 1, 1, 1, 1, 1, 1, 1, 1, 1, 1, 1, 1, 1, 1, 1, 1, 1, 1, 1, 1, 1, 1, 1, 1, 1, 1, 1, 1, 1, 1, 1, 1, 1, 1, 1, 1, 1, 1, 1, 1, 1, 1, 1, 1, 1, 1, 1, 1, 1, 1, 1, 1, 1, 1, 1, 1, 1, 1, 1, 1, 1, 1, 1, 1, 1, 1, 1, 1, 1, 1, 1, 1, 1, 1]",1,300,1.0,,4.879636,"[4395.0, 4276.0, 4248.0, 4153.0, 4025.0, 3892.0, 3875.0, 3875.0, 3875.0, 3875.0, 3868.0, 3868.0, 3836.0, 3736.0, 3660.0, 3660.0, 3660.0, 3660.0, 3631.0, 3631.0, 3631.0, 3631.0, 3631.0, 3559.0, 3559.0, 3559.0, 3559.0, 3559.0, 3559.0, 3559.0, 3559.0, 3559.0, 3559.0, 3559.0, 3559.0, 3559.0, 3559.0, 3534.0, 3534.0, 3512.0, 3512.0, 3504.0, 3504.0, 3504.0, 3504.0, 3472.0, 3472.0, 3440.0, 3440.0, 3440.0, 3440.0, 3370.0, 3312.0, 3312.0, 3312.0, 3312.0, 3312.0, 3312.0, 3312.0, 3309.0, 3309.0, 3309.0, 3291.0, 3291.0, 3291.0, 3291.0, 3287.0, 3287.0, 3287.0, 3287.0, 3287.0, 3287.0, 3287.0, 3287.0, 3283.0, 3283.0, 3283.0, 3275.0, 3275.0, 3275.0, 3275.0, 3275.0, 3275.0, 3275.0, 3275.0, 3275.0, 3275.0, 3275.0, 3275.0, 3275.0, 3275.0, 3239.0, 3239.0, 3239.0, 3239.0, 3239.0, 3239.0, 3207.0, 3207.0, 3207.0, 3207.0, 3207.0, 3207.0, 3207.0, 3207.0, 3207.0, 3207.0, 3207.0, 3207.0, 3206.0, 3200.0, 3200.0, 3200.0, 3200.0, 3172.0, 3172.0, 3172.0, 3172.0, 3172.0, 3172.0, 3172.0, 3172.0, 3160.0, 3160.0, 3160.0, 3160.0, 3160.0, 3160.0, 3160.0, 3160.0, 3160.0, 3160.0, 3159.0, 3159.0, 3159.0, 3159.0, 3159.0, 3159.0, 3159.0, 3159.0, 3159.0, 3159.0, 3159.0, 3159.0, 3159.0, 3159.0, 3155.0, 3155.0, 3155.0, 3155.0, 3109.0, 3109.0, 3109.0, 3109.0, 3109.0, 3092.0, 3092.0, 3092.0, 3092.0, 3092.0, 3092.0, 3072.0, 3060.0, 3060.0, 3060.0, 3060.0, 3060.0, 3056.0, 3056.0, 3056.0, 3056.0, 3056.0, 3056.0, 3056.0, 3056.0, 3056.0, 3034.0, 3034.0, 3034.0, 3034.0, 3034.0, 3034.0, 3017.0, 3017.0, 3017.0, 3017.0, 3017.0, 3017.0, 3017.0, 3017.0, 3017.0, 3017.0, 3017.0, 3017.0, 3017.0, 3017.0, 3017.0, 3017.0, 3017.0, 3017.0, 3017.0, 3017.0, 3017.0, 3017.0, 3017.0, 3017.0, 3017.0, 3017.0, 3017.0, 3017.0, 3017.0, 3010.0, 3010.0, 3010.0, 3010.0, 3010.0, 3010.0, 3010.0, 3010.0, 3010.0, 3010.0, 3010.0, 3010.0, 3010.0, 3010.0, 3010.0, 3010.0, 3010.0, 3010.0, 3010.0, 3010.0, 2995.0, 2995.0, 2995.0, 2995.0, 2970.0, 2970.0, 2970.0, 2970.0, 2970.0, 2970.0, 2970.0, 2970.0, 2970.0, 2970.0, 2970.0, 2970.0, 2970.0, 2970.0, 2943.0, 2943.0, 2943.0, 2943.0, 2943.0, 2943.0, 2943.0, 2943.0, 2943.0, 2943.0, 2943.0, 2943.0, 2943.0, 2943.0, 2941.0, 2941.0, 2941.0, 2941.0, 2918.0, 2918.0, 2918.0, 2918.0, 2918.0, 2918.0, 2878.0, 2878.0, 2878.0, 2878.0, 2878.0, 2878.0, 2878.0, 2878.0, 2868.0, 2868.0, 2868.0, 2868.0, 2868.0, 2868.0, 2868.0, 2868.0, 2846.0, 2846.0, 2846.0, 2846.0, 2846.0, 2846.0, 2846.0, 2846.0, 2846.0, 2846.0, 2846.0]",5,A-n80-k10.vrp,290,GA,data/vrp/A-n80-k10.vrp
True,41 2 65 78 4 14 74 37 45 3 9 69 17 24 31 8 53 58 59 33 68 46 63 28 70 57 12 64 72 22 13 6 60 35 38 61 43 18 30 25 44 47 40 29 62 75 11 80 77 26 42 23 5 51 73 71 67 54 16 10 66 36 27 55 34 21 76 79 7 32 52 50 39 56 48 20 19 49 15,2934.0,2934.0,"[1, 1, 1, 1, 1, 1, 1, 1, 1, 1, 1, 1, 1, 1, 1, 1, 1, 1, 1, 1, 1, 1, 1, 1, 1, 1, 1, 1, 1, 1, 1, 1, 1, 1, 1, 1, 1, 1, 1, 1, 1, 1, 1, 1, 1, 1, 1, 1, 1, 1, 1, 1, 1, 1, 1, 1, 1, 1, 1, 1, 1, 1, 1, 1, 1, 1, 1, 1, 1, 1, 1, 1, 1, 1, 1, 1, 1, 1, 1, 1, 1, 1, 1, 1, 1, 1, 1, 1, 1, 1, 1, 1, 1, 1, 1, 1, 1, 1, 1, 1, 1, 1, 1, 1, 1, 1, 1, 1, 1, 1, 1, 1, 1, 1, 1, 1, 1, 1, 1, 1, 1, 1, 1, 1, 1, 1, 1, 1, 1, 1, 1, 1, 1, 1, 1, 1, 1, 1, 1, 1, 1, 1, 1, 1, 1, 1, 1, 1, 1, 1, 1, 1, 1, 1, 1, 1, 1, 1, 1, 1, 1, 1, 1, 1, 1, 1, 1, 1, 1, 1, 1, 1, 1, 1, 1, 1, 1, 1, 1, 1, 1, 1, 1, 1, 1, 1, 1, 1, 1, 1, 1, 1, 1, 1, 1, 1, 1, 1, 1, 1, 1, 1, 1, 1, 1, 1, 1, 1, 1, 1, 1, 1, 1, 1, 1, 1, 1, 1, 1, 1, 1, 1, 1, 1, 1, 1, 1, 1, 1, 1, 1, 1, 1, 1, 1, 1, 1, 1, 1, 1, 1, 1, 1, 1, 1, 1, 1, 1, 1, 1, 1, 1, 1, 1, 1, 1, 1, 1, 1, 1, 1, 1, 1, 1, 1, 1, 1, 1, 1, 1, 1, 1, 1, 1, 1, 1, 1, 1, 1, 1, 1, 1, 1, 1, 1, 1, 1, 1, 1, 1, 1, 1, 1, 1, 1, 1, 1, 1, 1, 1]",1,300,1.0,,4.56294,"[4420.0, 4420.0, 4373.0, 4299.0, 4212.0, 4212.0, 4212.0, 4137.0, 4137.0, 4137.0, 4137.0, 4004.0, 4004.0, 3991.0, 3991.0, 3991.0, 3991.0, 3979.0, 3979.0, 3896.0, 3896.0, 3896.0, 3896.0, 3878.0, 3837.0, 3837.0, 3807.0, 3807.0, 3807.0, 3807.0, 3798.0, 3756.0, 3697.0, 3697.0, 3697.0, 3697.0, 3697.0, 3697.0, 3697.0, 3697.0, 3697.0, 3697.0, 3697.0, 3697.0, 3697.0, 3697.0, 3684.0, 3662.0, 3662.0, 3662.0, 3662.0, 3662.0, 3662.0, 3662.0, 3662.0, 3662.0, 3662.0, 3658.0, 3645.0, 3634.0, 3552.0, 3552.0, 3552.0, 3552.0, 3545.0, 3545.0, 3522.0, 3498.0, 3498.0, 3463.0, 3463.0, 3456.0, 3452.0, 3452.0, 3452.0, 3442.0, 3442.0, 3442.0, 3442.0, 3351.0, 3351.0, 3351.0, 3350.0, 3350.0, 3324.0, 3324.0, 3324.0, 3324.0, 3324.0, 3324.0, 3324.0, 3324.0, 3324.0, 3277.0, 3277.0, 3277.0, 3277.0, 3233.0, 3233.0, 3233.0, 3233.0, 3233.0, 3233.0, 3233.0, 3233.0, 3233.0, 3233.0, 3223.0, 3223.0, 3223.0, 3223.0, 3223.0, 3223.0, 3223.0, 3223.0, 3223.0, 3223.0, 3223.0, 3223.0, 3223.0, 3223.0, 3223.0, 3220.0, 3220.0, 3220.0, 3220.0, 3220.0, 3220.0, 3220.0, 3220.0, 3220.0, 3220.0, 3220.0, 3220.0, 3220.0, 3220.0, 3220.0, 3220.0, 3220.0, 3220.0, 3220.0, 3220.0, 3220.0, 3220.0, 3220.0, 3220.0, 3206.0, 3206.0, 3167.0, 3167.0, 3167.0, 3167.0, 3167.0, 3167.0, 3167.0, 3167.0, 3167.0, 3167.0, 3162.0, 3162.0, 3162.0, 3162.0, 3151.0, 3148.0, 3148.0, 3148.0, 3148.0, 3148.0, 3148.0, 3146.0, 3146.0, 3146.0, 3146.0, 3146.0, 3146.0, 3130.0, 3130.0, 3130.0, 3130.0, 3130.0, 3130.0, 3130.0, 3130.0, 3121.0, 3121.0, 3121.0, 3121.0, 3121.0, 3121.0, 3121.0, 3120.0, 3120.0, 3120.0, 3085.0, 3085.0, 3076.0, 3076.0, 3076.0, 3076.0, 3076.0, 3076.0, 3076.0, 3076.0, 3076.0, 3076.0, 3076.0, 3076.0, 3076.0, 3076.0, 3076.0, 3076.0, 3076.0, 3076.0, 3076.0, 3076.0, 3076.0, 3076.0, 3059.0, 3059.0, 3059.0, 3059.0, 3059.0, 3059.0, 3039.0, 3039.0, 3039.0, 3039.0, 3039.0, 3039.0, 3039.0, 3039.0, 3039.0, 3039.0, 3039.0, 3039.0, 3039.0, 3039.0, 3039.0, 3039.0, 3039.0, 3039.0, 3039.0, 3039.0, 3039.0, 3039.0, 3039.0, 3039.0, 3039.0, 3039.0, 3039.0, 3039.0, 3039.0, 3039.0, 3039.0, 3039.0, 3039.0, 3039.0, 3039.0, 3039.0, 3039.0, 3039.0, 3039.0, 3039.0, 3019.0, 3019.0, 3019.0, 3019.0, 3019.0, 3019.0, 3006.0, 3006.0, 3006.0, 3006.0, 3006.0, 3006.0, 3006.0, 3006.0, 3006.0, 3006.0, 3006.0, 2975.0, 2975.0, 2975.0, 2975.0, 2975.0, 2975.0, 2975.0, 2975.0, 2975.0, 2975.0, 2975.0, 2971.0, 2971.0, 2971.0, 2971.0, 2971.0, 2971.0, 2934.0, 2934.0, 2934.0]",6,A-n80-k10.vrp,298,GA,data/vrp/A-n80-k10.vrp
True,30 21 20 62 28 6 80 46 61 60 78 2 50 51 68 77 48 38 3 69 36 63 24 12 66 17 9 44 19 35 29 55 31 27 70 76 49 11 15 41 54 43 10 73 18 26 40 64 39 7 4 75 14 33 42 58 8 22 72 67 71 59 52 37 45 13 25 79 53 23 5 34 56 57 65 32 16 47 74,3420.0,3420.0,"[1, 1, 1, 1, 1, 1, 1, 1, 1, 1, 1, 1, 1, 1, 1, 1, 1, 1, 1, 1, 1, 1, 1, 1, 1, 1, 1, 1, 1, 1, 1, 1, 1, 1, 1, 1, 1, 1, 1, 1, 1, 1, 1, 1, 1, 1, 1, 1, 1, 1, 1, 1, 1, 1, 1, 1, 1, 1, 1, 1, 1, 1, 1, 1, 1, 1, 1, 1, 1, 1, 1, 1, 1, 1, 1, 1, 1, 1, 1, 1, 1, 1, 1, 1, 1, 1, 1, 1, 1, 1, 1, 1, 1, 1, 1, 1, 1, 1, 1, 1, 1, 1, 1, 1, 1, 1, 1, 1, 1, 1, 1, 1, 1, 1, 1, 1, 1, 1, 1, 1, 1, 1, 1, 1, 1, 1, 1, 1, 1, 1, 1, 1, 1, 1, 1, 1, 1, 1, 1, 1, 1, 1, 1, 1, 1, 1, 1, 1, 1, 1, 1, 1, 1, 1, 1, 1, 1, 1, 1, 1, 1, 1, 1, 1, 1, 1, 1, 1, 1, 1, 1, 1, 1, 1, 1, 1, 1, 1, 1, 1, 1, 1, 1, 1, 1, 1, 1, 1, 1, 1, 1, 1, 1, 1, 1, 1, 1, 1, 1, 1, 1, 1, 1, 1, 1, 1, 1, 1, 1, 1, 1, 1, 1, 1, 1, 1, 1, 1, 1, 1, 1, 1, 1, 1, 1, 1, 1, 1, 1, 1, 1, 1, 1, 1, 1, 1, 1, 1, 1, 1, 1, 1, 1, 1, 1, 1, 1, 1, 1, 1, 1, 1, 1, 1, 1, 1, 1, 1, 1, 1, 1, 1, 1, 1, 1, 1, 1, 1, 1, 1, 1, 1, 1, 1, 1, 1, 1, 1, 1, 1, 1, 1, 1, 1, 1, 1, 1, 1, 1, 1, 1, 1, 1, 1, 1, 1, 1, 1, 1, 1]",1,300,1.0,,4.497108,"[4344.0, 4316.0, 4316.0, 4316.0, 4316.0, 4315.0, 4237.0, 4237.0, 4237.0, 4212.0, 4212.0, 4200.0, 4200.0, 4011.0, 4011.0, 3961.0, 3791.0, 3791.0, 3791.0, 3791.0, 3791.0, 3791.0, 3791.0, 3791.0, 3780.0, 3778.0, 3711.0, 3711.0, 3681.0, 3681.0, 3681.0, 3681.0, 3675.0, 3673.0, 3655.0, 3655.0, 3655.0, 3655.0, 3655.0, 3655.0, 3655.0, 3655.0, 3655.0, 3631.0, 3631.0, 3631.0, 3596.0, 3596.0, 3560.0, 3560.0, 3560.0, 3560.0, 3560.0, 3560.0, 3560.0, 3560.0, 3560.0, 3560.0, 3560.0, 3560.0, 3560.0, 3560.0, 3560.0, 3560.0, 3560.0, 3560.0, 3560.0, 3560.0, 3560.0, 3560.0, 3560.0, 3560.0, 3560.0, 3560.0, 3560.0, 3560.0, 3560.0, 3560.0, 3560.0, 3560.0, 3560.0, 3560.0, 3560.0, 3560.0, 3560.0, 3560.0, 3560.0, 3560.0, 3560.0, 3560.0, 3560.0, 3560.0, 3560.0, 3560.0, 3560.0, 3560.0, 3560.0, 3560.0, 3560.0, 3560.0, 3560.0, 3560.0, 3560.0, 3560.0, 3560.0, 3560.0, 3560.0, 3560.0, 3560.0, 3560.0, 3560.0, 3560.0, 3551.0, 3551.0, 3551.0, 3551.0, 3551.0, 3551.0, 3551.0, 3551.0, 3531.0, 3531.0, 3531.0, 3531.0, 3531.0, 3531.0, 3531.0, 3531.0, 3520.0, 3520.0, 3520.0, 3520.0, 3507.0, 3507.0, 3507.0, 3507.0, 3507.0, 3507.0, 3507.0, 3507.0, 3507.0, 3507.0, 3507.0, 3507.0, 3507.0, 3507.0, 3507.0, 3507.0, 3507.0, 3507.0, 3507.0, 3507.0, 3507.0, 3507.0, 3507.0, 3507.0, 3507.0, 3507.0, 3507.0, 3507.0, 3507.0, 3507.0, 3507.0, 3507.0, 3494.0, 3494.0, 3494.0, 3494.0, 3494.0, 3494.0, 3494.0, 3494.0, 3494.0, 3494.0, 3494.0, 3494.0, 3494.0, 3494.0, 3494.0, 3483.0, 3483.0, 3483.0, 3483.0, 3483.0, 3483.0, 3482.0, 3482.0, 3482.0, 3482.0, 3471.0, 3471.0, 3471.0, 3471.0, 3471.0, 3471.0, 3471.0, 3471.0, 3471.0, 3471.0, 3471.0, 3471.0, 3471.0, 3471.0, 3471.0, 3471.0, 3471.0, 3471.0, 3471.0, 3471.0, 3471.0, 3471.0, 3471.0, 3471.0, 3471.0, 3471.0, 3471.0, 3471.0, 3471.0, 3471.0, 3471.0, 3457.0, 3457.0, 3457.0, 3457.0, 3457.0, 3457.0, 3457.0, 3457.0, 3457.0, 3457.0, 3457.0, 3457.0, 3457.0, 3457.0, 3457.0, 3457.0, 3457.0, 3457.0, 3457.0, 3457.0, 3450.0, 3450.0, 3450.0, 3450.0, 3450.0, 3450.0, 3450.0, 3450.0, 3450.0, 3450.0, 3450.0, 3450.0, 3450.0, 3450.0, 3450.0, 3450.0, 3450.0, 3450.0, 3450.0, 3450.0, 3450.0, 3450.0, 3450.0, 3450.0, 3450.0, 3450.0, 3450.0, 3450.0, 3450.0, 3450.0, 3450.0, 3450.0, 3450.0, 3450.0, 3450.0, 3450.0, 3450.0, 3450.0, 3450.0, 3450.0, 3450.0, 3450.0, 3450.0, 3450.0, 3450.0, 3450.0, 3450.0, 3450.0, 3450.0, 3450.0, 3450.0, 3450.0, 3450.0, 3450.0, 3450.0, 3450.0, 3450.0, 3420.0, 3420.0, 3420.0]",7,A-n80-k10.vrp,298,GA,data/vrp/A-n80-k10.vrp
True,39 55 4 80 12 72 22 53 7 45 63 32 57 76 21 34 78 56 73 51 42 23 10 33 14 40 61 2 41 60 67 46 5 59 71 50 75 6 25 29 79 9 3 49 13 31 35 38 19 15 11 37 43 47 64 24 8 30 65 16 48 20 27 66 58 62 28 54 52 77 26 17 44 69 36 70 18 68 74,2858.0,2858.0,"[1, 1, 1, 1, 1, 1, 1, 1, 1, 1, 1, 1, 1, 1, 1, 1, 1, 1, 1, 1, 1, 1, 1, 1, 1, 1, 1, 1, 1, 1, 1, 1, 1, 1, 1, 1, 1, 1, 1, 1, 1, 1, 1, 1, 1, 1, 1, 1, 1, 1, 1, 1, 1, 1, 1, 1, 1, 1, 1, 1, 1, 1, 1, 1, 1, 1, 1, 1, 1, 1, 1, 1, 1, 1, 1, 1, 1, 1, 1, 1, 1, 1, 1, 1, 1, 1, 1, 1, 1, 1, 1, 1, 1, 1, 1, 1, 1, 1, 1, 1, 1, 1, 1, 1, 1, 1, 1, 1, 1, 1, 1, 1, 1, 1, 1, 1, 1, 1, 1, 1, 1, 1, 1, 1, 1, 1, 1, 1, 1, 1, 1, 1, 1, 1, 1, 1, 1, 1, 1, 1, 1, 1, 1, 1, 1, 1, 1, 1, 1, 1, 1, 1, 1, 1, 1, 1, 1, 1, 1, 1, 1, 1, 1, 1, 1, 1, 1, 1, 1, 1, 1, 1, 1, 1, 1, 1, 1, 1, 1, 1, 1, 1, 1, 1, 1, 1, 1, 1, 1, 1, 1, 1, 1, 1, 1, 1, 1, 1, 1, 1, 1, 1, 1, 1, 1, 1, 1, 1, 1, 1, 1, 1, 1, 1, 1, 1, 1, 1, 1, 1, 1, 1, 1, 1, 1, 1, 1, 1, 1, 1, 1, 1, 1, 1, 1, 1, 1, 1, 1, 1, 1, 1, 1, 1, 1, 1, 1, 1, 1, 1, 1, 1, 1, 1, 1, 1, 1, 1, 1, 1, 1, 1, 1, 1, 1, 1, 1, 1, 1, 1, 1, 1, 1, 1, 1, 1, 1, 1, 1, 1, 1, 1, 1, 1, 1, 1, 1, 1, 1, 1, 1, 1, 1, 1, 1, 1, 1, 1, 1, 1]",1,300,1.0,,4.481623,"[4389.0, 4389.0, 4329.0, 4315.0, 4285.0, 4189.0, 4099.0, 4099.0, 4099.0, 4054.0, 4054.0, 4043.0, 4043.0, 3973.0, 3973.0, 3973.0, 3889.0, 3889.0, 3889.0, 3889.0, 3889.0, 3865.0, 3865.0, 3779.0, 3779.0, 3779.0, 3779.0, 3779.0, 3779.0, 3768.0, 3675.0, 3675.0, 3675.0, 3675.0, 3675.0, 3675.0, 3669.0, 3669.0, 3669.0, 3591.0, 3591.0, 3577.0, 3577.0, 3577.0, 3577.0, 3577.0, 3569.0, 3569.0, 3554.0, 3554.0, 3554.0, 3554.0, 3554.0, 3525.0, 3525.0, 3525.0, 3503.0, 3503.0, 3430.0, 3430.0, 3430.0, 3430.0, 3385.0, 3385.0, 3385.0, 3383.0, 3383.0, 3383.0, 3383.0, 3376.0, 3376.0, 3376.0, 3376.0, 3353.0, 3353.0, 3353.0, 3353.0, 3353.0, 3353.0, 3312.0, 3312.0, 3269.0, 3269.0, 3269.0, 3269.0, 3269.0, 3269.0, 3242.0, 3183.0, 3183.0, 3183.0, 3175.0, 3175.0, 3175.0, 3146.0, 3146.0, 3146.0, 3145.0, 3124.0, 3124.0, 3124.0, 3124.0, 3124.0, 3124.0, 3098.0, 3090.0, 3090.0, 3090.0, 3085.0, 3085.0, 3085.0, 3085.0, 3085.0, 3085.0, 3085.0, 3085.0, 3058.0, 3058.0, 3058.0, 3058.0, 3053.0, 3053.0, 3053.0, 3053.0, 3053.0, 3053.0, 3053.0, 3053.0, 3053.0, 3033.0, 3033.0, 3033.0, 3033.0, 3033.0, 3033.0, 2982.0, 2982.0, 2982.0, 2982.0, 2982.0, 2982.0, 2982.0, 2982.0, 2982.0, 2982.0, 2982.0, 2982.0, 2982.0, 2982.0, 2982.0, 2982.0, 2982.0, 2982.0, 2982.0, 2982.0, 2982.0, 2982.0, 2982.0, 2979.0, 2979.0, 2979.0, 2979.0, 2979.0, 2979.0, 2979.0, 2979.0, 2979.0, 2979.0, 2979.0, 2979.0, 2979.0, 2956.0, 2956.0, 2956.0, 2956.0, 2956.0, 2956.0, 2956.0, 2956.0, 2956.0, 2945.0, 2945.0, 2945.0, 2945.0, 2945.0, 2945.0, 2945.0, 2939.0, 2939.0, 2939.0, 2939.0, 2939.0, 2939.0, 2939.0, 2939.0, 2939.0, 2939.0, 2939.0, 2939.0, 2939.0, 2939.0, 2939.0, 2939.0, 2939.0, 2939.0, 2931.0, 2931.0, 2931.0, 2931.0, 2931.0, 2931.0, 2931.0, 2931.0, 2931.0, 2931.0, 2931.0, 2931.0, 2931.0, 2931.0, 2931.0, 2931.0, 2931.0, 2931.0, 2931.0, 2931.0, 2931.0, 2930.0, 2930.0, 2930.0, 2930.0, 2930.0, 2930.0, 2930.0, 2898.0, 2898.0, 2898.0, 2898.0, 2898.0, 2898.0, 2898.0, 2898.0, 2897.0, 2897.0, 2860.0, 2860.0, 2859.0, 2859.0, 2859.0, 2859.0, 2859.0, 2859.0, 2859.0, 2859.0, 2859.0, 2859.0, 2859.0, 2859.0, 2859.0, 2859.0, 2859.0, 2859.0, 2859.0, 2859.0, 2859.0, 2859.0, 2859.0, 2859.0, 2859.0, 2859.0, 2859.0, 2859.0, 2859.0, 2859.0, 2859.0, 2859.0, 2859.0, 2859.0, 2859.0, 2859.0, 2859.0, 2859.0, 2859.0, 2859.0, 2859.0, 2859.0, 2859.0, 2859.0, 2859.0, 2859.0, 2859.0, 2858.0, 2858.0, 2858.0, 2858.0, 2858.0, 2858.0, 2858.0, 2858.0, 2858.0, 2858.0]",8,A-n80-k10.vrp,291,GA,data/vrp/A-n80-k10.vrp
True,39 37 14 41 8 50 11 45 7 63 72 12 22 13 64 3 79 62 76 56 66 48 27 20 10 57 21 26 68 69 25 58 44 36 16 77 34 70 42 30 43 61 32 60 47 6 53 17 74 4 55 33 51 23 5 2 75 54 59 46 73 67 52 18 40 28 19 80 78 71 65 31 35 29 9 38 24 49 15,2936.0,2936.0,"[1, 1, 1, 1, 1, 1, 1, 1, 1, 1, 1, 1, 1, 1, 1, 1, 1, 1, 1, 1, 1, 1, 1, 1, 1, 1, 1, 1, 1, 1, 1, 1, 1, 1, 1, 1, 1, 1, 1, 1, 1, 1, 1, 1, 1, 1, 1, 1, 1, 1, 1, 1, 1, 1, 1, 1, 1, 1, 1, 1, 1, 1, 1, 1, 1, 1, 1, 1, 1, 1, 1, 1, 1, 1, 1, 1, 1, 1, 1, 1, 1, 1, 1, 1, 1, 1, 1, 1, 1, 1, 1, 1, 1, 1, 1, 1, 1, 1, 1, 1, 1, 1, 1, 1, 1, 1, 1, 1, 1, 1, 1, 1, 1, 1, 1, 1, 1, 1, 1, 1, 1, 1, 1, 1, 1, 1, 1, 1, 1, 1, 1, 1, 1, 1, 1, 1, 1, 1, 1, 1, 1, 1, 1, 1, 1, 1, 1, 1, 1, 1, 1, 1, 1, 1, 1, 1, 1, 1, 1, 1, 1, 1, 1, 1, 1, 1, 1, 1, 1, 1, 1, 1, 1, 1, 1, 1, 1, 1, 1, 1, 1, 1, 1, 1, 1, 1, 1, 1, 1, 1, 1, 1, 1, 1, 1, 1, 1, 1, 1, 1, 1, 1, 1, 1, 1, 1, 1, 1, 1, 1, 1, 1, 1, 1, 1, 1, 1, 1, 1, 1, 1, 1, 1, 1, 1, 1, 1, 1, 1, 1, 1, 1, 1, 1, 1, 1, 1, 1, 1, 1, 1, 1, 1, 1, 1, 1, 1, 1, 1, 1, 1, 1, 1, 1, 1, 1, 1, 1, 1, 1, 1, 1, 1, 1, 1, 1, 1, 1, 1, 1, 1, 1, 1, 1, 1, 1, 1, 1, 1, 1, 1, 1, 1, 1, 1, 1, 1, 1, 1, 1, 1, 1, 1, 1, 1, 1, 1, 1, 1, 1]",1,300,1.0,,4.649625,"[4363.0, 4355.0, 4193.0, 4074.0, 4074.0, 4036.0, 4036.0, 3988.0, 3971.0, 3971.0, 3964.0, 3964.0, 3874.0, 3874.0, 3874.0, 3826.0, 3826.0, 3794.0, 3771.0, 3670.0, 3670.0, 3638.0, 3638.0, 3638.0, 3638.0, 3633.0, 3633.0, 3582.0, 3582.0, 3582.0, 3582.0, 3582.0, 3582.0, 3580.0, 3580.0, 3580.0, 3580.0, 3580.0, 3580.0, 3557.0, 3557.0, 3492.0, 3492.0, 3485.0, 3461.0, 3448.0, 3448.0, 3448.0, 3448.0, 3436.0, 3385.0, 3385.0, 3385.0, 3385.0, 3385.0, 3366.0, 3366.0, 3366.0, 3366.0, 3364.0, 3364.0, 3364.0, 3357.0, 3312.0, 3312.0, 3312.0, 3312.0, 3312.0, 3312.0, 3312.0, 3312.0, 3312.0, 3312.0, 3312.0, 3312.0, 3312.0, 3312.0, 3312.0, 3312.0, 3299.0, 3299.0, 3298.0, 3298.0, 3298.0, 3298.0, 3298.0, 3298.0, 3298.0, 3281.0, 3281.0, 3281.0, 3281.0, 3281.0, 3281.0, 3281.0, 3276.0, 3276.0, 3234.0, 3234.0, 3234.0, 3234.0, 3233.0, 3233.0, 3228.0, 3212.0, 3145.0, 3145.0, 3145.0, 3143.0, 3143.0, 3143.0, 3143.0, 3143.0, 3143.0, 3143.0, 3143.0, 3140.0, 3140.0, 3140.0, 3140.0, 3140.0, 3140.0, 3092.0, 3092.0, 3092.0, 3092.0, 3092.0, 3092.0, 3092.0, 3092.0, 3092.0, 3067.0, 3067.0, 3067.0, 3067.0, 3067.0, 3067.0, 3067.0, 3067.0, 3067.0, 3054.0, 3054.0, 3054.0, 3054.0, 3043.0, 3029.0, 3019.0, 3019.0, 3019.0, 3019.0, 3019.0, 3019.0, 3019.0, 3019.0, 3019.0, 3019.0, 3019.0, 3019.0, 3019.0, 3019.0, 3019.0, 3019.0, 3019.0, 3019.0, 3019.0, 3019.0, 3019.0, 3019.0, 3019.0, 3019.0, 3019.0, 3019.0, 3019.0, 3019.0, 3019.0, 3019.0, 3019.0, 3019.0, 3019.0, 3019.0, 3019.0, 3019.0, 3019.0, 3019.0, 3019.0, 3019.0, 3019.0, 3019.0, 3019.0, 3019.0, 3019.0, 3019.0, 3019.0, 3019.0, 3019.0, 3004.0, 2998.0, 2998.0, 2998.0, 2998.0, 2998.0, 2998.0, 2998.0, 2998.0, 2998.0, 2998.0, 2998.0, 2998.0, 2998.0, 2998.0, 2998.0, 2998.0, 2998.0, 2998.0, 2998.0, 2998.0, 2998.0, 2998.0, 2998.0, 2998.0, 2998.0, 2998.0, 2998.0, 2998.0, 2998.0, 2998.0, 2998.0, 2998.0, 2998.0, 2998.0, 2998.0, 2998.0, 2998.0, 2998.0, 2998.0, 2998.0, 2998.0, 2998.0, 2977.0, 2977.0, 2977.0, 2977.0, 2977.0, 2977.0, 2977.0, 2972.0, 2972.0, 2972.0, 2972.0, 2972.0, 2959.0, 2959.0, 2959.0, 2959.0, 2959.0, 2959.0, 2959.0, 2959.0, 2959.0, 2959.0, 2959.0, 2959.0, 2959.0, 2959.0, 2959.0, 2959.0, 2959.0, 2959.0, 2959.0, 2959.0, 2959.0, 2959.0, 2959.0, 2959.0, 2959.0, 2959.0, 2959.0, 2959.0, 2959.0, 2959.0, 2959.0, 2959.0, 2959.0, 2959.0, 2959.0, 2959.0, 2959.0, 2959.0, 2959.0, 2959.0, 2959.0, 2959.0, 2959.0, 2959.0, 2959.0, 2936.0, 2936.0, 2936.0, 2936.0, 2936.0]",9,A-n80-k10.vrp,296,GA,data/vrp/A-n80-k10.vrp
True,45 60 7 19 70 34 43 52 54 67 39 37 71 77 56 66 21 46 5 10 32 41 13 11 64 72 15 40 78 29 53 61 73 63 25 35 62 48 65 30 6 79 76 28 31 12 69 17 44 42 14 2 8 18 74 50 22 49 24 16 55 20 38 3 4 75 59 33 23 51 58 36 57 9 80 26 27 47 68,3140.0,3140.0,"[1, 1, 1, 1, 1, 1, 1, 1, 1, 1, 1, 1, 1, 1, 1, 1, 1, 1, 1, 1, 1, 1, 1, 1, 1, 1, 1, 1, 1, 1, 1, 1, 1, 1, 1, 1, 1, 1, 1, 1, 1, 1, 1, 1, 1, 1, 1, 1, 1, 1, 1, 1, 1, 1, 1, 1, 1, 1, 1, 1, 1, 1, 1, 1, 1, 1, 1, 1, 1, 1, 1, 1, 1, 1, 1, 1, 1, 1, 1, 1, 1, 1, 1, 1, 1, 1, 1, 1, 1, 1, 1, 1, 1, 1, 1, 1, 1, 1, 1, 1, 1, 1, 1, 1, 1, 1, 1, 1, 1, 1, 1, 1, 1, 1, 1, 1, 1, 1, 1, 1, 1, 1, 1, 1, 1, 1, 1, 1, 1, 1, 1, 1, 1, 1, 1, 1, 1, 1, 1, 1, 1, 1, 1, 1, 1, 1, 1, 1, 1, 1, 1, 1, 1, 1, 1, 1, 1, 1, 1, 1, 1, 1, 1, 1, 1, 1, 1, 1, 1, 1, 1, 1, 1, 1, 1, 1, 1, 1, 1, 1, 1, 1, 1, 1, 1, 1, 1, 1, 1, 1, 1, 1, 1, 1, 1, 1, 1, 1, 1, 1, 1, 1, 1, 1, 1, 1, 1, 1, 1, 1, 1, 1, 1, 1, 1, 1, 1, 1, 1, 1, 1, 1, 1, 1, 1, 1, 1, 1, 1, 1, 1, 1, 1, 1, 1, 1, 1, 1, 1, 1, 1, 1, 1, 1, 1, 1, 1, 1, 1, 1, 1, 1, 1, 1, 1, 1, 1, 1, 1, 1, 1, 1, 1, 1, 1, 1, 1, 1, 1, 1, 1, 1, 1, 1, 1, 1, 1, 1, 1, 1, 1, 1, 1, 1, 1, 1, 1, 1, 1, 1, 1, 1, 1, 1, 1, 1, 1, 1, 1, 1]",1,300,1.0,,4.478164,"[4291.0, 4291.0, 4225.0, 4179.0, 4117.0, 3998.0, 3998.0, 3984.0, 3984.0, 3984.0, 3953.0, 3953.0, 3915.0, 3820.0, 3820.0, 3820.0, 3811.0, 3811.0, 3740.0, 3740.0, 3726.0, 3568.0, 3568.0, 3568.0, 3528.0, 3528.0, 3528.0, 3528.0, 3528.0, 3528.0, 3528.0, 3528.0, 3528.0, 3528.0, 3528.0, 3528.0, 3528.0, 3528.0, 3528.0, 3528.0, 3528.0, 3528.0, 3528.0, 3528.0, 3528.0, 3528.0, 3528.0, 3528.0, 3528.0, 3528.0, 3528.0, 3528.0, 3528.0, 3528.0, 3528.0, 3528.0, 3528.0, 3528.0, 3528.0, 3528.0, 3528.0, 3528.0, 3528.0, 3528.0, 3528.0, 3528.0, 3528.0, 3528.0, 3528.0, 3528.0, 3528.0, 3516.0, 3516.0, 3516.0, 3516.0, 3516.0, 3516.0, 3516.0, 3516.0, 3516.0, 3516.0, 3516.0, 3516.0, 3516.0, 3516.0, 3516.0, 3516.0, 3516.0, 3516.0, 3516.0, 3516.0, 3516.0, 3516.0, 3516.0, 3516.0, 3516.0, 3516.0, 3516.0, 3516.0, 3516.0, 3516.0, 3516.0, 3516.0, 3516.0, 3516.0, 3516.0, 3516.0, 3516.0, 3516.0, 3516.0, 3516.0, 3516.0, 3516.0, 3516.0, 3516.0, 3516.0, 3516.0, 3516.0, 3516.0, 3516.0, 3516.0, 3516.0, 3516.0, 3516.0, 3516.0, 3516.0, 3516.0, 3516.0, 3516.0, 3516.0, 3516.0, 3516.0, 3516.0, 3516.0, 3516.0, 3516.0, 3516.0, 3516.0, 3516.0, 3516.0, 3516.0, 3516.0, 3516.0, 3516.0, 3516.0, 3516.0, 3516.0, 3516.0, 3516.0, 3516.0, 3516.0, 3516.0, 3516.0, 3516.0, 3495.0, 3495.0, 3495.0, 3495.0, 3495.0, 3495.0, 3495.0, 3495.0, 3495.0, 3495.0, 3495.0, 3495.0, 3495.0, 3495.0, 3495.0, 3495.0, 3495.0, 3495.0, 3495.0, 3495.0, 3495.0, 3495.0, 3495.0, 3495.0, 3495.0, 3458.0, 3458.0, 3458.0, 3458.0, 3458.0, 3458.0, 3458.0, 3458.0, 3458.0, 3458.0, 3417.0, 3417.0, 3417.0, 3417.0, 3417.0, 3403.0, 3403.0, 3403.0, 3403.0, 3403.0, 3403.0, 3330.0, 3330.0, 3330.0, 3330.0, 3322.0, 3322.0, 3322.0, 3322.0, 3322.0, 3322.0, 3318.0, 3318.0, 3318.0, 3318.0, 3318.0, 3318.0, 3312.0, 3312.0, 3312.0, 3312.0, 3312.0, 3312.0, 3312.0, 3312.0, 3312.0, 3283.0, 3283.0, 3283.0, 3283.0, 3283.0, 3271.0, 3271.0, 3271.0, 3271.0, 3241.0, 3241.0, 3241.0, 3241.0, 3241.0, 3241.0, 3241.0, 3241.0, 3241.0, 3237.0, 3237.0, 3237.0, 3237.0, 3234.0, 3234.0, 3234.0, 3234.0, 3234.0, 3231.0, 3231.0, 3231.0, 3231.0, 3231.0, 3222.0, 3222.0, 3222.0, 3222.0, 3222.0, 3222.0, 3222.0, 3222.0, 3222.0, 3219.0, 3219.0, 3174.0, 3174.0, 3174.0, 3174.0, 3169.0, 3169.0, 3169.0, 3169.0, 3169.0, 3155.0, 3155.0, 3153.0, 3153.0, 3153.0, 3153.0, 3153.0, 3153.0, 3153.0, 3153.0, 3140.0, 3140.0, 3140.0, 3140.0, 3140.0, 3140.0, 3140.0, 3140.0, 3140.0, 3140.0, 3140.0, 3140.0, 3140.0]",10,A-n80-k10.vrp,288,GA,data/vrp/A-n80-k10.vrp
True,71 68 56 26 57 42 5 33 77 73 78 39 40 48 69 44 6 30 18 8 64 80 22 43 32 28 60 7 75 52 31 15 49 3 9 62 27 21 25 20 36 66 34 47 61 16 10 55 70 79 35 12 11 38 19 72 29 14 41 2 45 13 23 54 50 37 46 51 59 4 74 67 63 24 53 58 17 76 65,2818.0,2818.0,"[1, 1, 1, 1, 1, 1, 1, 1, 1, 1, 1, 1, 1, 1, 1, 1, 1, 1, 1, 1, 1, 1, 1, 1, 1, 1, 1, 1, 1, 1, 1, 1, 1, 1, 1, 1, 1, 1, 1, 1, 1, 1, 1, 1, 1, 1, 1, 1, 1, 1, 1, 1, 1, 1, 1, 1, 1, 1, 1, 1, 1, 1, 1, 1, 1, 1, 1, 1, 1, 1, 1, 1, 1, 1, 1, 1, 1, 1, 1, 1, 1, 1, 1, 1, 1, 1, 1, 1, 1, 1, 1, 1, 1, 1, 1, 1, 1, 1, 1, 1, 1, 1, 1, 1, 1, 1, 1, 1, 1, 1, 1, 1, 1, 1, 1, 1, 1, 1, 1, 1, 1, 1, 1, 1, 1, 1, 1, 1, 1, 1, 1, 1, 1, 1, 1, 1, 1, 1, 1, 1, 1, 1, 1, 1, 1, 1, 1, 1, 1, 1, 1, 1, 1, 1, 1, 1, 1, 1, 1, 1, 1, 1, 1, 1, 1, 1, 1, 1, 1, 1, 1, 1, 1, 1, 1, 1, 1, 1, 1, 1, 1, 1, 1, 1, 1, 1, 1, 1, 1, 1, 1, 1, 1, 1, 1, 1, 1, 1, 1, 1, 1, 1, 1, 1, 1, 1, 1, 1, 1, 1, 1, 1, 1, 1, 1, 1, 1, 1, 1, 1, 1, 1, 1, 1, 1, 1, 1, 1, 1, 1, 1, 1, 1, 1, 1, 1, 1, 1, 1, 1, 1, 1, 1, 1, 1, 1, 1, 1, 1, 1, 1, 1, 1, 1, 1, 1, 1, 1, 1, 1, 1, 1, 1, 1, 1, 1, 1, 1, 1, 1, 1, 1, 1, 1, 1, 1, 1, 1, 1, 1, 1, 1, 1, 1, 1, 1, 1, 1, 1, 1, 1, 1, 1, 1, 1, 1, 1, 1, 1, 1]",1,300,1.0,,9.244928,"[4150.0, 4037.0, 3967.0, 3952.0, 3819.0, 3676.0, 3545.0, 3445.0, 3441.0, 3441.0, 3441.0, 3376.0, 3376.0, 3213.0, 3210.0, 3150.0, 3116.0, 3086.0, 3082.0, 3082.0, 3072.0, 3072.0, 3046.0, 3046.0, 3046.0, 3046.0, 3046.0, 3044.0, 3044.0, 3042.0, 3042.0, 3042.0, 3042.0, 3042.0, 3042.0, 3042.0, 3042.0, 3042.0, 3042.0, 3042.0, 3042.0, 3042.0, 3042.0, 3042.0, 3042.0, 3042.0, 3042.0, 3042.0, 3042.0, 3042.0, 3042.0, 3042.0, 3042.0, 3037.0, 3037.0, 3037.0, 3037.0, 3037.0, 3037.0, 3037.0, 3037.0, 3037.0, 3037.0, 3037.0, 3037.0, 3037.0, 3037.0, 3037.0, 3037.0, 3034.0, 3034.0, 3034.0, 3034.0, 3034.0, 3023.0, 3023.0, 3011.0, 3011.0, 2973.0, 2973.0, 2973.0, 2973.0, 2973.0, 2973.0, 2973.0, 2973.0, 2973.0, 2973.0, 2973.0, 2973.0, 2973.0, 2973.0, 2973.0, 2973.0, 2973.0, 2973.0, 2973.0, 2973.0, 2949.0, 2949.0, 2949.0, 2949.0, 2949.0, 2949.0, 2949.0, 2949.0, 2949.0, 2949.0, 2924.0, 2924.0, 2924.0, 2924.0, 2924.0, 2924.0, 2924.0, 2924.0, 2924.0, 2924.0, 2924.0, 2924.0, 2924.0, 2924.0, 2924.0, 2924.0, 2924.0, 2924.0, 2924.0, 2924.0, 2924.0, 2924.0, 2924.0, 2924.0, 2924.0, 2924.0, 2924.0, 2924.0, 2924.0, 2924.0, 2924.0, 2924.0, 2924.0, 2924.0, 2924.0, 2924.0, 2924.0, 2924.0, 2924.0, 2924.0, 2924.0, 2924.0, 2924.0, 2924.0, 2924.0, 2924.0, 2924.0, 2924.0, 2924.0, 2924.0, 2924.0, 2924.0, 2924.0, 2924.0, 2924.0, 2924.0, 2924.0, 2924.0, 2924.0, 2924.0, 2924.0, 2924.0, 2924.0, 2924.0, 2924.0, 2924.0, 2924.0, 2924.0, 2924.0, 2924.0, 2924.0, 2924.0, 2924.0, 2916.0, 2916.0, 2916.0, 2916.0, 2916.0, 2904.0, 2904.0, 2904.0, 2904.0, 2900.0, 2900.0, 2895.0, 2895.0, 2879.0, 2878.0, 2878.0, 2878.0, 2878.0, 2878.0, 2878.0, 2878.0, 2878.0, 2878.0, 2878.0, 2878.0, 2878.0, 2878.0, 2878.0, 2878.0, 2878.0, 2878.0, 2878.0, 2878.0, 2878.0, 2878.0, 2878.0, 2878.0, 2878.0, 2878.0, 2878.0, 2878.0, 2878.0, 2878.0, 2878.0, 2878.0, 2862.0, 2862.0, 2862.0, 2862.0, 2862.0, 2862.0, 2852.0, 2852.0, 2852.0, 2852.0, 2852.0, 2852.0, 2852.0, 2852.0, 2852.0, 2852.0, 2852.0, 2852.0, 2852.0, 2852.0, 2852.0, 2852.0, 2852.0, 2852.0, 2852.0, 2852.0, 2852.0, 2852.0, 2852.0, 2852.0, 2852.0, 2852.0, 2852.0, 2852.0, 2852.0, 2852.0, 2852.0, 2852.0, 2852.0, 2852.0, 2852.0, 2852.0, 2852.0, 2852.0, 2852.0, 2852.0, 2852.0, 2852.0, 2852.0, 2852.0, 2852.0, 2852.0, 2852.0, 2852.0, 2852.0, 2826.0, 2826.0, 2826.0, 2826.0, 2818.0, 2818.0, 2818.0, 2818.0, 2818.0, 2818.0, 2818.0, 2818.0, 2818.0, 2818.0, 2818.0, 2818.0, 2818.0, 2818.0, 2818.0]",1,A-n80-k10.vrp,286,GEA,data/vrp/A-n80-k10.vrp
True,6 7 26 42 60 65 54 39 77 51 23 34 40 41 2 75 28 69 21 76 79 24 25 3 18 30 13 78 52 22 72 19 80 64 31 27 66 20 56 48 57 17 9 38 35 49 15 11 12 53 29 63 8 14 4 73 10 55 16 70 36 58 44 45 43 74 46 5 33 59 71 68 50 37 67 32 47 62 61,2490.0,2490.0,"[1, 1, 1, 1, 1, 1, 1, 1, 1, 1, 1, 1, 1, 1, 1, 1, 1, 1, 1, 1, 1, 1, 1, 1, 1, 1, 1, 1, 1, 1, 1, 1, 1, 1, 1, 1, 1, 1, 1, 1, 1, 1, 1, 1, 1, 1, 1, 1, 1, 1, 1, 1, 1, 1, 1, 1, 1, 1, 1, 1, 1, 1, 1, 1, 1, 1, 1, 1, 1, 1, 1, 1, 1, 1, 1, 1, 1, 1, 1, 1, 1, 1, 1, 1, 1, 1, 1, 1, 1, 1, 1, 1, 1, 1, 1, 1, 1, 1, 1, 1, 1, 1, 1, 1, 1, 1, 1, 1, 1, 1, 1, 1, 1, 1, 1, 1, 1, 1, 1, 1, 1, 1, 1, 1, 1, 1, 1, 1, 1, 1, 1, 1, 1, 1, 1, 1, 1, 1, 1, 1, 1, 1, 1, 1, 1, 1, 1, 1, 1, 1, 1, 1, 1, 1, 1, 1, 1, 1, 1, 1, 1, 1, 1, 1, 1, 1, 1, 1, 1, 1, 1, 1, 1, 1, 1, 1, 1, 1, 1, 1, 1, 1, 1, 1, 1, 1, 1, 1, 1, 1, 1, 1, 1, 1, 1, 1, 1, 1, 1, 1, 1, 1, 1, 1, 1, 1, 1, 1, 1, 1, 1, 1, 1, 1, 1, 1, 1, 1, 1, 1, 1, 1, 1, 1, 1, 1, 1, 1, 1, 1, 1, 1, 1, 1, 1, 1, 1, 1, 1, 1, 1, 1, 1, 1, 1, 1, 1, 1, 1, 1, 1, 1, 1, 1, 1, 1, 1, 1, 1, 1, 1, 1, 1, 1, 1, 1, 1, 1, 1, 1, 1, 1, 1, 1, 1, 1, 1, 1, 1, 1, 1, 1, 1, 1, 1, 1, 1, 1, 1, 1, 1, 1, 1, 1, 1, 1, 1, 1, 1, 1]",1,300,1.0,,9.730241,"[4322.0, 4177.0, 4030.0, 3934.0, 3934.0, 3851.0, 3700.0, 3700.0, 3700.0, 3667.0, 3653.0, 3644.0, 3644.0, 3538.0, 3476.0, 3476.0, 3476.0, 3476.0, 3476.0, 3476.0, 3476.0, 3476.0, 3443.0, 3431.0, 3363.0, 3318.0, 3249.0, 3219.0, 3219.0, 3200.0, 3200.0, 3200.0, 3200.0, 3200.0, 3200.0, 3200.0, 3200.0, 3200.0, 3200.0, 3200.0, 3200.0, 3200.0, 3183.0, 3183.0, 3183.0, 3183.0, 3183.0, 3183.0, 3183.0, 3183.0, 3183.0, 3183.0, 3183.0, 3183.0, 3183.0, 3183.0, 3183.0, 3183.0, 3183.0, 3183.0, 3183.0, 3183.0, 3183.0, 3183.0, 3183.0, 3183.0, 3183.0, 3183.0, 3183.0, 3162.0, 3162.0, 3107.0, 3107.0, 3107.0, 3074.0, 3074.0, 3074.0, 3074.0, 3074.0, 3074.0, 3066.0, 3066.0, 3066.0, 3066.0, 3066.0, 3066.0, 3066.0, 3054.0, 3054.0, 3054.0, 3040.0, 3040.0, 3011.0, 2990.0, 2944.0, 2916.0, 2895.0, 2849.0, 2806.0, 2806.0, 2806.0, 2806.0, 2778.0, 2768.0, 2768.0, 2768.0, 2768.0, 2756.0, 2756.0, 2756.0, 2756.0, 2744.0, 2702.0, 2702.0, 2702.0, 2680.0, 2680.0, 2639.0, 2639.0, 2639.0, 2639.0, 2639.0, 2621.0, 2621.0, 2621.0, 2621.0, 2621.0, 2621.0, 2621.0, 2621.0, 2621.0, 2621.0, 2621.0, 2621.0, 2621.0, 2621.0, 2621.0, 2621.0, 2621.0, 2621.0, 2621.0, 2621.0, 2621.0, 2621.0, 2621.0, 2621.0, 2621.0, 2621.0, 2621.0, 2621.0, 2621.0, 2621.0, 2621.0, 2621.0, 2621.0, 2621.0, 2621.0, 2621.0, 2621.0, 2606.0, 2606.0, 2594.0, 2594.0, 2594.0, 2594.0, 2594.0, 2594.0, 2594.0, 2594.0, 2594.0, 2594.0, 2594.0, 2594.0, 2594.0, 2594.0, 2594.0, 2594.0, 2594.0, 2594.0, 2590.0, 2590.0, 2590.0, 2590.0, 2590.0, 2590.0, 2590.0, 2590.0, 2590.0, 2588.0, 2588.0, 2588.0, 2588.0, 2588.0, 2588.0, 2588.0, 2588.0, 2588.0, 2588.0, 2588.0, 2584.0, 2584.0, 2584.0, 2584.0, 2584.0, 2584.0, 2584.0, 2584.0, 2584.0, 2584.0, 2584.0, 2584.0, 2584.0, 2584.0, 2584.0, 2584.0, 2584.0, 2584.0, 2584.0, 2584.0, 2582.0, 2582.0, 2582.0, 2582.0, 2582.0, 2582.0, 2582.0, 2582.0, 2582.0, 2582.0, 2582.0, 2567.0, 2567.0, 2509.0, 2509.0, 2509.0, 2509.0, 2509.0, 2509.0, 2509.0, 2509.0, 2509.0, 2509.0, 2509.0, 2509.0, 2509.0, 2509.0, 2509.0, 2509.0, 2509.0, 2509.0, 2509.0, 2509.0, 2509.0, 2509.0, 2509.0, 2509.0, 2509.0, 2509.0, 2509.0, 2509.0, 2509.0, 2509.0, 2509.0, 2509.0, 2509.0, 2504.0, 2504.0, 2504.0, 2504.0, 2504.0, 2504.0, 2504.0, 2504.0, 2504.0, 2503.0, 2503.0, 2503.0, 2503.0, 2503.0, 2503.0, 2503.0, 2492.0, 2492.0, 2490.0, 2490.0, 2490.0, 2490.0, 2490.0, 2490.0, 2490.0, 2490.0, 2490.0, 2490.0, 2490.0, 2490.0, 2490.0, 2490.0, 2490.0, 2490.0, 2490.0]",2,A-n80-k10.vrp,284,GEA,data/vrp/A-n80-k10.vrp
True,50 54 61 40 65 55 39 52 59 47 31 60 80 3 32 14 7 69 62 20 70 76 11 64 26 58 16 28 79 35 25 63 37 18 42 21 17 44 4 12 9 72 13 75 78 77 51 30 36 57 53 19 48 27 66 56 33 5 73 68 43 74 71 34 6 45 2 22 24 38 29 49 15 8 41 46 23 10 67,2942.0,2942.0,"[1, 1, 1, 1, 1, 1, 1, 1, 1, 1, 1, 1, 1, 1, 1, 1, 1, 1, 1, 1, 1, 1, 1, 1, 1, 1, 1, 1, 1, 1, 1, 1, 1, 1, 1, 1, 1, 1, 1, 1, 1, 1, 1, 1, 1, 1, 1, 1, 1, 1, 1, 1, 1, 1, 1, 1, 1, 1, 1, 1, 1, 1, 1, 1, 1, 1, 1, 1, 1, 1, 1, 1, 1, 1, 1, 1, 1, 1, 1, 1, 1, 1, 1, 1, 1, 1, 1, 1, 1, 1, 1, 1, 1, 1, 1, 1, 1, 1, 1, 1, 1, 1, 1, 1, 1, 1, 1, 1, 1, 1, 1, 1, 1, 1, 1, 1, 1, 1, 1, 1, 1, 1, 1, 1, 1, 1, 1, 1, 1, 1, 1, 1, 1, 1, 1, 1, 1, 1, 1, 1, 1, 1, 1, 1, 1, 1, 1, 1, 1, 1, 1, 1, 1, 1, 1, 1, 1, 1, 1, 1, 1, 1, 1, 1, 1, 1, 1, 1, 1, 1, 1, 1, 1, 1, 1, 1, 1, 1, 1, 1, 1, 1, 1, 1, 1, 1, 1, 1, 1, 1, 1, 1, 1, 1, 1, 1, 1, 1, 1, 1, 1, 1, 1, 1, 1, 1, 1, 1, 1, 1, 1, 1, 1, 1, 1, 1, 1, 1, 1, 1, 1, 1, 1, 1, 1, 1, 1, 1, 1, 1, 1, 1, 1, 1, 1, 1, 1, 1, 1, 1, 1, 1, 1, 1, 1, 1, 1, 1, 1, 1, 1, 1, 1, 1, 1, 1, 1, 1, 1, 1, 1, 1, 1, 1, 1, 1, 1, 1, 1, 1, 1, 1, 1, 1, 1, 1, 1, 1, 1, 1, 1, 1, 1, 1, 1, 1, 1, 1, 1, 1, 1, 1, 1, 1, 1, 1, 1, 1, 1, 1]",1,300,1.0,,9.367955,"[4184.0, 4014.0, 3896.0, 3885.0, 3855.0, 3677.0, 3669.0, 3636.0, 3636.0, 3556.0, 3549.0, 3549.0, 3468.0, 3466.0, 3357.0, 3291.0, 3245.0, 3198.0, 3198.0, 3198.0, 3198.0, 3198.0, 3198.0, 3198.0, 3198.0, 3198.0, 3198.0, 3198.0, 3198.0, 3198.0, 3198.0, 3198.0, 3198.0, 3198.0, 3198.0, 3198.0, 3198.0, 3143.0, 3143.0, 3143.0, 3143.0, 3133.0, 3133.0, 3133.0, 3121.0, 3121.0, 3115.0, 3115.0, 3102.0, 3102.0, 3102.0, 3102.0, 3102.0, 3102.0, 3102.0, 3102.0, 3102.0, 3102.0, 3102.0, 3102.0, 3102.0, 3102.0, 3102.0, 3102.0, 3102.0, 3102.0, 3102.0, 3102.0, 3102.0, 3102.0, 3102.0, 3102.0, 3102.0, 3102.0, 3102.0, 3102.0, 3102.0, 3102.0, 3076.0, 3076.0, 3076.0, 3076.0, 3076.0, 3076.0, 3076.0, 3076.0, 3076.0, 3076.0, 3076.0, 3076.0, 3076.0, 3076.0, 3076.0, 3076.0, 3076.0, 3076.0, 3076.0, 3076.0, 3076.0, 3076.0, 3076.0, 3076.0, 3076.0, 3076.0, 3076.0, 3076.0, 3076.0, 3076.0, 3076.0, 3076.0, 3076.0, 3076.0, 3076.0, 3076.0, 3076.0, 3076.0, 3076.0, 3076.0, 3076.0, 3076.0, 3076.0, 3076.0, 3076.0, 3076.0, 3076.0, 3076.0, 3076.0, 3076.0, 3076.0, 3071.0, 3071.0, 3050.0, 3049.0, 3049.0, 3049.0, 3049.0, 3049.0, 3049.0, 3049.0, 3049.0, 3049.0, 3049.0, 3047.0, 3047.0, 3047.0, 3036.0, 3036.0, 3036.0, 3036.0, 3036.0, 3036.0, 3036.0, 3036.0, 3036.0, 3036.0, 3029.0, 3029.0, 3010.0, 3010.0, 3010.0, 3010.0, 3010.0, 3010.0, 3010.0, 3010.0, 3010.0, 3010.0, 3010.0, 3010.0, 3010.0, 3010.0, 3010.0, 3010.0, 3010.0, 3010.0, 3010.0, 3010.0, 3010.0, 3010.0, 3010.0, 3010.0, 3010.0, 3010.0, 3010.0, 3010.0, 3010.0, 3010.0, 3010.0, 3010.0, 3010.0, 3010.0, 3010.0, 3010.0, 3010.0, 3010.0, 3010.0, 3010.0, 3010.0, 3010.0, 3010.0, 3010.0, 3010.0, 3010.0, 3010.0, 3010.0, 3010.0, 3010.0, 3010.0, 3010.0, 3010.0, 3010.0, 3010.0, 3010.0, 3010.0, 3010.0, 3007.0, 3007.0, 3007.0, 3007.0, 3007.0, 3007.0, 3007.0, 3007.0, 3007.0, 3007.0, 3007.0, 3007.0, 3007.0, 3007.0, 3007.0, 3007.0, 3007.0, 3007.0, 3007.0, 3007.0, 3007.0, 3007.0, 3007.0, 2978.0, 2978.0, 2978.0, 2978.0, 2978.0, 2961.0, 2961.0, 2947.0, 2947.0, 2947.0, 2947.0, 2947.0, 2947.0, 2947.0, 2947.0, 2947.0, 2947.0, 2947.0, 2947.0, 2947.0, 2947.0, 2947.0, 2947.0, 2947.0, 2947.0, 2947.0, 2947.0, 2947.0, 2947.0, 2947.0, 2947.0, 2947.0, 2947.0, 2947.0, 2947.0, 2947.0, 2947.0, 2947.0, 2947.0, 2947.0, 2947.0, 2947.0, 2947.0, 2947.0, 2947.0, 2945.0, 2945.0, 2945.0, 2945.0, 2945.0, 2945.0, 2945.0, 2945.0, 2945.0, 2945.0, 2945.0, 2945.0, 2945.0, 2945.0, 2945.0, 2942.0, 2942.0]",3,A-n80-k10.vrp,299,GEA,data/vrp/A-n80-k10.vrp
True,77 55 46 73 5 23 65 26 78 52 11 15 25 10 34 31 45 12 29 37 39 71 4 38 24 72 64 3 80 79 28 32 7 18 48 62 67 74 50 59 68 61 40 51 33 54 42 76 60 16 57 66 70 69 9 53 41 8 2 22 49 19 35 43 13 6 47 20 36 44 17 56 75 63 58 27 21 30 14,2881.0,2881.0,"[1, 1, 1, 1, 1, 1, 1, 1, 1, 1, 1, 1, 1, 1, 1, 1, 1, 1, 1, 1, 1, 1, 1, 1, 1, 1, 1, 1, 1, 1, 1, 1, 1, 1, 1, 1, 1, 1, 1, 1, 1, 1, 1, 1, 1, 1, 1, 1, 1, 1, 1, 1, 1, 1, 1, 1, 1, 1, 1, 1, 1, 1, 1, 1, 1, 1, 1, 1, 1, 1, 1, 1, 1, 1, 1, 1, 1, 1, 1, 1, 1, 1, 1, 1, 1, 1, 1, 1, 1, 1, 1, 1, 1, 1, 1, 1, 1, 1, 1, 1, 1, 1, 1, 1, 1, 1, 1, 1, 1, 1, 1, 1, 1, 1, 1, 1, 1, 1, 1, 1, 1, 1, 1, 1, 1, 1, 1, 1, 1, 1, 1, 1, 1, 1, 1, 1, 1, 1, 1, 1, 1, 1, 1, 1, 1, 1, 1, 1, 1, 1, 1, 1, 1, 1, 1, 1, 1, 1, 1, 1, 1, 1, 1, 1, 1, 1, 1, 1, 1, 1, 1, 1, 1, 1, 1, 1, 1, 1, 1, 1, 1, 1, 1, 1, 1, 1, 1, 1, 1, 1, 1, 1, 1, 1, 1, 1, 1, 1, 1, 1, 1, 1, 1, 1, 1, 1, 1, 1, 1, 1, 1, 1, 1, 1, 1, 1, 1, 1, 1, 1, 1, 1, 1, 1, 1, 1, 1, 1, 1, 1, 1, 1, 1, 1, 1, 1, 1, 1, 1, 1, 1, 1, 1, 1, 1, 1, 1, 1, 1, 1, 1, 1, 1, 1, 1, 1, 1, 1, 1, 1, 1, 1, 1, 1, 1, 1, 1, 1, 1, 1, 1, 1, 1, 1, 1, 1, 1, 1, 1, 1, 1, 1, 1, 1, 1, 1, 1, 1, 1, 1, 1, 1, 1, 1, 1, 1, 1, 1, 1, 1]",1,300,1.0,,9.357281,"[4335.0, 4141.0, 3980.0, 3890.0, 3890.0, 3890.0, 3890.0, 3890.0, 3890.0, 3890.0, 3890.0, 3890.0, 3890.0, 3890.0, 3890.0, 3890.0, 3890.0, 3888.0, 3888.0, 3888.0, 3888.0, 3888.0, 3883.0, 3828.0, 3792.0, 3682.0, 3627.0, 3579.0, 3524.0, 3524.0, 3524.0, 3403.0, 3403.0, 3364.0, 3364.0, 3364.0, 3364.0, 3364.0, 3364.0, 3364.0, 3364.0, 3364.0, 3364.0, 3349.0, 3349.0, 3296.0, 3265.0, 3258.0, 3258.0, 3228.0, 3228.0, 3228.0, 3227.0, 3227.0, 3227.0, 3227.0, 3227.0, 3227.0, 3227.0, 3226.0, 3226.0, 3179.0, 3171.0, 3136.0, 3136.0, 3095.0, 3077.0, 3077.0, 3077.0, 3077.0, 3077.0, 3077.0, 3077.0, 3077.0, 3077.0, 3077.0, 3077.0, 3077.0, 3077.0, 3076.0, 3076.0, 3046.0, 3046.0, 3046.0, 3046.0, 3046.0, 3046.0, 3046.0, 3046.0, 3046.0, 3046.0, 3046.0, 3046.0, 3046.0, 3046.0, 3046.0, 3046.0, 3046.0, 3046.0, 3046.0, 3046.0, 3046.0, 3046.0, 3046.0, 3046.0, 3046.0, 3046.0, 3046.0, 3046.0, 3046.0, 3046.0, 3046.0, 3046.0, 3046.0, 3046.0, 3046.0, 3046.0, 3046.0, 3046.0, 3046.0, 3046.0, 3046.0, 3046.0, 3046.0, 3046.0, 3046.0, 3046.0, 3046.0, 3046.0, 3046.0, 3046.0, 3046.0, 3046.0, 3046.0, 3046.0, 3046.0, 3046.0, 3046.0, 3046.0, 3046.0, 3046.0, 3046.0, 3046.0, 3046.0, 3046.0, 3046.0, 3046.0, 3046.0, 3046.0, 3046.0, 3046.0, 3046.0, 3046.0, 3046.0, 3046.0, 3046.0, 3046.0, 3046.0, 3046.0, 3046.0, 3046.0, 3046.0, 3046.0, 3046.0, 3046.0, 3046.0, 3046.0, 3046.0, 3046.0, 3046.0, 3046.0, 3046.0, 3046.0, 3046.0, 3045.0, 3045.0, 2996.0, 2943.0, 2923.0, 2923.0, 2923.0, 2923.0, 2923.0, 2923.0, 2923.0, 2923.0, 2923.0, 2923.0, 2923.0, 2923.0, 2923.0, 2923.0, 2923.0, 2923.0, 2923.0, 2923.0, 2923.0, 2923.0, 2923.0, 2923.0, 2923.0, 2923.0, 2923.0, 2923.0, 2923.0, 2923.0, 2923.0, 2923.0, 2923.0, 2923.0, 2923.0, 2923.0, 2921.0, 2921.0, 2921.0, 2921.0, 2921.0, 2921.0, 2921.0, 2921.0, 2921.0, 2921.0, 2921.0, 2921.0, 2921.0, 2921.0, 2918.0, 2918.0, 2918.0, 2918.0, 2918.0, 2918.0, 2918.0, 2918.0, 2918.0, 2918.0, 2918.0, 2918.0, 2918.0, 2918.0, 2918.0, 2918.0, 2918.0, 2918.0, 2918.0, 2918.0, 2918.0, 2918.0, 2918.0, 2918.0, 2918.0, 2918.0, 2918.0, 2918.0, 2918.0, 2918.0, 2918.0, 2918.0, 2918.0, 2918.0, 2918.0, 2918.0, 2918.0, 2918.0, 2918.0, 2918.0, 2918.0, 2918.0, 2890.0, 2890.0, 2890.0, 2890.0, 2890.0, 2890.0, 2890.0, 2890.0, 2890.0, 2890.0, 2890.0, 2890.0, 2890.0, 2890.0, 2890.0, 2890.0, 2890.0, 2890.0, 2890.0, 2890.0, 2890.0, 2890.0, 2890.0, 2890.0, 2890.0, 2890.0, 2890.0, 2890.0, 2890.0, 2881.0, 2881.0, 2881.0]",4,A-n80-k10.vrp,298,GEA,data/vrp/A-n80-k10.vrp
True,45 24 60 17 9 38 79 28 44 76 37 71 77 59 61 75 78 2 62 20 55 56 21 31 11 14 74 15 19 63 12 69 47 30 18 32 39 5 46 33 29 64 54 40 6 53 35 68 4 48 66 57 42 25 22 65 10 34 43 16 26 58 7 67 41 50 52 13 36 27 70 51 23 73 72 49 80 3 8,3100.0,3100.0,"[1, 1, 1, 1, 1, 1, 1, 1, 1, 1, 1, 1, 1, 1, 1, 1, 1, 1, 1, 1, 1, 1, 1, 1, 1, 1, 1, 1, 1, 1, 1, 1, 1, 1, 1, 1, 1, 1, 1, 1, 1, 1, 1, 1, 1, 1, 1, 1, 1, 1, 1, 1, 1, 1, 1, 1, 1, 1, 1, 1, 1, 1, 1, 1, 1, 1, 1, 1, 1, 1, 1, 1, 1, 1, 1, 1, 1, 1, 1, 1, 1, 1, 1, 1, 1, 1, 1, 1, 1, 1, 1, 1, 1, 1, 1, 1, 1, 1, 1, 1, 1, 1, 1, 1, 1, 1, 1, 1, 1, 1, 1, 1, 1, 1, 1, 1, 1, 1, 1, 1, 1, 1, 1, 1, 1, 1, 1, 1, 1, 1, 1, 1, 1, 1, 1, 1, 1, 1, 1, 1, 1, 1, 1, 1, 1, 1, 1, 1, 1, 1, 1, 1, 1, 1, 1, 1, 1, 1, 1, 1, 1, 1, 1, 1, 1, 1, 1, 1, 1, 1, 1, 1, 1, 1, 1, 1, 1, 1, 1, 1, 1, 1, 1, 1, 1, 1, 1, 1, 1, 1, 1, 1, 1, 1, 1, 1, 1, 1, 1, 1, 1, 1, 1, 1, 1, 1, 1, 1, 1, 1, 1, 1, 1, 1, 1, 1, 1, 1, 1, 1, 1, 1, 1, 1, 1, 1, 1, 1, 1, 1, 1, 1, 1, 1, 1, 1, 1, 1, 1, 1, 1, 1, 1, 1, 1, 1, 1, 1, 1, 1, 1, 1, 1, 1, 1, 1, 1, 1, 1, 1, 1, 1, 1, 1, 1, 1, 1, 1, 1, 1, 1, 1, 1, 1, 1, 1, 1, 1, 1, 1, 1, 1, 1, 1, 1, 1, 1, 1, 1, 1, 1, 1, 1, 1, 1, 1, 1, 1, 1, 1]",1,300,1.0,,9.373745,"[4234.0, 4070.0, 3892.0, 3821.0, 3702.0, 3630.0, 3585.0, 3585.0, 3577.0, 3577.0, 3577.0, 3577.0, 3577.0, 3572.0, 3572.0, 3547.0, 3547.0, 3538.0, 3538.0, 3500.0, 3500.0, 3500.0, 3491.0, 3491.0, 3491.0, 3460.0, 3460.0, 3431.0, 3431.0, 3431.0, 3431.0, 3431.0, 3431.0, 3430.0, 3430.0, 3430.0, 3430.0, 3430.0, 3430.0, 3430.0, 3430.0, 3383.0, 3383.0, 3303.0, 3303.0, 3238.0, 3238.0, 3238.0, 3225.0, 3225.0, 3225.0, 3225.0, 3225.0, 3225.0, 3225.0, 3225.0, 3225.0, 3225.0, 3225.0, 3225.0, 3225.0, 3225.0, 3225.0, 3225.0, 3225.0, 3225.0, 3225.0, 3225.0, 3225.0, 3225.0, 3225.0, 3225.0, 3225.0, 3225.0, 3225.0, 3225.0, 3225.0, 3225.0, 3225.0, 3225.0, 3225.0, 3225.0, 3225.0, 3225.0, 3225.0, 3225.0, 3225.0, 3225.0, 3225.0, 3225.0, 3148.0, 3148.0, 3148.0, 3148.0, 3148.0, 3148.0, 3148.0, 3148.0, 3148.0, 3148.0, 3148.0, 3148.0, 3148.0, 3148.0, 3148.0, 3148.0, 3111.0, 3111.0, 3111.0, 3111.0, 3111.0, 3111.0, 3111.0, 3111.0, 3111.0, 3111.0, 3111.0, 3111.0, 3111.0, 3111.0, 3111.0, 3111.0, 3111.0, 3111.0, 3111.0, 3111.0, 3111.0, 3111.0, 3111.0, 3111.0, 3111.0, 3111.0, 3111.0, 3111.0, 3111.0, 3111.0, 3111.0, 3111.0, 3111.0, 3111.0, 3111.0, 3111.0, 3111.0, 3111.0, 3111.0, 3111.0, 3111.0, 3111.0, 3111.0, 3111.0, 3111.0, 3111.0, 3111.0, 3106.0, 3106.0, 3106.0, 3106.0, 3106.0, 3106.0, 3106.0, 3106.0, 3106.0, 3106.0, 3106.0, 3106.0, 3106.0, 3106.0, 3106.0, 3106.0, 3106.0, 3106.0, 3106.0, 3106.0, 3106.0, 3106.0, 3106.0, 3106.0, 3106.0, 3106.0, 3106.0, 3106.0, 3106.0, 3106.0, 3106.0, 3106.0, 3106.0, 3106.0, 3106.0, 3106.0, 3106.0, 3106.0, 3106.0, 3106.0, 3106.0, 3106.0, 3106.0, 3106.0, 3106.0, 3106.0, 3106.0, 3106.0, 3106.0, 3106.0, 3106.0, 3106.0, 3106.0, 3106.0, 3106.0, 3106.0, 3106.0, 3106.0, 3106.0, 3106.0, 3106.0, 3106.0, 3106.0, 3106.0, 3106.0, 3106.0, 3106.0, 3106.0, 3106.0, 3106.0, 3106.0, 3106.0, 3105.0, 3105.0, 3105.0, 3105.0, 3105.0, 3105.0, 3105.0, 3105.0, 3104.0, 3104.0, 3104.0, 3104.0, 3104.0, 3104.0, 3104.0, 3104.0, 3104.0, 3104.0, 3104.0, 3104.0, 3104.0, 3104.0, 3104.0, 3104.0, 3104.0, 3104.0, 3104.0, 3104.0, 3104.0, 3104.0, 3104.0, 3104.0, 3104.0, 3104.0, 3104.0, 3104.0, 3104.0, 3104.0, 3104.0, 3104.0, 3104.0, 3104.0, 3104.0, 3104.0, 3104.0, 3104.0, 3104.0, 3104.0, 3104.0, 3104.0, 3104.0, 3104.0, 3104.0, 3104.0, 3104.0, 3104.0, 3104.0, 3104.0, 3104.0, 3104.0, 3104.0, 3104.0, 3104.0, 3104.0, 3104.0, 3104.0, 3104.0, 3104.0, 3104.0, 3104.0, 3104.0, 3104.0, 3104.0, 3100.0, 3100.0]",5,A-n80-k10.vrp,299,GEA,data/vrp/A-n80-k10.vrp
True,6 64 67 65 4 43 25 29 19 70 56 16 26 30 15 7 42 23 77 73 50 11 18 61 32 28 27 48 44 79 31 38 35 14 68 54 17 69 9 63 47 40 78 2 8 80 24 46 5 10 21 20 71 37 74 39 59 34 57 72 12 13 52 33 55 51 76 36 66 58 62 60 41 22 45 75 3 53 49,2989.0,2989.0,"[1, 1, 1, 1, 1, 1, 1, 1, 1, 1, 1, 1, 1, 1, 1, 1, 1, 1, 1, 1, 1, 1, 1, 1, 1, 1, 1, 1, 1, 1, 1, 1, 1, 1, 1, 1, 1, 1, 1, 1, 1, 1, 1, 1, 1, 1, 1, 1, 1, 1, 1, 1, 1, 1, 1, 1, 1, 1, 1, 1, 1, 1, 1, 1, 1, 1, 1, 1, 1, 1, 1, 1, 1, 1, 1, 1, 1, 1, 1, 1, 1, 1, 1, 1, 1, 1, 1, 1, 1, 1, 1, 1, 1, 1, 1, 1, 1, 1, 1, 1, 1, 1, 1, 1, 1, 1, 1, 1, 1, 1, 1, 1, 1, 1, 1, 1, 1, 1, 1, 1, 1, 1, 1, 1, 1, 1, 1, 1, 1, 1, 1, 1, 1, 1, 1, 1, 1, 1, 1, 1, 1, 1, 1, 1, 1, 1, 1, 1, 1, 1, 1, 1, 1, 1, 1, 1, 1, 1, 1, 1, 1, 1, 1, 1, 1, 1, 1, 1, 1, 1, 1, 1, 1, 1, 1, 1, 1, 1, 1, 1, 1, 1, 1, 1, 1, 1, 1, 1, 1, 1, 1, 1, 1, 1, 1, 1, 1, 1, 1, 1, 1, 1, 1, 1, 1, 1, 1, 1, 1, 1, 1, 1, 1, 1, 1, 1, 1, 1, 1, 1, 1, 1, 1, 1, 1, 1, 1, 1, 1, 1, 1, 1, 1, 1, 1, 1, 1, 1, 1, 1, 1, 1, 1, 1, 1, 1, 1, 1, 1, 1, 1, 1, 1, 1, 1, 1, 1, 1, 1, 1, 1, 1, 1, 1, 1, 1, 1, 1, 1, 1, 1, 1, 1, 1, 1, 1, 1, 1, 1, 1, 1, 1, 1, 1, 1, 1, 1, 1, 1, 1, 1, 1, 1, 1, 1, 1, 1, 1, 1, 1]",1,300,1.0,,9.702984,"[4364.0, 4113.0, 4035.0, 3991.0, 3908.0, 3833.0, 3747.0, 3617.0, 3546.0, 3467.0, 3430.0, 3393.0, 3349.0, 3331.0, 3326.0, 3326.0, 3326.0, 3321.0, 3321.0, 3313.0, 3313.0, 3313.0, 3313.0, 3313.0, 3312.0, 3312.0, 3312.0, 3312.0, 3312.0, 3270.0, 3270.0, 3270.0, 3270.0, 3270.0, 3270.0, 3270.0, 3270.0, 3270.0, 3260.0, 3260.0, 3260.0, 3260.0, 3260.0, 3260.0, 3260.0, 3260.0, 3260.0, 3260.0, 3260.0, 3260.0, 3260.0, 3260.0, 3260.0, 3260.0, 3260.0, 3260.0, 3260.0, 3260.0, 3260.0, 3260.0, 3260.0, 3260.0, 3260.0, 3260.0, 3260.0, 3260.0, 3260.0, 3240.0, 3240.0, 3240.0, 3240.0, 3240.0, 3240.0, 3235.0, 3235.0, 3235.0, 3235.0, 3235.0, 3235.0, 3235.0, 3235.0, 3235.0, 3235.0, 3235.0, 3235.0, 3235.0, 3235.0, 3235.0, 3235.0, 3235.0, 3235.0, 3232.0, 3232.0, 3227.0, 3227.0, 3227.0, 3227.0, 3191.0, 3191.0, 3191.0, 3191.0, 3191.0, 3191.0, 3191.0, 3179.0, 3179.0, 3179.0, 3179.0, 3179.0, 3179.0, 3179.0, 3179.0, 3179.0, 3179.0, 3179.0, 3179.0, 3179.0, 3179.0, 3165.0, 3165.0, 3163.0, 3146.0, 3146.0, 3146.0, 3146.0, 3146.0, 3105.0, 3105.0, 3105.0, 3105.0, 3105.0, 3105.0, 3105.0, 3091.0, 3091.0, 3077.0, 3077.0, 3077.0, 3042.0, 3042.0, 3042.0, 3042.0, 3042.0, 3035.0, 3035.0, 3026.0, 3026.0, 3026.0, 3026.0, 3025.0, 3025.0, 3025.0, 3025.0, 3025.0, 3025.0, 3025.0, 3022.0, 3022.0, 3022.0, 3022.0, 3018.0, 3018.0, 3018.0, 3018.0, 3018.0, 3018.0, 3018.0, 3014.0, 3014.0, 3014.0, 3010.0, 3010.0, 3010.0, 3010.0, 3010.0, 3010.0, 3010.0, 3010.0, 3010.0, 3010.0, 3010.0, 3010.0, 3010.0, 3010.0, 3010.0, 3010.0, 3010.0, 3010.0, 3010.0, 3010.0, 3009.0, 3009.0, 3009.0, 3009.0, 3009.0, 3009.0, 3009.0, 3009.0, 3009.0, 3009.0, 3009.0, 3009.0, 3009.0, 3009.0, 3009.0, 3009.0, 3009.0, 3009.0, 3009.0, 3009.0, 3009.0, 3009.0, 3009.0, 3009.0, 3009.0, 3009.0, 3009.0, 3009.0, 3009.0, 3009.0, 3009.0, 3009.0, 3004.0, 3004.0, 3004.0, 3004.0, 3004.0, 3004.0, 3004.0, 3004.0, 3004.0, 3004.0, 3004.0, 3004.0, 3004.0, 3004.0, 3004.0, 3004.0, 3004.0, 3004.0, 3004.0, 3004.0, 3004.0, 3004.0, 3004.0, 3004.0, 3004.0, 3004.0, 3004.0, 3004.0, 3004.0, 3004.0, 3004.0, 3004.0, 3004.0, 3004.0, 3004.0, 3004.0, 3004.0, 3004.0, 3004.0, 3004.0, 2990.0, 2990.0, 2990.0, 2990.0, 2990.0, 2989.0, 2989.0, 2989.0, 2989.0, 2989.0, 2989.0, 2989.0, 2989.0, 2989.0, 2989.0, 2989.0, 2989.0, 2989.0, 2989.0, 2989.0, 2989.0, 2989.0, 2989.0, 2989.0, 2989.0, 2989.0, 2989.0, 2989.0, 2989.0, 2989.0, 2989.0, 2989.0, 2989.0, 2989.0, 2989.0, 2989.0, 2989.0, 2989.0]",6,A-n80-k10.vrp,268,GEA,data/vrp/A-n80-k10.vrp
True,45 31 69 9 79 38 49 72 15 25 64 50 60 47 55 46 77 67 68 43 4 52 53 11 22 40 32 7 18 20 58 78 61 21 76 42 66 16 73 51 39 74 14 13 19 3 44 57 34 65 54 33 5 71 37 6 28 8 41 2 30 24 12 63 29 80 35 56 23 59 10 26 48 70 36 27 17 62 75,2755.0,2755.0,"[1, 1, 1, 1, 1, 1, 1, 1, 1, 1, 1, 1, 1, 1, 1, 1, 1, 1, 1, 1, 1, 1, 1, 1, 1, 1, 1, 1, 1, 1, 1, 1, 1, 1, 1, 1, 1, 1, 1, 1, 1, 1, 1, 1, 1, 1, 1, 1, 1, 1, 1, 1, 1, 1, 1, 1, 1, 1, 1, 1, 1, 1, 1, 1, 1, 1, 1, 1, 1, 1, 1, 1, 1, 1, 1, 1, 1, 1, 1, 1, 1, 1, 1, 1, 1, 1, 1, 1, 1, 1, 1, 1, 1, 1, 1, 1, 1, 1, 1, 1, 1, 1, 1, 1, 1, 1, 1, 1, 1, 1, 1, 1, 1, 1, 1, 1, 1, 1, 1, 1, 1, 1, 1, 1, 1, 1, 1, 1, 1, 1, 1, 1, 1, 1, 1, 1, 1, 1, 1, 1, 1, 1, 1, 1, 1, 1, 1, 1, 1, 1, 1, 1, 1, 1, 1, 1, 1, 1, 1, 1, 1, 1, 1, 1, 1, 1, 1, 1, 1, 1, 1, 1, 1, 1, 1, 1, 1, 1, 1, 1, 1, 1, 1, 1, 1, 1, 1, 1, 1, 1, 1, 1, 1, 1, 1, 1, 1, 1, 1, 1, 1, 1, 1, 1, 1, 1, 1, 1, 1, 1, 1, 1, 1, 1, 1, 1, 1, 1, 1, 1, 1, 1, 1, 1, 1, 1, 1, 1, 1, 1, 1, 1, 1, 1, 1, 1, 1, 1, 1, 1, 1, 1, 1, 1, 1, 1, 1, 1, 1, 1, 1, 1, 1, 1, 1, 1, 1, 1, 1, 1, 1, 1, 1, 1, 1, 1, 1, 1, 1, 1, 1, 1, 1, 1, 1, 1, 1, 1, 1, 1, 1, 1, 1, 1, 1, 1, 1, 1, 1, 1, 1, 1, 1, 1, 1, 1, 1, 1, 1, 1]",1,300,1.0,,9.559696,"[4186.0, 3997.0, 3931.0, 3801.0, 3664.0, 3605.0, 3525.0, 3525.0, 3517.0, 3517.0, 3517.0, 3517.0, 3504.0, 3504.0, 3504.0, 3504.0, 3489.0, 3485.0, 3395.0, 3364.0, 3363.0, 3363.0, 3363.0, 3363.0, 3363.0, 3363.0, 3363.0, 3363.0, 3363.0, 3363.0, 3363.0, 3363.0, 3363.0, 3363.0, 3363.0, 3363.0, 3363.0, 3363.0, 3363.0, 3363.0, 3341.0, 3341.0, 3257.0, 3257.0, 3221.0, 3221.0, 3221.0, 3221.0, 3221.0, 3221.0, 3221.0, 3209.0, 3209.0, 3209.0, 3209.0, 3209.0, 3209.0, 3170.0, 3170.0, 3170.0, 3157.0, 3157.0, 3157.0, 3157.0, 3157.0, 3157.0, 3157.0, 3157.0, 3157.0, 3157.0, 3157.0, 3157.0, 3157.0, 3156.0, 3156.0, 3156.0, 3156.0, 3156.0, 3156.0, 3149.0, 3149.0, 3149.0, 3149.0, 3149.0, 3149.0, 3149.0, 3149.0, 3149.0, 3149.0, 3149.0, 3149.0, 3149.0, 3149.0, 3149.0, 3149.0, 3149.0, 3149.0, 3149.0, 3149.0, 3149.0, 3149.0, 3149.0, 3149.0, 3149.0, 3149.0, 3149.0, 3149.0, 3142.0, 3142.0, 3142.0, 3142.0, 3142.0, 3142.0, 3142.0, 3142.0, 3142.0, 3142.0, 3142.0, 3142.0, 3142.0, 3142.0, 3142.0, 3142.0, 3142.0, 3142.0, 3142.0, 3136.0, 3124.0, 3124.0, 3124.0, 3124.0, 3124.0, 3124.0, 3124.0, 3075.0, 3075.0, 2997.0, 2997.0, 2997.0, 2997.0, 2997.0, 2997.0, 2997.0, 2997.0, 2997.0, 2997.0, 2997.0, 2997.0, 2997.0, 2997.0, 2997.0, 2997.0, 2997.0, 2997.0, 2997.0, 2997.0, 2997.0, 2997.0, 2997.0, 2997.0, 2969.0, 2969.0, 2969.0, 2958.0, 2936.0, 2936.0, 2936.0, 2936.0, 2936.0, 2936.0, 2936.0, 2936.0, 2927.0, 2927.0, 2927.0, 2927.0, 2927.0, 2927.0, 2927.0, 2927.0, 2927.0, 2927.0, 2927.0, 2927.0, 2927.0, 2927.0, 2927.0, 2927.0, 2927.0, 2927.0, 2927.0, 2927.0, 2927.0, 2927.0, 2914.0, 2914.0, 2914.0, 2914.0, 2914.0, 2914.0, 2914.0, 2914.0, 2914.0, 2914.0, 2914.0, 2892.0, 2892.0, 2885.0, 2885.0, 2861.0, 2861.0, 2861.0, 2861.0, 2861.0, 2850.0, 2850.0, 2850.0, 2849.0, 2849.0, 2849.0, 2849.0, 2849.0, 2846.0, 2846.0, 2842.0, 2804.0, 2783.0, 2783.0, 2772.0, 2772.0, 2772.0, 2772.0, 2772.0, 2772.0, 2772.0, 2772.0, 2765.0, 2765.0, 2765.0, 2765.0, 2765.0, 2765.0, 2765.0, 2765.0, 2765.0, 2765.0, 2765.0, 2765.0, 2765.0, 2765.0, 2765.0, 2765.0, 2757.0, 2757.0, 2757.0, 2757.0, 2757.0, 2757.0, 2757.0, 2757.0, 2757.0, 2757.0, 2757.0, 2757.0, 2757.0, 2757.0, 2757.0, 2757.0, 2757.0, 2757.0, 2757.0, 2757.0, 2757.0, 2757.0, 2757.0, 2757.0, 2757.0, 2757.0, 2757.0, 2756.0, 2756.0, 2756.0, 2756.0, 2756.0, 2756.0, 2756.0, 2756.0, 2756.0, 2756.0, 2756.0, 2756.0, 2756.0, 2756.0, 2756.0, 2756.0, 2756.0, 2756.0, 2756.0, 2756.0, 2755.0]",7,A-n80-k10.vrp,300,GEA,data/vrp/A-n80-k10.vrp
True,32 3 31 42 66 70 10 33 24 35 19 49 29 8 25 44 60 18 7 53 12 57 56 65 55 5 51 34 40 4 43 22 2 11 15 54 73 50 37 39 16 26 23 78 6 77 59 46 58 17 36 76 75 68 67 71 28 20 48 80 38 9 14 30 13 79 62 63 72 41 74 52 61 47 27 69 21 45 64,2999.0,2999.0,"[1, 1, 1, 1, 1, 1, 1, 1, 1, 1, 1, 1, 1, 1, 1, 1, 1, 1, 1, 1, 1, 1, 1, 1, 1, 1, 1, 1, 1, 1, 1, 1, 1, 1, 1, 1, 1, 1, 1, 1, 1, 1, 1, 1, 1, 1, 1, 1, 1, 1, 1, 1, 1, 1, 1, 1, 1, 1, 1, 1, 1, 1, 1, 1, 1, 1, 1, 1, 1, 1, 1, 1, 1, 1, 1, 1, 1, 1, 1, 1, 1, 1, 1, 1, 1, 1, 1, 1, 1, 1, 1, 1, 1, 1, 1, 1, 1, 1, 1, 1, 1, 1, 1, 1, 1, 1, 1, 1, 1, 1, 1, 1, 1, 1, 1, 1, 1, 1, 1, 1, 1, 1, 1, 1, 1, 1, 1, 1, 1, 1, 1, 1, 1, 1, 1, 1, 1, 1, 1, 1, 1, 1, 1, 1, 1, 1, 1, 1, 1, 1, 1, 1, 1, 1, 1, 1, 1, 1, 1, 1, 1, 1, 1, 1, 1, 1, 1, 1, 1, 1, 1, 1, 1, 1, 1, 1, 1, 1, 1, 1, 1, 1, 1, 1, 1, 1, 1, 1, 1, 1, 1, 1, 1, 1, 1, 1, 1, 1, 1, 1, 1, 1, 1, 1, 1, 1, 1, 1, 1, 1, 1, 1, 1, 1, 1, 1, 1, 1, 1, 1, 1, 1, 1, 1, 1, 1, 1, 1, 1, 1, 1, 1, 1, 1, 1, 1, 1, 1, 1, 1, 1, 1, 1, 1, 1, 1, 1, 1, 1, 1, 1, 1, 1, 1, 1, 1, 1, 1, 1, 1, 1, 1, 1, 1, 1, 1, 1, 1, 1, 1, 1, 1, 1, 1, 1, 1, 1, 1, 1, 1, 1, 1, 1, 1, 1, 1, 1, 1, 1, 1, 1, 1, 1, 1, 1, 1, 1, 1, 1, 1]",1,300,1.0,,9.242612,"[4186.0, 4056.0, 3915.0, 3771.0, 3748.0, 3719.0, 3719.0, 3719.0, 3719.0, 3719.0, 3702.0, 3702.0, 3702.0, 3702.0, 3702.0, 3673.0, 3673.0, 3560.0, 3543.0, 3532.0, 3516.0, 3505.0, 3505.0, 3505.0, 3505.0, 3505.0, 3505.0, 3505.0, 3505.0, 3505.0, 3505.0, 3505.0, 3505.0, 3505.0, 3505.0, 3505.0, 3505.0, 3505.0, 3473.0, 3473.0, 3473.0, 3473.0, 3473.0, 3473.0, 3473.0, 3473.0, 3435.0, 3435.0, 3435.0, 3435.0, 3358.0, 3358.0, 3314.0, 3314.0, 3307.0, 3307.0, 3231.0, 3231.0, 3231.0, 3231.0, 3231.0, 3231.0, 3231.0, 3231.0, 3231.0, 3231.0, 3231.0, 3231.0, 3231.0, 3231.0, 3231.0, 3231.0, 3231.0, 3231.0, 3231.0, 3231.0, 3231.0, 3231.0, 3231.0, 3231.0, 3231.0, 3231.0, 3231.0, 3231.0, 3222.0, 3201.0, 3201.0, 3201.0, 3201.0, 3201.0, 3201.0, 3201.0, 3201.0, 3201.0, 3201.0, 3201.0, 3201.0, 3201.0, 3201.0, 3201.0, 3201.0, 3201.0, 3201.0, 3201.0, 3201.0, 3201.0, 3201.0, 3201.0, 3201.0, 3201.0, 3201.0, 3201.0, 3201.0, 3201.0, 3201.0, 3201.0, 3201.0, 3201.0, 3166.0, 3166.0, 3166.0, 3166.0, 3166.0, 3166.0, 3166.0, 3166.0, 3166.0, 3166.0, 3166.0, 3166.0, 3157.0, 3157.0, 3157.0, 3157.0, 3157.0, 3157.0, 3157.0, 3157.0, 3157.0, 3149.0, 3149.0, 3149.0, 3149.0, 3149.0, 3149.0, 3149.0, 3149.0, 3149.0, 3149.0, 3149.0, 3149.0, 3149.0, 3149.0, 3149.0, 3149.0, 3149.0, 3149.0, 3149.0, 3149.0, 3149.0, 3149.0, 3149.0, 3149.0, 3149.0, 3149.0, 3149.0, 3149.0, 3112.0, 3112.0, 3041.0, 3041.0, 3041.0, 3041.0, 3041.0, 3041.0, 3041.0, 3041.0, 3041.0, 3041.0, 3041.0, 3041.0, 3041.0, 3041.0, 3041.0, 3041.0, 3041.0, 3041.0, 3041.0, 3041.0, 3041.0, 3041.0, 3041.0, 3041.0, 3041.0, 3041.0, 3041.0, 3041.0, 3041.0, 3041.0, 3041.0, 3041.0, 3041.0, 3041.0, 3041.0, 3041.0, 3041.0, 3037.0, 3037.0, 3037.0, 3037.0, 3037.0, 3037.0, 3037.0, 3037.0, 3037.0, 3037.0, 3037.0, 3037.0, 3034.0, 3034.0, 3034.0, 3034.0, 3034.0, 3034.0, 3034.0, 3034.0, 3034.0, 3034.0, 3034.0, 3034.0, 3034.0, 3034.0, 3034.0, 3034.0, 3034.0, 3034.0, 3034.0, 3028.0, 3004.0, 3001.0, 3001.0, 3001.0, 3001.0, 3001.0, 3001.0, 3001.0, 3001.0, 3001.0, 3001.0, 3001.0, 3001.0, 3001.0, 3001.0, 3001.0, 3001.0, 3001.0, 3001.0, 3001.0, 3001.0, 3001.0, 3001.0, 3001.0, 3001.0, 3001.0, 3001.0, 3001.0, 3001.0, 3001.0, 3001.0, 3001.0, 3001.0, 3001.0, 3001.0, 3001.0, 3001.0, 3001.0, 3001.0, 2999.0, 2999.0, 2999.0, 2999.0, 2999.0, 2999.0, 2999.0, 2999.0, 2999.0, 2999.0, 2999.0, 2999.0, 2999.0, 2999.0, 2999.0, 2999.0, 2999.0, 2999.0, 2999.0, 2999.0, 2999.0, 2999.0, 2999.0]",8,A-n80-k10.vrp,278,GEA,data/vrp/A-n80-k10.vrp
True,6 42 69 57 66 36 47 46 33 51 45 17 44 38 3 49 9 21 20 52 22 72 35 18 30 73 76 58 65 12 53 80 19 29 15 31 26 34 10 61 75 78 5 55 54 43 48 70 28 62 64 11 37 14 68 16 23 71 59 39 41 8 60 27 13 63 2 32 56 77 67 74 50 4 40 24 79 7 25,2951.0,2951.0,"[1, 1, 1, 1, 1, 1, 1, 1, 1, 1, 1, 1, 1, 1, 1, 1, 1, 1, 1, 1, 1, 1, 1, 1, 1, 1, 1, 1, 1, 1, 1, 1, 1, 1, 1, 1, 1, 1, 1, 1, 1, 1, 1, 1, 1, 1, 1, 1, 1, 1, 1, 1, 1, 1, 1, 1, 1, 1, 1, 1, 1, 1, 1, 1, 1, 1, 1, 1, 1, 1, 1, 1, 1, 1, 1, 1, 1, 1, 1, 1, 1, 1, 1, 1, 1, 1, 1, 1, 1, 1, 1, 1, 1, 1, 1, 1, 1, 1, 1, 1, 1, 1, 1, 1, 1, 1, 1, 1, 1, 1, 1, 1, 1, 1, 1, 1, 1, 1, 1, 1, 1, 1, 1, 1, 1, 1, 1, 1, 1, 1, 1, 1, 1, 1, 1, 1, 1, 1, 1, 1, 1, 1, 1, 1, 1, 1, 1, 1, 1, 1, 1, 1, 1, 1, 1, 1, 1, 1, 1, 1, 1, 1, 1, 1, 1, 1, 1, 1, 1, 1, 1, 1, 1, 1, 1, 1, 1, 1, 1, 1, 1, 1, 1, 1, 1, 1, 1, 1, 1, 1, 1, 1, 1, 1, 1, 1, 1, 1, 1, 1, 1, 1, 1, 1, 1, 1, 1, 1, 1, 1, 1, 1, 1, 1, 1, 1, 1, 1, 1, 1, 1, 1, 1, 1, 1, 1, 1, 1, 1, 1, 1, 1, 1, 1, 1, 1, 1, 1, 1, 1, 1, 1, 1, 1, 1, 1, 1, 1, 1, 1, 1, 1, 1, 1, 1, 1, 1, 1, 1, 1, 1, 1, 1, 1, 1, 1, 1, 1, 1, 1, 1, 1, 1, 1, 1, 1, 1, 1, 1, 1, 1, 1, 1, 1, 1, 1, 1, 1, 1, 1, 1, 1, 1, 1, 1, 1, 1, 1, 1, 1]",1,300,1.0,,9.272579,"[4225.0, 4164.0, 4071.0, 4071.0, 3907.0, 3907.0, 3907.0, 3907.0, 3907.0, 3859.0, 3859.0, 3859.0, 3859.0, 3859.0, 3820.0, 3820.0, 3820.0, 3820.0, 3820.0, 3820.0, 3820.0, 3815.0, 3807.0, 3690.0, 3548.0, 3458.0, 3458.0, 3437.0, 3437.0, 3437.0, 3397.0, 3397.0, 3397.0, 3394.0, 3394.0, 3367.0, 3367.0, 3299.0, 3299.0, 3299.0, 3299.0, 3278.0, 3278.0, 3278.0, 3278.0, 3259.0, 3259.0, 3147.0, 3147.0, 3147.0, 3147.0, 3147.0, 3117.0, 3117.0, 3117.0, 3113.0, 3113.0, 3113.0, 3082.0, 3082.0, 3080.0, 3080.0, 3080.0, 3080.0, 3080.0, 3080.0, 3080.0, 3080.0, 3080.0, 3080.0, 3080.0, 3080.0, 3080.0, 3080.0, 3080.0, 3080.0, 3080.0, 3080.0, 3080.0, 3080.0, 3080.0, 3080.0, 3080.0, 3080.0, 3080.0, 3080.0, 3080.0, 3080.0, 3080.0, 3080.0, 3080.0, 3080.0, 3080.0, 3080.0, 3080.0, 3080.0, 3080.0, 3080.0, 3080.0, 3080.0, 3080.0, 3080.0, 3080.0, 3080.0, 3080.0, 3080.0, 3080.0, 3080.0, 3080.0, 3079.0, 3079.0, 3079.0, 3079.0, 3079.0, 3079.0, 3079.0, 3079.0, 3079.0, 3079.0, 3079.0, 3079.0, 3079.0, 3079.0, 3079.0, 3079.0, 3079.0, 3079.0, 3079.0, 3079.0, 3079.0, 3079.0, 3079.0, 3079.0, 3079.0, 3079.0, 3079.0, 3079.0, 3079.0, 3079.0, 3079.0, 3079.0, 3079.0, 3079.0, 3079.0, 3079.0, 3079.0, 3015.0, 3015.0, 3015.0, 3015.0, 3015.0, 3015.0, 3015.0, 3015.0, 3015.0, 3015.0, 3015.0, 3015.0, 3015.0, 3015.0, 3015.0, 3015.0, 3015.0, 3015.0, 3015.0, 3004.0, 3004.0, 3004.0, 3004.0, 3004.0, 3004.0, 3004.0, 3004.0, 3004.0, 3004.0, 3004.0, 3004.0, 3004.0, 3004.0, 3004.0, 3004.0, 3004.0, 3004.0, 2987.0, 2987.0, 2987.0, 2987.0, 2987.0, 2987.0, 2987.0, 2987.0, 2987.0, 2975.0, 2975.0, 2975.0, 2975.0, 2975.0, 2975.0, 2975.0, 2975.0, 2975.0, 2975.0, 2975.0, 2975.0, 2975.0, 2975.0, 2975.0, 2975.0, 2975.0, 2975.0, 2952.0, 2952.0, 2952.0, 2952.0, 2952.0, 2952.0, 2952.0, 2952.0, 2952.0, 2952.0, 2952.0, 2952.0, 2952.0, 2952.0, 2952.0, 2952.0, 2952.0, 2952.0, 2952.0, 2952.0, 2952.0, 2952.0, 2952.0, 2952.0, 2952.0, 2952.0, 2952.0, 2952.0, 2952.0, 2952.0, 2952.0, 2952.0, 2952.0, 2952.0, 2952.0, 2952.0, 2952.0, 2952.0, 2952.0, 2952.0, 2952.0, 2952.0, 2952.0, 2952.0, 2952.0, 2952.0, 2952.0, 2952.0, 2952.0, 2952.0, 2952.0, 2952.0, 2952.0, 2952.0, 2952.0, 2952.0, 2952.0, 2952.0, 2952.0, 2952.0, 2952.0, 2952.0, 2952.0, 2952.0, 2952.0, 2952.0, 2952.0, 2952.0, 2952.0, 2952.0, 2952.0, 2952.0, 2952.0, 2951.0, 2951.0, 2951.0, 2951.0, 2951.0, 2951.0, 2951.0, 2951.0, 2951.0, 2951.0, 2951.0, 2951.0, 2951.0, 2951.0, 2951.0, 2951.0, 2951.0]",9,A-n80-k10.vrp,284,GEA,data/vrp/A-n80-k10.vrp
True,32 16 48 20 26 65 24 25 3 14 18 30 33 46 77 67 50 7 9 38 76 12 79 28 2 59 5 10 55 58 62 44 21 42 57 23 51 39 43 61 6 40 45 63 56 73 47 36 66 70 27 35 49 19 29 8 52 71 34 31 80 53 13 11 37 22 75 4 54 68 78 74 41 64 72 15 69 17 60,2856.0,2856.0,"[1, 1, 1, 1, 1, 1, 1, 1, 1, 1, 1, 1, 1, 1, 1, 1, 1, 1, 1, 1, 1, 1, 1, 1, 1, 1, 1, 1, 1, 1, 1, 1, 1, 1, 1, 1, 1, 1, 1, 1, 1, 1, 1, 1, 1, 1, 1, 1, 1, 1, 1, 1, 1, 1, 1, 1, 1, 1, 1, 1, 1, 1, 1, 1, 1, 1, 1, 1, 1, 1, 1, 1, 1, 1, 1, 1, 1, 1, 1, 1, 1, 1, 1, 1, 1, 1, 1, 1, 1, 1, 1, 1, 1, 1, 1, 1, 1, 1, 1, 1, 1, 1, 1, 1, 1, 1, 1, 1, 1, 1, 1, 1, 1, 1, 1, 1, 1, 1, 1, 1, 1, 1, 1, 1, 1, 1, 1, 1, 1, 1, 1, 1, 1, 1, 1, 1, 1, 1, 1, 1, 1, 1, 1, 1, 1, 1, 1, 1, 1, 1, 1, 1, 1, 1, 1, 1, 1, 1, 1, 1, 1, 1, 1, 1, 1, 1, 1, 1, 1, 1, 1, 1, 1, 1, 1, 1, 1, 1, 1, 1, 1, 1, 1, 1, 1, 1, 1, 1, 1, 1, 1, 1, 1, 1, 1, 1, 1, 1, 1, 1, 1, 1, 1, 1, 1, 1, 1, 1, 1, 1, 1, 1, 1, 1, 1, 1, 1, 1, 1, 1, 1, 1, 1, 1, 1, 1, 1, 1, 1, 1, 1, 1, 1, 1, 1, 1, 1, 1, 1, 1, 1, 1, 1, 1, 1, 1, 1, 1, 1, 1, 1, 1, 1, 1, 1, 1, 1, 1, 1, 1, 1, 1, 1, 1, 1, 1, 1, 1, 1, 1, 1, 1, 1, 1, 1, 1, 1, 1, 1, 1, 1, 1, 1, 1, 1, 1, 1, 1, 1, 1, 1, 1, 1, 1, 1, 1, 1, 1, 1, 1]",1,300,1.0,,9.616223,"[4291.0, 4041.0, 3792.0, 3792.0, 3770.0, 3767.0, 3748.0, 3650.0, 3556.0, 3520.0, 3520.0, 3520.0, 3520.0, 3520.0, 3520.0, 3520.0, 3520.0, 3520.0, 3520.0, 3496.0, 3496.0, 3496.0, 3496.0, 3496.0, 3496.0, 3496.0, 3496.0, 3496.0, 3496.0, 3496.0, 3496.0, 3493.0, 3493.0, 3493.0, 3493.0, 3493.0, 3493.0, 3493.0, 3493.0, 3493.0, 3493.0, 3493.0, 3476.0, 3476.0, 3476.0, 3476.0, 3476.0, 3476.0, 3476.0, 3476.0, 3476.0, 3448.0, 3448.0, 3448.0, 3448.0, 3448.0, 3436.0, 3431.0, 3431.0, 3431.0, 3431.0, 3431.0, 3431.0, 3362.0, 3362.0, 3362.0, 3362.0, 3362.0, 3362.0, 3362.0, 3330.0, 3330.0, 3330.0, 3329.0, 3329.0, 3329.0, 3319.0, 3319.0, 3227.0, 3227.0, 3219.0, 3219.0, 3219.0, 3219.0, 3219.0, 3219.0, 3219.0, 3219.0, 3219.0, 3219.0, 3219.0, 3218.0, 3218.0, 3218.0, 3218.0, 3218.0, 3218.0, 3218.0, 3218.0, 3218.0, 3215.0, 3215.0, 3215.0, 3215.0, 3215.0, 3203.0, 3203.0, 3102.0, 3094.0, 3078.0, 3033.0, 3033.0, 3033.0, 3033.0, 3033.0, 3033.0, 3033.0, 3033.0, 3033.0, 3033.0, 3033.0, 3033.0, 3033.0, 3033.0, 3033.0, 3033.0, 3033.0, 3033.0, 3033.0, 3033.0, 3033.0, 3033.0, 3033.0, 3033.0, 3033.0, 3033.0, 3033.0, 3033.0, 3033.0, 3033.0, 3033.0, 3033.0, 3029.0, 3029.0, 3029.0, 3029.0, 3029.0, 3029.0, 3029.0, 3029.0, 3029.0, 3029.0, 3029.0, 3029.0, 3029.0, 3029.0, 3029.0, 3029.0, 3029.0, 3029.0, 3029.0, 3029.0, 3021.0, 3021.0, 3021.0, 3006.0, 3006.0, 3006.0, 3006.0, 3006.0, 3006.0, 3006.0, 3006.0, 3006.0, 3006.0, 3006.0, 3006.0, 3006.0, 3006.0, 3006.0, 3006.0, 3006.0, 3006.0, 3006.0, 3006.0, 3006.0, 3006.0, 3006.0, 3006.0, 3006.0, 3006.0, 3006.0, 3006.0, 3006.0, 3006.0, 3006.0, 3006.0, 3006.0, 3006.0, 3006.0, 3006.0, 3006.0, 3006.0, 3006.0, 3006.0, 3006.0, 3006.0, 3006.0, 3006.0, 3006.0, 3006.0, 3006.0, 3006.0, 3006.0, 2977.0, 2977.0, 2905.0, 2905.0, 2905.0, 2905.0, 2905.0, 2905.0, 2905.0, 2905.0, 2905.0, 2905.0, 2905.0, 2905.0, 2905.0, 2904.0, 2904.0, 2901.0, 2872.0, 2872.0, 2872.0, 2872.0, 2872.0, 2872.0, 2872.0, 2872.0, 2872.0, 2872.0, 2872.0, 2872.0, 2872.0, 2868.0, 2868.0, 2868.0, 2868.0, 2856.0, 2856.0, 2856.0, 2856.0, 2856.0, 2856.0, 2856.0, 2856.0, 2856.0, 2856.0, 2856.0, 2856.0, 2856.0, 2856.0, 2856.0, 2856.0, 2856.0, 2856.0, 2856.0, 2856.0, 2856.0, 2856.0, 2856.0, 2856.0, 2856.0, 2856.0, 2856.0, 2856.0, 2856.0, 2856.0, 2856.0, 2856.0, 2856.0, 2856.0, 2856.0, 2856.0, 2856.0, 2856.0, 2856.0, 2856.0, 2856.0, 2856.0, 2856.0, 2856.0, 2856.0, 2856.0, 2856.0, 2856.0, 2856.0, 2856.0, 2856.0]",10,A-n80-k10.vrp,250,GEA,data/vrp/A-n80-k10.vrp
True,68 71 34 16 48 27 36 66 70 57 56 10 55 73 51 59 14 75 18 32 40 4 61 30 6 45 13 63 8 72 15 49 19 80 29 53 28 60 21 58 20 42 65 78 52 2 64 11 22 41 43 54 67 37 74 50 39 33 5 23 46 77 24 31 79 69 44 17 62 76 26 47 25 7 9 38 3 35 12,1853.0,1853.0,"[1, 1, 6, 6, 6, 5, 5, 5, 6, 6, 5, 5, 5, 6, 6, 6, 5, 6, 5, 5, 5, 5, 5, 5, 5, 5, 5, 6, 6, 6, 6, 6, 6, 5, 5, 5, 6, 6, 5, 5, 5, 5, 5, 5, 6, 5, 5, 5, 5, 5, 5, 4, 4, 4, 4, 5, 5, 6, 5, 5, 5, 5, 4, 5, 4, 4, 4, 4, 5, 4, 5, 3, 4, 4, 4, 4, 4, 4, 4, 4, 5, 5, 4, 4, 4, 5, 4, 4, 4, 4, 4, 5, 4, 6, 5, 5, 4, 4, 5, 4, 5, 4, 4, 3, 4, 4, 4, 4, 4, 4, 5, 5, 5, 4, 5, 5, 5, 5, 5, 5, 4, 4, 4, 5, 4, 4, 5, 5, 4, 3, 3, 3, 4, 4, 4, 4, 3, 3, 3, 3, 4, 4, 4, 4, 4, 4, 4, 4, 4, 4, 4, 4, 4, 4, 5, 5, 4, 4, 4, 6, 5, 4, 4, 4, 4, 5, 4, 5, 5, 5, 5, 4, 5, 6, 5, 4, 5, 4, 4, 4, 4, 5, 5, 5, 4, 5, 4, 3, 4, 4, 4, 4, 5, 4, 4, 5, 5, 5, 4, 4, 5, 4, 5, 4, 4, 4, 4, 4, 5, 5, 5, 4, 4, 5, 4, 4, 4, 4, 5, 5, 5, 5, 5, 5, 4, 4, 4, 5, 5, 5, 5, 5, 5, 5, 6, 6, 4, 5, 3, 3, 3, 4, 3, 5, 4, 5, 4, 4, 6, 5, 5, 5, 5, 6, 4, 4, 5, 4, 5, 5, 5, 4, 5, 5, 5, 5, 5, 5, 5, 5, 5, 5, 5, 5, 5, 6, 5, 6, 5, 4, 5, 5, 5, 4, 4, 4, 4, 5, 5, 5, 5, 5, 4, 5, 6, 5, 5, 5, 5, 5]",6,300,4.5867,,346.929292,"[2823.0, 2603.0, 2504.0, 2335.0, 2335.0, 2285.0, 2285.0, 2285.0, 2285.0, 2285.0, 2285.0, 2225.0, 2167.0, 2167.0, 2167.0, 2167.0, 2167.0, 2167.0, 2167.0, 2106.0, 2104.0, 2103.0, 2103.0, 2103.0, 2103.0, 2103.0, 2103.0, 2103.0, 2103.0, 2103.0, 2103.0, 2103.0, 2103.0, 2103.0, 2089.0, 2062.0, 2062.0, 2062.0, 2058.0, 2058.0, 2058.0, 2058.0, 2058.0, 2058.0, 2058.0, 2050.0, 2047.0, 2047.0, 2047.0, 2047.0, 2047.0, 2047.0, 2047.0, 2047.0, 2047.0, 2047.0, 2018.0, 2018.0, 2018.0, 2018.0, 2018.0, 2018.0, 2018.0, 2018.0, 2018.0, 2018.0, 2018.0, 2018.0, 2018.0, 2018.0, 2018.0, 2018.0, 2003.0, 2003.0, 2003.0, 2002.0, 1994.0, 1994.0, 1994.0, 1994.0, 1994.0, 1994.0, 1994.0, 1994.0, 1994.0, 1993.0, 1963.0, 1950.0, 1950.0, 1950.0, 1950.0, 1950.0, 1950.0, 1950.0, 1950.0, 1950.0, 1950.0, 1950.0, 1950.0, 1950.0, 1950.0, 1950.0, 1950.0, 1950.0, 1950.0, 1950.0, 1950.0, 1950.0, 1950.0, 1950.0, 1947.0, 1947.0, 1947.0, 1947.0, 1947.0, 1947.0, 1947.0, 1947.0, 1947.0, 1947.0, 1947.0, 1947.0, 1947.0, 1947.0, 1947.0, 1947.0, 1947.0, 1947.0, 1947.0, 1947.0, 1932.0, 1926.0, 1926.0, 1926.0, 1926.0, 1926.0, 1926.0, 1926.0, 1926.0, 1926.0, 1926.0, 1926.0, 1926.0, 1926.0, 1926.0, 1925.0, 1923.0, 1923.0, 1923.0, 1923.0, 1923.0, 1923.0, 1923.0, 1923.0, 1923.0, 1923.0, 1923.0, 1923.0, 1923.0, 1922.0, 1921.0, 1921.0, 1901.0, 1901.0, 1901.0, 1901.0, 1901.0, 1901.0, 1891.0, 1854.0, 1854.0, 1854.0, 1854.0, 1854.0, 1854.0, 1854.0, 1854.0, 1854.0, 1854.0, 1854.0, 1854.0, 1854.0, 1854.0, 1854.0, 1854.0, 1854.0, 1854.0, 1853.0, 1853.0, 1853.0, 1853.0, 1853.0, 1853.0, 1853.0, 1853.0, 1853.0, 1853.0, 1853.0, 1853.0, 1853.0, 1853.0, 1853.0, 1853.0, 1853.0, 1853.0, 1853.0, 1853.0, 1853.0, 1853.0, 1853.0, 1853.0, 1853.0, 1853.0, 1853.0, 1853.0, 1853.0, 1853.0, 1853.0, 1853.0, 1853.0, 1853.0, 1853.0, 1853.0, 1853.0, 1853.0, 1853.0, 1853.0, 1853.0, 1853.0, 1853.0, 1853.0, 1853.0, 1853.0, 1853.0, 1853.0, 1853.0, 1853.0, 1853.0, 1853.0, 1853.0, 1853.0, 1853.0, 1853.0, 1853.0, 1853.0, 1853.0, 1853.0, 1853.0, 1853.0, 1853.0, 1853.0, 1853.0, 1853.0, 1853.0, 1853.0, 1853.0, 1853.0, 1853.0, 1853.0, 1853.0, 1853.0, 1853.0, 1853.0, 1853.0, 1853.0, 1853.0, 1853.0, 1853.0, 1853.0, 1853.0, 1853.0, 1853.0, 1853.0, 1853.0, 1853.0, 1853.0, 1853.0, 1853.0, 1853.0, 1853.0, 1853.0, 1853.0, 1853.0, 1853.0, 1853.0, 1853.0, 1853.0, 1853.0, 1853.0, 1853.0, 1853.0, 1853.0, 1853.0, 1853.0, 1853.0, 1853.0, 1853.0, 1853.0, 1853.0, 1853.0]",1,A-n80-k10.vrp,188,GSA,data/vrp/A-n80-k10.vrp
True,50 59 33 5 23 46 51 63 24 25 7 6 75 41 22 28 60 21 17 44 69 79 31 74 39 67 68 54 43 14 52 78 40 18 30 2 8 11 72 64 13 45 12 53 29 80 19 49 15 35 3 38 9 62 58 76 32 4 61 65 26 20 27 36 66 70 57 48 16 34 47 42 56 10 55 73 77 71 37,1931.0,1931.0,"[1, 1, 3, 3, 5, 6, 6, 6, 5, 5, 5, 5, 5, 5, 5, 6, 5, 5, 5, 4, 4, 4, 5, 5, 5, 5, 5, 4, 4, 4, 4, 4, 4, 4, 4, 5, 5, 4, 4, 4, 5, 5, 5, 5, 5, 5, 5, 5, 5, 5, 4, 4, 5, 5, 4, 4, 5, 5, 4, 4, 4, 5, 5, 5, 5, 5, 4, 4, 4, 4, 5, 4, 2, 3, 3, 4, 4, 4, 5, 5, 4, 4, 4, 4, 4, 4, 5, 5, 4, 4, 4, 4, 5, 5, 5, 5, 5, 6, 1, 4, 4, 5, 5, 5, 5, 6, 5, 5, 5, 6, 4, 4, 5, 5, 5, 6, 5, 5, 5, 5, 5, 5, 5, 5, 5, 5, 5, 5, 6, 6, 6, 5, 4, 4, 4, 4, 5, 4, 4, 4, 4, 4, 5, 4, 4, 5, 5, 5, 5, 5, 5, 5, 4, 4, 4, 4, 5, 5, 4, 3, 4, 4, 4, 4, 4, 4, 4, 4, 4, 3, 4, 4, 4, 3, 3, 4, 5, 4, 4, 4, 6, 4, 5, 5, 4, 5, 4, 4, 4, 4, 5, 5, 4, 5, 4, 5, 4, 4, 4, 4, 4, 5, 5, 5, 4, 5, 4, 4, 4, 4, 5, 5, 4, 4, 5, 5, 5, 5, 4, 4, 4, 4, 4, 5, 5, 5, 4, 5, 5, 4, 5, 5, 6, 4, 5, 5, 5, 4, 4, 5, 4, 4, 4, 5, 5, 5, 5, 4, 4, 6, 5, 5, 5, 5, 5, 5, 4, 4, 4, 4, 5, 5, 5, 5, 6, 5, 5, 5, 5, 4, 4, 5, 4, 4, 4, 4, 4, 4, 4, 5, 5, 4, 4, 4, 4, 4, 3, 3, 4, 4, 4, 3, 3, 3, 4, 4, 4, 4, 4, 4]",6,300,4.4567,,338.76148,"[2688.0, 2445.0, 2433.0, 2295.0, 2229.0, 2215.0, 2170.0, 2170.0, 2115.0, 2083.0, 2083.0, 2066.0, 2066.0, 2066.0, 2066.0, 2066.0, 2066.0, 2066.0, 2066.0, 2066.0, 2066.0, 2066.0, 2066.0, 2066.0, 2066.0, 2043.0, 2043.0, 2043.0, 2043.0, 2043.0, 2043.0, 2043.0, 2043.0, 2043.0, 2043.0, 2043.0, 2040.0, 2040.0, 2040.0, 2040.0, 2040.0, 2040.0, 2040.0, 2032.0, 2032.0, 2032.0, 2032.0, 2032.0, 2032.0, 2032.0, 2032.0, 2032.0, 2032.0, 2032.0, 2032.0, 2032.0, 2032.0, 2032.0, 2032.0, 2032.0, 2032.0, 2032.0, 2032.0, 2032.0, 2032.0, 2032.0, 2032.0, 2032.0, 2032.0, 2020.0, 2020.0, 2020.0, 2020.0, 2020.0, 2020.0, 2020.0, 2020.0, 2020.0, 2020.0, 2020.0, 2020.0, 2020.0, 2020.0, 2020.0, 2020.0, 2020.0, 2020.0, 2020.0, 2020.0, 2020.0, 2020.0, 2020.0, 2010.0, 2010.0, 2010.0, 2010.0, 2010.0, 2010.0, 2010.0, 2010.0, 2010.0, 2010.0, 2010.0, 2010.0, 2010.0, 2010.0, 2010.0, 2010.0, 2010.0, 2010.0, 2010.0, 2010.0, 2010.0, 2010.0, 2010.0, 2010.0, 2010.0, 2010.0, 2010.0, 2010.0, 2010.0, 2010.0, 1996.0, 1996.0, 1996.0, 1996.0, 1996.0, 1996.0, 1996.0, 1996.0, 1996.0, 1996.0, 1996.0, 1996.0, 1996.0, 1983.0, 1983.0, 1983.0, 1983.0, 1983.0, 1983.0, 1983.0, 1983.0, 1983.0, 1983.0, 1983.0, 1983.0, 1983.0, 1983.0, 1983.0, 1983.0, 1983.0, 1983.0, 1983.0, 1983.0, 1983.0, 1983.0, 1983.0, 1983.0, 1983.0, 1983.0, 1983.0, 1983.0, 1983.0, 1983.0, 1983.0, 1983.0, 1983.0, 1983.0, 1983.0, 1983.0, 1983.0, 1983.0, 1983.0, 1983.0, 1983.0, 1983.0, 1983.0, 1983.0, 1983.0, 1983.0, 1983.0, 1983.0, 1983.0, 1983.0, 1977.0, 1973.0, 1973.0, 1973.0, 1973.0, 1973.0, 1973.0, 1973.0, 1973.0, 1973.0, 1973.0, 1965.0, 1965.0, 1965.0, 1965.0, 1965.0, 1965.0, 1965.0, 1965.0, 1965.0, 1965.0, 1965.0, 1965.0, 1965.0, 1965.0, 1965.0, 1965.0, 1965.0, 1965.0, 1947.0, 1947.0, 1947.0, 1947.0, 1947.0, 1947.0, 1947.0, 1947.0, 1947.0, 1947.0, 1947.0, 1947.0, 1947.0, 1947.0, 1947.0, 1947.0, 1947.0, 1947.0, 1947.0, 1947.0, 1947.0, 1947.0, 1947.0, 1947.0, 1947.0, 1947.0, 1947.0, 1947.0, 1947.0, 1947.0, 1947.0, 1947.0, 1947.0, 1947.0, 1947.0, 1947.0, 1947.0, 1947.0, 1947.0, 1947.0, 1947.0, 1947.0, 1947.0, 1947.0, 1947.0, 1947.0, 1947.0, 1947.0, 1947.0, 1947.0, 1947.0, 1947.0, 1947.0, 1947.0, 1947.0, 1947.0, 1947.0, 1947.0, 1947.0, 1947.0, 1947.0, 1947.0, 1947.0, 1947.0, 1947.0, 1931.0, 1931.0, 1931.0, 1931.0, 1931.0, 1931.0, 1931.0, 1931.0, 1931.0, 1931.0, 1931.0, 1931.0, 1931.0, 1931.0, 1931.0, 1931.0, 1931.0, 1931.0, 1931.0, 1931.0, 1931.0]",2,A-n80-k10.vrp,280,GSA,data/vrp/A-n80-k10.vrp
True,60 76 27 36 66 70 56 10 55 51 63 64 29 35 25 7 38 3 80 53 72 11 22 41 8 12 24 6 45 14 43 52 78 47 26 42 34 73 77 71 37 39 59 33 5 23 46 40 61 32 18 30 2 75 28 21 17 44 69 9 19 49 15 13 31 79 62 58 20 48 57 16 65 50 74 68 67 54 4,1977.0,1977.0,"[1, 3, 3, 4, 4, 4, 5, 5, 5, 5, 5, 5, 5, 5, 5, 6, 5, 5, 5, 5, 5, 5, 5, 4, 4, 4, 4, 4, 5, 5, 5, 5, 5, 6, 6, 6, 7, 7, 3, 5, 5, 5, 6, 6, 5, 5, 5, 5, 5, 5, 5, 6, 6, 5, 5, 5, 5, 5, 5, 5, 5, 5, 5, 5, 5, 6, 6, 6, 5, 5, 5, 4, 5, 4, 5, 5, 5, 6, 4, 5, 4, 5, 5, 5, 5, 4, 5, 5, 5, 5, 5, 5, 5, 5, 6, 5, 5, 5, 5, 4, 4, 4, 5, 5, 4, 4, 5, 4, 4, 4, 5, 5, 4, 5, 5, 5, 6, 4, 4, 4, 4, 4, 4, 4, 4, 4, 5, 5, 4, 5, 3, 4, 4, 4, 5, 5, 6, 4, 4, 4, 3, 3, 4, 3, 4, 3, 3, 5, 4, 4, 3, 4, 4, 4, 4, 3, 4, 4, 4, 4, 5, 4, 4, 4, 4, 4, 5, 5, 4, 4, 5, 5, 4, 5, 4, 4, 4, 4, 4, 4, 4, 5, 5, 4, 4, 4, 5, 5, 5, 5, 5, 4, 5, 5, 4, 4, 4, 4, 4, 4, 5, 5, 5, 5, 5, 5, 5, 3, 6, 5, 4, 5, 4, 4, 5, 4, 4, 4, 4, 5, 6, 3, 3, 4, 5, 5, 5, 5, 6, 4, 5, 4, 5, 5, 5, 5, 5, 4, 4, 5, 6, 6, 5, 4, 4, 4, 4, 5, 5, 4, 4, 5, 5, 5, 5, 4, 4, 5, 5, 6, 4, 6, 5, 5, 5, 5, 3, 5, 5, 5, 5, 5, 5, 6, 6, 6, 5, 5, 6, 6, 5, 4, 4, 5, 5, 5, 5, 5, 5, 5, 5, 5, 5, 6, 6, 5, 5, 5, 5, 5]",7,300,4.67,,356.577709,"[2752.0, 2579.0, 2470.0, 2341.0, 2313.0, 2301.0, 2271.0, 2271.0, 2243.0, 2243.0, 2243.0, 2243.0, 2243.0, 2243.0, 2215.0, 2215.0, 2215.0, 2215.0, 2215.0, 2215.0, 2215.0, 2215.0, 2215.0, 2215.0, 2215.0, 2215.0, 2215.0, 2215.0, 2215.0, 2215.0, 2215.0, 2215.0, 2172.0, 2166.0, 2166.0, 2134.0, 2134.0, 2134.0, 2134.0, 2134.0, 2134.0, 2134.0, 2134.0, 2134.0, 2134.0, 2111.0, 2111.0, 2111.0, 2111.0, 2111.0, 2111.0, 2111.0, 2111.0, 2111.0, 2111.0, 2111.0, 2111.0, 2111.0, 2111.0, 2111.0, 2111.0, 2111.0, 2111.0, 2111.0, 2111.0, 2111.0, 2111.0, 2111.0, 2111.0, 2111.0, 2111.0, 2111.0, 2111.0, 2111.0, 2111.0, 2111.0, 2111.0, 2111.0, 2111.0, 2111.0, 2111.0, 2111.0, 2111.0, 2111.0, 2111.0, 2111.0, 2111.0, 2111.0, 2111.0, 2111.0, 2111.0, 2111.0, 2111.0, 2111.0, 2111.0, 2111.0, 2111.0, 2111.0, 2111.0, 2111.0, 2110.0, 2110.0, 2098.0, 2098.0, 2062.0, 2062.0, 2062.0, 2062.0, 2062.0, 2062.0, 2062.0, 2062.0, 2062.0, 2062.0, 2062.0, 2062.0, 2062.0, 2062.0, 2062.0, 2062.0, 2062.0, 2062.0, 2062.0, 2062.0, 2062.0, 2062.0, 2062.0, 2046.0, 2046.0, 2046.0, 2046.0, 2026.0, 2026.0, 2026.0, 2026.0, 2026.0, 2005.0, 2005.0, 2005.0, 2005.0, 2005.0, 2005.0, 1997.0, 1997.0, 1997.0, 1997.0, 1997.0, 1997.0, 1997.0, 1988.0, 1988.0, 1988.0, 1988.0, 1988.0, 1988.0, 1988.0, 1988.0, 1988.0, 1988.0, 1988.0, 1988.0, 1988.0, 1988.0, 1988.0, 1988.0, 1988.0, 1988.0, 1988.0, 1988.0, 1988.0, 1988.0, 1988.0, 1988.0, 1988.0, 1988.0, 1988.0, 1988.0, 1988.0, 1988.0, 1988.0, 1988.0, 1988.0, 1988.0, 1988.0, 1988.0, 1988.0, 1988.0, 1988.0, 1988.0, 1988.0, 1988.0, 1988.0, 1988.0, 1988.0, 1988.0, 1988.0, 1988.0, 1988.0, 1988.0, 1988.0, 1988.0, 1988.0, 1988.0, 1988.0, 1983.0, 1983.0, 1983.0, 1983.0, 1983.0, 1983.0, 1983.0, 1983.0, 1983.0, 1983.0, 1983.0, 1983.0, 1983.0, 1983.0, 1983.0, 1983.0, 1983.0, 1983.0, 1983.0, 1983.0, 1983.0, 1983.0, 1983.0, 1983.0, 1983.0, 1983.0, 1983.0, 1983.0, 1983.0, 1983.0, 1983.0, 1983.0, 1983.0, 1983.0, 1983.0, 1983.0, 1983.0, 1983.0, 1983.0, 1983.0, 1983.0, 1983.0, 1983.0, 1983.0, 1983.0, 1983.0, 1983.0, 1983.0, 1983.0, 1983.0, 1983.0, 1982.0, 1980.0, 1980.0, 1980.0, 1980.0, 1980.0, 1980.0, 1980.0, 1980.0, 1980.0, 1980.0, 1980.0, 1980.0, 1980.0, 1980.0, 1980.0, 1980.0, 1980.0, 1980.0, 1980.0, 1980.0, 1980.0, 1980.0, 1980.0, 1980.0, 1980.0, 1980.0, 1980.0, 1980.0, 1980.0, 1980.0, 1980.0, 1980.0, 1980.0, 1977.0, 1977.0, 1977.0, 1977.0, 1977.0, 1977.0, 1977.0, 1977.0, 1977.0, 1977.0, 1977.0]",3,A-n80-k10.vrp,290,GSA,data/vrp/A-n80-k10.vrp
True,14 78 65 34 16 56 57 70 66 36 27 20 21 30 2 64 35 3 38 25 40 18 28 60 6 45 13 8 29 49 19 15 11 43 52 32 76 58 44 17 69 9 24 41 22 72 53 80 12 63 75 26 42 47 61 4 7 31 79 62 48 10 55 71 37 54 73 23 46 51 77 67 50 39 59 33 5 68 74,2008.0,2008.0,"[1, 1, 4, 5, 6, 6, 6, 6, 6, 5, 6, 6, 6, 6, 6, 6, 6, 6, 6, 6, 5, 6, 6, 6, 6, 6, 6, 6, 6, 6, 6, 6, 6, 6, 4, 4, 4, 4, 4, 5, 6, 5, 5, 6, 6, 6, 6, 6, 5, 5, 5, 5, 5, 6, 6, 6, 5, 5, 5, 5, 5, 5, 6, 6, 5, 6, 6, 6, 5, 5, 5, 5, 5, 5, 5, 5, 5, 5, 5, 5, 5, 5, 5, 6, 5, 4, 4, 4, 4, 4, 4, 5, 5, 6, 6, 6, 6, 6, 6, 5, 5, 5, 4, 4, 4, 4, 4, 4, 4, 5, 5, 5, 5, 5, 5, 5, 5, 6, 5, 5, 5, 5, 5, 5, 5, 5, 6, 5, 5, 6, 6, 5, 4, 5, 5, 5, 5, 5, 4, 4, 4, 4, 4, 4, 4, 5, 5, 4, 4, 5, 5, 4, 4, 4, 4, 4, 4, 4, 4, 5, 5, 4, 4, 4, 4, 5, 4, 4, 4, 4, 4, 5, 5, 5, 5, 6, 5, 5, 5, 5, 5, 6, 4, 4, 4, 4, 4, 4, 5, 5, 5, 4, 4, 4, 5, 5, 5, 6, 6, 4, 5, 5, 6, 4, 4, 4, 4, 5, 5, 6, 4, 5, 5, 5, 6, 5, 5, 5, 5, 5, 5, 4, 5, 5, 4, 4, 4, 4, 4, 5, 5, 5, 4, 4, 5, 4, 4, 3, 4, 4, 4, 5, 5, 4, 4, 4, 4, 4, 4, 4, 5, 5, 5, 5, 5, 4, 4, 5, 5, 5, 4, 4, 6, 7, 5, 5, 5, 5, 5, 5, 5, 5, 5, 4, 4, 5, 6, 4, 4, 5, 5, 5, 5, 6, 6, 4, 4, 4, 4, 4, 3, 5, 4, 5, 4, 4, 5, 6, 5, 5]",7,300,4.86,,343.560623,"[2810.0, 2591.0, 2507.0, 2425.0, 2349.0, 2312.0, 2236.0, 2236.0, 2236.0, 2236.0, 2236.0, 2236.0, 2236.0, 2236.0, 2219.0, 2219.0, 2219.0, 2219.0, 2219.0, 2219.0, 2219.0, 2167.0, 2119.0, 2119.0, 2119.0, 2119.0, 2119.0, 2119.0, 2119.0, 2119.0, 2119.0, 2119.0, 2119.0, 2119.0, 2119.0, 2119.0, 2119.0, 2119.0, 2106.0, 2106.0, 2106.0, 2106.0, 2106.0, 2106.0, 2106.0, 2106.0, 2106.0, 2106.0, 2106.0, 2106.0, 2106.0, 2106.0, 2090.0, 2090.0, 2090.0, 2090.0, 2090.0, 2090.0, 2090.0, 2090.0, 2090.0, 2090.0, 2090.0, 2090.0, 2090.0, 2090.0, 2090.0, 2090.0, 2090.0, 2090.0, 2090.0, 2090.0, 2090.0, 2090.0, 2090.0, 2078.0, 2078.0, 2077.0, 2077.0, 2077.0, 2077.0, 2077.0, 2077.0, 2077.0, 2077.0, 2077.0, 2071.0, 2071.0, 2071.0, 2071.0, 2071.0, 2071.0, 2068.0, 2068.0, 2068.0, 2068.0, 2068.0, 2068.0, 2068.0, 2068.0, 2068.0, 2059.0, 2059.0, 2059.0, 2059.0, 2059.0, 2059.0, 2059.0, 2059.0, 2059.0, 2059.0, 2059.0, 2059.0, 2059.0, 2059.0, 2059.0, 2059.0, 2059.0, 2059.0, 2059.0, 2059.0, 2059.0, 2053.0, 2052.0, 2052.0, 2052.0, 2052.0, 2052.0, 2052.0, 2052.0, 2052.0, 2052.0, 2052.0, 2052.0, 2052.0, 2052.0, 2052.0, 2052.0, 2052.0, 2037.0, 2037.0, 2037.0, 2037.0, 2037.0, 2037.0, 2037.0, 2037.0, 2037.0, 2037.0, 2037.0, 2037.0, 2037.0, 2037.0, 2037.0, 2037.0, 2037.0, 2037.0, 2037.0, 2037.0, 2037.0, 2037.0, 2037.0, 2037.0, 2037.0, 2037.0, 2036.0, 2036.0, 2036.0, 2036.0, 2036.0, 2036.0, 2036.0, 2036.0, 2036.0, 2036.0, 2036.0, 2036.0, 2036.0, 2036.0, 2036.0, 2036.0, 2036.0, 2036.0, 2036.0, 2036.0, 2036.0, 2036.0, 2036.0, 2036.0, 2036.0, 2036.0, 2036.0, 2036.0, 2036.0, 2036.0, 2036.0, 2036.0, 2036.0, 2036.0, 2036.0, 2036.0, 2036.0, 2036.0, 2035.0, 2035.0, 2035.0, 2035.0, 2035.0, 2035.0, 2035.0, 2035.0, 2035.0, 2035.0, 2035.0, 2026.0, 2026.0, 2026.0, 2026.0, 2026.0, 2026.0, 2026.0, 2026.0, 2026.0, 2026.0, 2026.0, 2026.0, 2026.0, 2024.0, 2023.0, 2018.0, 2018.0, 2018.0, 2018.0, 2018.0, 2018.0, 2018.0, 2018.0, 2018.0, 2018.0, 2018.0, 2018.0, 2018.0, 2018.0, 2018.0, 2018.0, 2018.0, 2018.0, 2018.0, 2018.0, 2018.0, 2018.0, 2018.0, 2018.0, 2018.0, 2018.0, 2018.0, 2016.0, 2016.0, 2016.0, 2016.0, 2016.0, 2016.0, 2016.0, 2016.0, 2016.0, 2016.0, 2016.0, 2016.0, 2016.0, 2016.0, 2016.0, 2016.0, 2016.0, 2016.0, 2016.0, 2016.0, 2016.0, 2016.0, 2016.0, 2016.0, 2013.0, 2011.0, 2011.0, 2011.0, 2011.0, 2011.0, 2011.0, 2011.0, 2011.0, 2011.0, 2011.0, 2011.0, 2011.0, 2011.0, 2008.0, 2008.0, 2008.0, 2008.0, 2008.0, 2008.0]",4,A-n80-k10.vrp,295,GSA,data/vrp/A-n80-k10.vrp
True,43 71 73 55 10 56 16 42 47 78 52 28 60 21 76 62 17 44 27 36 66 70 34 30 32 65 59 39 68 67 37 50 74 33 5 23 46 51 77 2 64 8 41 7 9 38 3 35 25 63 14 4 40 61 45 13 22 72 12 24 18 75 11 15 49 19 80 29 53 6 31 79 69 58 20 48 57 26 54,1981.0,1981.0,"[1, 4, 4, 5, 6, 6, 5, 5, 5, 6, 6, 6, 7, 6, 7, 8, 6, 6, 5, 5, 6, 6, 6, 6, 6, 6, 6, 6, 6, 6, 6, 6, 5, 5, 6, 5, 5, 6, 5, 5, 6, 5, 6, 5, 5, 5, 5, 5, 5, 5, 5, 5, 5, 5, 5, 6, 6, 4, 5, 5, 6, 5, 5, 4, 4, 6, 5, 5, 5, 5, 5, 5, 5, 5, 5, 5, 5, 5, 5, 5, 5, 5, 5, 5, 5, 5, 6, 5, 5, 5, 5, 5, 5, 5, 5, 5, 6, 5, 4, 4, 5, 4, 4, 4, 4, 4, 4, 5, 5, 5, 6, 5, 5, 5, 5, 5, 5, 4, 5, 5, 4, 5, 5, 5, 4, 3, 4, 4, 4, 5, 5, 4, 4, 4, 5, 3, 5, 5, 4, 5, 4, 4, 4, 4, 4, 4, 4, 4, 5, 4, 4, 3, 4, 4, 4, 5, 5, 5, 5, 5, 5, 4, 4, 4, 4, 5, 5, 5, 5, 6, 5, 3, 5, 5, 5, 5, 4, 4, 4, 5, 5, 4, 5, 4, 4, 4, 5, 5, 5, 5, 5, 5, 5, 5, 5, 5, 5, 5, 5, 4, 5, 5, 5, 5, 5, 5, 5, 5, 4, 4, 5, 4, 4, 4, 4, 5, 4, 5, 5, 5, 5, 5, 5, 4, 5, 4, 4, 5, 4, 5, 4, 4, 4, 4, 4, 5, 4, 4, 5, 5, 5, 5, 5, 4, 4, 4, 5, 5, 5, 5, 4, 4, 4, 4, 3, 4, 5, 4, 4, 4, 4, 4, 4, 4, 4, 5, 3, 4, 4, 4, 4, 5, 4, 4, 4, 4, 4, 5, 3, 3, 3, 4, 4, 5, 5, 5, 4, 5, 4, 5, 5, 4, 4, 4, 3, 4, 5, 4, 4, 4]",8,300,4.71,,350.694264,"[2700.0, 2600.0, 2516.0, 2401.0, 2339.0, 2296.0, 2295.0, 2291.0, 2291.0, 2291.0, 2291.0, 2177.0, 2145.0, 2143.0, 2143.0, 2143.0, 2143.0, 2143.0, 2143.0, 2143.0, 2143.0, 2143.0, 2143.0, 2143.0, 2143.0, 2143.0, 2143.0, 2143.0, 2143.0, 2143.0, 2143.0, 2143.0, 2137.0, 2137.0, 2137.0, 2137.0, 2137.0, 2135.0, 2135.0, 2128.0, 2128.0, 2128.0, 2128.0, 2118.0, 2118.0, 2118.0, 2082.0, 2082.0, 2082.0, 2082.0, 2082.0, 2082.0, 2082.0, 2082.0, 2059.0, 2059.0, 2059.0, 2059.0, 2059.0, 2058.0, 2057.0, 2057.0, 2030.0, 2030.0, 2030.0, 2030.0, 2030.0, 2030.0, 2030.0, 2030.0, 2030.0, 2030.0, 2030.0, 2030.0, 2030.0, 2030.0, 2022.0, 2022.0, 2022.0, 2022.0, 2022.0, 2022.0, 2022.0, 2022.0, 2022.0, 2022.0, 2022.0, 2022.0, 2022.0, 2022.0, 2022.0, 2022.0, 2022.0, 2022.0, 2006.0, 1999.0, 1991.0, 1991.0, 1991.0, 1991.0, 1991.0, 1991.0, 1991.0, 1991.0, 1991.0, 1986.0, 1986.0, 1986.0, 1986.0, 1986.0, 1986.0, 1986.0, 1986.0, 1986.0, 1986.0, 1986.0, 1986.0, 1986.0, 1986.0, 1986.0, 1986.0, 1986.0, 1986.0, 1986.0, 1986.0, 1986.0, 1986.0, 1986.0, 1986.0, 1986.0, 1986.0, 1986.0, 1986.0, 1986.0, 1986.0, 1986.0, 1986.0, 1986.0, 1986.0, 1986.0, 1986.0, 1986.0, 1986.0, 1986.0, 1986.0, 1986.0, 1986.0, 1986.0, 1986.0, 1986.0, 1986.0, 1986.0, 1986.0, 1986.0, 1986.0, 1986.0, 1986.0, 1986.0, 1986.0, 1986.0, 1986.0, 1986.0, 1986.0, 1986.0, 1986.0, 1986.0, 1986.0, 1986.0, 1986.0, 1986.0, 1986.0, 1986.0, 1986.0, 1986.0, 1986.0, 1986.0, 1986.0, 1986.0, 1986.0, 1986.0, 1986.0, 1986.0, 1986.0, 1986.0, 1986.0, 1986.0, 1986.0, 1986.0, 1986.0, 1986.0, 1986.0, 1986.0, 1986.0, 1986.0, 1986.0, 1986.0, 1986.0, 1986.0, 1986.0, 1986.0, 1986.0, 1986.0, 1986.0, 1986.0, 1986.0, 1986.0, 1986.0, 1986.0, 1986.0, 1986.0, 1986.0, 1986.0, 1986.0, 1986.0, 1986.0, 1986.0, 1986.0, 1986.0, 1986.0, 1986.0, 1986.0, 1986.0, 1986.0, 1986.0, 1986.0, 1986.0, 1986.0, 1986.0, 1986.0, 1986.0, 1986.0, 1986.0, 1986.0, 1986.0, 1986.0, 1981.0, 1981.0, 1981.0, 1981.0, 1981.0, 1981.0, 1981.0, 1981.0, 1981.0, 1981.0, 1981.0, 1981.0, 1981.0, 1981.0, 1981.0, 1981.0, 1981.0, 1981.0, 1981.0, 1981.0, 1981.0, 1981.0, 1981.0, 1981.0, 1981.0, 1981.0, 1981.0, 1981.0, 1981.0, 1981.0, 1981.0, 1981.0, 1981.0, 1981.0, 1981.0, 1981.0, 1981.0, 1981.0, 1981.0, 1981.0, 1981.0, 1981.0, 1981.0, 1981.0, 1981.0, 1981.0, 1981.0, 1981.0, 1981.0, 1981.0, 1981.0, 1981.0, 1981.0, 1981.0, 1981.0, 1981.0, 1981.0, 1981.0, 1981.0, 1981.0, 1981.0, 1981.0, 1981.0, 1981.0, 1981.0]",5,A-n80-k10.vrp,236,GSA,data/vrp/A-n80-k10.vrp
True,24 7 79 69 44 17 62 28 6 60 58 76 21 18 61 50 74 39 59 51 54 37 2 11 15 49 19 53 64 4 47 26 42 48 57 70 66 36 27 20 32 41 22 72 29 80 35 12 25 3 38 9 31 30 75 43 52 78 40 65 34 16 56 10 55 73 33 5 23 46 77 71 67 68 8 63 13 45 14,1946.0,1946.0,"[1, 1, 3, 4, 5, 5, 6, 6, 6, 6, 6, 6, 6, 7, 6, 6, 6, 7, 6, 7, 6, 5, 6, 6, 6, 6, 6, 6, 6, 6, 6, 6, 5, 5, 5, 5, 5, 5, 5, 5, 5, 6, 6, 6, 6, 6, 6, 4, 4, 4, 5, 4, 4, 4, 5, 5, 5, 5, 5, 5, 5, 5, 5, 6, 5, 5, 5, 5, 5, 5, 5, 6, 4, 4, 5, 4, 4, 4, 5, 4, 4, 4, 5, 5, 4, 5, 3, 4, 4, 5, 5, 5, 5, 5, 5, 3, 5, 4, 5, 4, 5, 3, 4, 5, 4, 5, 4, 5, 5, 5, 5, 5, 5, 5, 5, 6, 4, 3, 5, 4, 4, 4, 4, 4, 4, 4, 4, 5, 5, 3, 5, 5, 5, 5, 3, 4, 4, 4, 3, 5, 5, 4, 5, 4, 4, 5, 6, 4, 5, 6, 3, 4, 4, 4, 6, 3, 4, 4, 4, 5, 2, 4, 4, 4, 3, 4, 3, 3, 3, 3, 4, 4, 5, 4, 4, 5, 5, 5, 5, 5, 5, 5, 5, 5, 3, 4, 5, 3, 5, 5, 5, 5, 5, 4, 4, 5, 4, 4, 4, 4, 5, 4, 5, 5, 5, 5, 5, 5, 5, 5, 5, 4, 4, 4, 5, 5, 5, 4, 4, 4, 4, 4, 3, 5, 4, 4, 5, 5, 5, 5, 6, 5, 5, 5, 4, 4, 4, 5, 5, 6, 5, 5, 5, 5, 4, 4, 4, 4, 4, 6, 3, 4, 4, 5, 4, 4, 4, 4, 3, 3, 3, 4, 5, 5, 4, 5, 4, 4, 4, 4, 5, 5, 5, 5, 6, 5, 5, 4, 4, 5, 5, 6, 5, 6, 5, 4, 4, 5, 5, 5, 5, 4, 5, 5, 5, 5, 5, 5, 4, 4]",7,300,4.6433,,320.735077,"[2753.0, 2604.0, 2455.0, 2455.0, 2400.0, 2345.0, 2345.0, 2345.0, 2345.0, 2341.0, 2319.0, 2308.0, 2308.0, 2308.0, 2308.0, 2308.0, 2267.0, 2223.0, 2138.0, 2138.0, 2138.0, 2138.0, 2138.0, 2138.0, 2138.0, 2138.0, 2138.0, 2138.0, 2138.0, 2138.0, 2138.0, 2138.0, 2138.0, 2138.0, 2138.0, 2138.0, 2130.0, 2130.0, 2130.0, 2130.0, 2130.0, 2130.0, 2130.0, 2130.0, 2125.0, 2125.0, 2125.0, 2125.0, 2125.0, 2125.0, 2125.0, 2073.0, 2067.0, 2067.0, 2067.0, 2067.0, 2067.0, 2067.0, 2067.0, 2067.0, 2066.0, 2066.0, 2066.0, 2066.0, 2066.0, 2066.0, 2066.0, 2066.0, 2066.0, 2066.0, 2066.0, 2066.0, 2066.0, 2066.0, 2066.0, 2043.0, 2043.0, 2031.0, 2031.0, 2012.0, 2004.0, 2004.0, 2004.0, 2004.0, 2004.0, 2004.0, 2004.0, 2004.0, 2004.0, 2004.0, 2004.0, 2004.0, 2004.0, 2004.0, 2004.0, 2004.0, 2004.0, 2004.0, 2004.0, 2004.0, 2004.0, 2004.0, 2004.0, 2004.0, 2004.0, 2004.0, 2004.0, 2004.0, 2004.0, 2004.0, 2004.0, 2004.0, 2004.0, 2004.0, 2004.0, 2002.0, 2002.0, 2002.0, 2002.0, 2002.0, 2002.0, 1987.0, 1987.0, 1987.0, 1987.0, 1987.0, 1987.0, 1987.0, 1987.0, 1987.0, 1987.0, 1987.0, 1987.0, 1987.0, 1987.0, 1987.0, 1987.0, 1987.0, 1987.0, 1987.0, 1987.0, 1987.0, 1987.0, 1987.0, 1987.0, 1987.0, 1987.0, 1987.0, 1987.0, 1987.0, 1987.0, 1987.0, 1987.0, 1987.0, 1987.0, 1987.0, 1987.0, 1987.0, 1987.0, 1987.0, 1987.0, 1987.0, 1987.0, 1987.0, 1987.0, 1987.0, 1987.0, 1987.0, 1987.0, 1987.0, 1987.0, 1987.0, 1987.0, 1981.0, 1981.0, 1981.0, 1981.0, 1981.0, 1981.0, 1981.0, 1981.0, 1981.0, 1981.0, 1980.0, 1969.0, 1969.0, 1946.0, 1946.0, 1946.0, 1946.0, 1946.0, 1946.0, 1946.0, 1946.0, 1946.0, 1946.0, 1946.0, 1946.0, 1946.0, 1946.0, 1946.0, 1946.0, 1946.0, 1946.0, 1946.0, 1946.0, 1946.0, 1946.0, 1946.0, 1946.0, 1946.0, 1946.0, 1946.0, 1946.0, 1946.0, 1946.0, 1946.0, 1946.0, 1946.0, 1946.0, 1946.0, 1946.0, 1946.0, 1946.0, 1946.0, 1946.0, 1946.0, 1946.0, 1946.0, 1946.0, 1946.0, 1946.0, 1946.0, 1946.0, 1946.0, 1946.0, 1946.0, 1946.0, 1946.0, 1946.0, 1946.0, 1946.0, 1946.0, 1946.0, 1946.0, 1946.0, 1946.0, 1946.0, 1946.0, 1946.0, 1946.0, 1946.0, 1946.0, 1946.0, 1946.0, 1946.0, 1946.0, 1946.0, 1946.0, 1946.0, 1946.0, 1946.0, 1946.0, 1946.0, 1946.0, 1946.0, 1946.0, 1946.0, 1946.0, 1946.0, 1946.0, 1946.0, 1946.0, 1946.0, 1946.0, 1946.0, 1946.0, 1946.0, 1946.0, 1946.0, 1946.0, 1946.0, 1946.0, 1946.0, 1946.0, 1946.0, 1946.0, 1946.0, 1946.0, 1946.0, 1946.0, 1946.0, 1946.0, 1946.0, 1946.0, 1946.0, 1946.0, 1946.0, 1946.0, 1946.0]",6,A-n80-k10.vrp,187,GSA,data/vrp/A-n80-k10.vrp
True,79 69 62 27 36 66 70 57 48 20 76 21 12 35 38 3 29 72 11 18 32 34 16 56 10 55 73 51 59 50 39 33 5 23 46 77 22 53 80 25 7 31 24 67 68 71 58 17 44 9 19 49 15 13 45 6 60 28 30 75 14 64 63 4 78 54 74 37 65 42 26 47 61 40 52 43 2 8 41,1970.0,1970.0,"[1, 3, 4, 4, 5, 5, 5, 5, 5, 5, 5, 6, 6, 5, 5, 5, 5, 5, 5, 6, 5, 6, 5, 5, 4, 5, 4, 4, 4, 4, 4, 4, 5, 5, 5, 6, 6, 6, 6, 5, 3, 3, 4, 5, 5, 4, 5, 5, 4, 5, 4, 5, 4, 4, 4, 4, 3, 4, 5, 4, 4, 4, 4, 5, 5, 5, 5, 4, 4, 4, 4, 4, 5, 5, 5, 4, 4, 4, 5, 5, 4, 4, 5, 5, 5, 5, 5, 5, 5, 4, 4, 4, 4, 4, 4, 4, 5, 4, 5, 6, 5, 4, 5, 3, 4, 4, 4, 4, 4, 3, 4, 3, 3, 4, 5, 5, 5, 5, 5, 5, 5, 4, 5, 5, 5, 5, 4, 5, 5, 5, 5, 5, 4, 4, 5, 5, 5, 4, 5, 4, 4, 4, 4, 4, 4, 4, 4, 5, 5, 5, 5, 5, 5, 5, 5, 5, 5, 5, 5, 4, 4, 4, 4, 4, 5, 5, 5, 5, 5, 6, 6, 5, 4, 5, 4, 4, 4, 4, 5, 4, 5, 5, 5, 5, 4, 5, 5, 5, 4, 5, 5, 6, 6, 6, 6, 5, 5, 6, 4, 5, 5, 5, 5, 5, 6, 5, 4, 4, 4, 4, 6, 5, 5, 6, 5, 6, 4, 5, 5, 5, 6, 6, 6, 5, 4, 4, 5, 6, 6, 5, 5, 5, 5, 5, 5, 5, 5, 6, 5, 5, 5, 5, 6, 6, 5, 5, 5, 5, 5, 5, 5, 5, 6, 6, 5, 5, 5, 6, 6, 5, 5, 5, 5, 5, 5, 5, 6, 5, 5, 5, 6, 5, 5, 4, 5, 6, 5, 5, 5, 5, 5, 5, 5, 5, 4, 5, 4, 5, 5, 5, 5, 4, 3, 4, 3, 5, 5, 4, 3, 3]",6,300,4.73,,350.690225,"[2687.0, 2567.0, 2483.0, 2338.0, 2240.0, 2185.0, 2139.0, 2118.0, 2108.0, 2108.0, 2108.0, 2108.0, 2108.0, 2108.0, 2108.0, 2108.0, 2108.0, 2108.0, 2108.0, 2108.0, 2108.0, 2108.0, 2108.0, 2108.0, 2108.0, 2108.0, 2104.0, 2067.0, 2067.0, 2067.0, 2067.0, 2067.0, 2067.0, 2067.0, 2067.0, 2067.0, 2067.0, 2067.0, 2056.0, 2056.0, 2054.0, 2054.0, 2054.0, 2029.0, 1989.0, 1989.0, 1989.0, 1989.0, 1989.0, 1989.0, 1989.0, 1989.0, 1989.0, 1989.0, 1989.0, 1989.0, 1989.0, 1989.0, 1989.0, 1989.0, 1989.0, 1989.0, 1989.0, 1989.0, 1989.0, 1989.0, 1989.0, 1989.0, 1989.0, 1989.0, 1989.0, 1989.0, 1989.0, 1989.0, 1989.0, 1989.0, 1989.0, 1989.0, 1989.0, 1989.0, 1989.0, 1989.0, 1989.0, 1989.0, 1989.0, 1989.0, 1989.0, 1989.0, 1989.0, 1989.0, 1989.0, 1989.0, 1989.0, 1989.0, 1989.0, 1989.0, 1989.0, 1989.0, 1989.0, 1989.0, 1989.0, 1989.0, 1989.0, 1989.0, 1989.0, 1989.0, 1989.0, 1989.0, 1989.0, 1989.0, 1989.0, 1989.0, 1989.0, 1989.0, 1989.0, 1989.0, 1989.0, 1989.0, 1989.0, 1989.0, 1989.0, 1989.0, 1989.0, 1989.0, 1989.0, 1989.0, 1989.0, 1989.0, 1989.0, 1989.0, 1970.0, 1970.0, 1970.0, 1970.0, 1970.0, 1970.0, 1970.0, 1970.0, 1970.0, 1970.0, 1970.0, 1970.0, 1970.0, 1970.0, 1970.0, 1970.0, 1970.0, 1970.0, 1970.0, 1970.0, 1970.0, 1970.0, 1970.0, 1970.0, 1970.0, 1970.0, 1970.0, 1970.0, 1970.0, 1970.0, 1970.0, 1970.0, 1970.0, 1970.0, 1970.0, 1970.0, 1970.0, 1970.0, 1970.0, 1970.0, 1970.0, 1970.0, 1970.0, 1970.0, 1970.0, 1970.0, 1970.0, 1970.0, 1970.0, 1970.0, 1970.0, 1970.0, 1970.0, 1970.0, 1970.0, 1970.0, 1970.0, 1970.0, 1970.0, 1970.0, 1970.0, 1970.0, 1970.0, 1970.0, 1970.0, 1970.0, 1970.0, 1970.0, 1970.0, 1970.0, 1970.0, 1970.0, 1970.0, 1970.0, 1970.0, 1970.0, 1970.0, 1970.0, 1970.0, 1970.0, 1970.0, 1970.0, 1970.0, 1970.0, 1970.0, 1970.0, 1970.0, 1970.0, 1970.0, 1970.0, 1970.0, 1970.0, 1970.0, 1970.0, 1970.0, 1970.0, 1970.0, 1970.0, 1970.0, 1970.0, 1970.0, 1970.0, 1970.0, 1970.0, 1970.0, 1970.0, 1970.0, 1970.0, 1970.0, 1970.0, 1970.0, 1970.0, 1970.0, 1970.0, 1970.0, 1970.0, 1970.0, 1970.0, 1970.0, 1970.0, 1970.0, 1970.0, 1970.0, 1970.0, 1970.0, 1970.0, 1970.0, 1970.0, 1970.0, 1970.0, 1970.0, 1970.0, 1970.0, 1970.0, 1970.0, 1970.0, 1970.0, 1970.0, 1970.0, 1970.0, 1970.0, 1970.0, 1970.0, 1970.0, 1970.0, 1970.0, 1970.0, 1970.0, 1970.0, 1970.0, 1970.0, 1970.0, 1970.0, 1970.0, 1970.0, 1970.0, 1970.0, 1970.0, 1970.0, 1970.0, 1970.0, 1970.0, 1970.0, 1970.0, 1970.0, 1970.0, 1970.0, 1970.0, 1970.0, 1970.0]",7,A-n80-k10.vrp,131,GSA,data/vrp/A-n80-k10.vrp
True,47 26 42 16 10 55 73 77 71 67 68 50 39 59 33 5 23 51 72 80 35 3 38 9 31 6 69 44 17 21 20 27 36 66 70 48 57 56 34 46 65 60 28 18 75 2 8 13 45 24 41 22 11 15 19 49 29 53 25 7 79 62 58 76 32 14 43 52 4 78 54 37 74 40 61 30 12 64 63,1984.0,1984.0,"[1, 1, 1, 4, 4, 4, 4, 5, 5, 5, 5, 5, 5, 6, 6, 6, 6, 7, 6, 6, 6, 7, 6, 6, 6, 6, 6, 6, 6, 4, 5, 5, 5, 5, 5, 5, 5, 5, 5, 5, 5, 5, 5, 5, 5, 5, 5, 5, 6, 6, 7, 7, 6, 6, 4, 5, 6, 6, 6, 6, 5, 5, 6, 5, 5, 5, 5, 5, 6, 6, 6, 4, 4, 4, 4, 4, 4, 4, 5, 5, 5, 5, 5, 5, 6, 5, 5, 5, 5, 5, 4, 4, 4, 4, 5, 6, 5, 6, 5, 4, 4, 5, 5, 5, 5, 5, 4, 4, 5, 5, 6, 6, 6, 5, 6, 5, 4, 4, 4, 4, 4, 4, 3, 5, 4, 4, 4, 3, 3, 4, 3, 3, 4, 3, 4, 4, 4, 5, 4, 5, 4, 4, 4, 4, 4, 5, 3, 5, 5, 4, 4, 4, 4, 4, 5, 5, 5, 4, 4, 4, 4, 4, 4, 4, 4, 4, 4, 4, 4, 5, 5, 5, 5, 5, 5, 4, 4, 4, 4, 6, 6, 6, 6, 4, 4, 4, 4, 4, 4, 5, 5, 5, 5, 3, 4, 4, 4, 4, 4, 5, 5, 5, 4, 5, 5, 6, 5, 5, 5, 6, 6, 5, 5, 5, 6, 4, 5, 5, 5, 5, 5, 6, 5, 4, 4, 5, 5, 5, 5, 5, 4, 5, 4, 4, 5, 5, 5, 5, 5, 5, 5, 5, 5, 4, 4, 4, 5, 5, 4, 4, 3, 5, 4, 4, 4, 4, 4, 4, 5, 5, 4, 4, 5, 5, 3, 5, 5, 4, 4, 4, 4, 4, 4, 4, 3, 3, 3, 4, 4, 4, 4, 4, 5, 4, 4, 4, 4, 6, 4, 4, 4, 5, 5, 5, 6, 5, 5, 5, 6, 5]",7,300,4.6767,,360.993981,"[2681.0, 2552.0, 2462.0, 2371.0, 2320.0, 2272.0, 2224.0, 2224.0, 2224.0, 2224.0, 2224.0, 2224.0, 2224.0, 2224.0, 2224.0, 2224.0, 2224.0, 2224.0, 2224.0, 2224.0, 2224.0, 2167.0, 2167.0, 2167.0, 2167.0, 2167.0, 2167.0, 2167.0, 2137.0, 2137.0, 2137.0, 2094.0, 2094.0, 2057.0, 2057.0, 2057.0, 2057.0, 2057.0, 2057.0, 2057.0, 2057.0, 2057.0, 2057.0, 2057.0, 2057.0, 2057.0, 2057.0, 2057.0, 2057.0, 2057.0, 2057.0, 2057.0, 2057.0, 2057.0, 2057.0, 2057.0, 2057.0, 2057.0, 2057.0, 2057.0, 2057.0, 2057.0, 2057.0, 2057.0, 2057.0, 2057.0, 2057.0, 2057.0, 2057.0, 2057.0, 2057.0, 2050.0, 2031.0, 2015.0, 2015.0, 2015.0, 2015.0, 2015.0, 2015.0, 2015.0, 2015.0, 2015.0, 2015.0, 2015.0, 2007.0, 2007.0, 2007.0, 2007.0, 2007.0, 2007.0, 2007.0, 2007.0, 2007.0, 2007.0, 2007.0, 2007.0, 2007.0, 2007.0, 2007.0, 2007.0, 2007.0, 2007.0, 2007.0, 2007.0, 2007.0, 2007.0, 2007.0, 2007.0, 2007.0, 2007.0, 2007.0, 2007.0, 2007.0, 2007.0, 2007.0, 2007.0, 2007.0, 2007.0, 2007.0, 1990.0, 1990.0, 1990.0, 1990.0, 1990.0, 1990.0, 1990.0, 1990.0, 1990.0, 1990.0, 1990.0, 1990.0, 1990.0, 1990.0, 1990.0, 1990.0, 1990.0, 1990.0, 1990.0, 1990.0, 1990.0, 1990.0, 1990.0, 1990.0, 1990.0, 1990.0, 1990.0, 1990.0, 1990.0, 1990.0, 1990.0, 1990.0, 1990.0, 1990.0, 1990.0, 1990.0, 1990.0, 1990.0, 1990.0, 1990.0, 1990.0, 1990.0, 1990.0, 1990.0, 1990.0, 1990.0, 1990.0, 1990.0, 1990.0, 1990.0, 1990.0, 1990.0, 1990.0, 1990.0, 1990.0, 1990.0, 1990.0, 1990.0, 1990.0, 1990.0, 1990.0, 1990.0, 1990.0, 1990.0, 1990.0, 1990.0, 1990.0, 1990.0, 1990.0, 1990.0, 1990.0, 1990.0, 1990.0, 1990.0, 1990.0, 1990.0, 1990.0, 1990.0, 1990.0, 1990.0, 1990.0, 1990.0, 1990.0, 1990.0, 1990.0, 1990.0, 1990.0, 1990.0, 1990.0, 1990.0, 1990.0, 1990.0, 1990.0, 1990.0, 1990.0, 1990.0, 1990.0, 1990.0, 1990.0, 1990.0, 1990.0, 1990.0, 1990.0, 1990.0, 1990.0, 1990.0, 1990.0, 1990.0, 1990.0, 1990.0, 1990.0, 1990.0, 1990.0, 1990.0, 1990.0, 1990.0, 1990.0, 1990.0, 1990.0, 1990.0, 1990.0, 1990.0, 1990.0, 1990.0, 1990.0, 1990.0, 1989.0, 1989.0, 1989.0, 1989.0, 1989.0, 1989.0, 1989.0, 1989.0, 1984.0, 1984.0, 1984.0, 1984.0, 1984.0, 1984.0, 1984.0, 1984.0, 1984.0, 1984.0, 1984.0, 1984.0, 1984.0, 1984.0, 1984.0, 1984.0, 1984.0, 1984.0, 1984.0, 1984.0, 1984.0, 1984.0, 1984.0, 1984.0, 1984.0, 1984.0, 1984.0, 1984.0, 1984.0, 1984.0, 1984.0, 1984.0, 1984.0, 1984.0, 1984.0, 1984.0, 1984.0, 1984.0, 1984.0, 1984.0, 1984.0, 1984.0, 1984.0, 1984.0, 1984.0, 1984.0, 1984.0]",8,A-n80-k10.vrp,254,GSA,data/vrp/A-n80-k10.vrp
True,68 77 73 23 55 10 16 42 47 22 11 72 15 80 53 12 24 61 26 21 76 58 62 79 54 65 34 56 57 70 66 36 27 48 20 32 18 41 8 64 63 14 2 35 38 9 44 17 69 6 45 13 75 40 28 60 7 25 29 49 19 3 31 30 43 52 4 78 37 74 50 39 59 33 5 46 51 71 67,1972.0,1972.0,"[1, 4, 3, 4, 4, 4, 4, 5, 5, 5, 5, 5, 5, 5, 5, 6, 6, 6, 6, 6, 7, 5, 5, 5, 5, 5, 6, 6, 6, 6, 6, 6, 6, 6, 6, 5, 5, 6, 6, 6, 6, 6, 6, 6, 6, 7, 5, 6, 6, 6, 5, 5, 5, 5, 6, 5, 5, 5, 5, 5, 5, 5, 5, 5, 5, 5, 5, 5, 5, 5, 5, 5, 5, 5, 5, 5, 5, 5, 5, 5, 5, 5, 5, 5, 5, 6, 5, 5, 5, 5, 5, 5, 5, 5, 5, 5, 6, 5, 6, 5, 5, 5, 5, 5, 5, 5, 5, 5, 5, 4, 4, 4, 4, 5, 4, 5, 5, 4, 4, 4, 4, 4, 4, 4, 5, 5, 5, 5, 5, 5, 5, 5, 5, 6, 5, 5, 6, 5, 4, 4, 4, 4, 4, 5, 4, 4, 4, 5, 7, 6, 6, 6, 5, 4, 5, 6, 6, 5, 5, 5, 5, 6, 6, 5, 4, 6, 6, 6, 6, 6, 5, 4, 4, 5, 5, 5, 6, 5, 5, 6, 6, 5, 6, 5, 5, 5, 5, 5, 5, 5, 5, 5, 5, 5, 5, 5, 6, 5, 5, 5, 5, 4, 4, 4, 5, 5, 4, 4, 4, 5, 5, 3, 4, 4, 4, 4, 5, 6, 5, 6, 5, 5, 4, 4, 4, 5, 5, 3, 4, 5, 5, 5, 5, 4, 4, 4, 4, 4, 4, 4, 5, 5, 5, 4, 5, 5, 5, 5, 5, 4, 4, 5, 5, 4, 5, 5, 6, 5, 4, 4, 5, 5, 5, 4, 4, 4, 4, 5, 5, 5, 5, 5, 5, 4, 5, 5, 4, 4, 4, 5, 5, 5, 5, 5, 5, 5, 4, 4, 4, 4, 4, 4, 4, 4, 4, 5, 5, 5, 5, 5]",7,300,4.9133,,369.660721,"[2617.0, 2496.0, 2496.0, 2465.0, 2374.0, 2327.0, 2218.0, 2218.0, 2218.0, 2218.0, 2218.0, 2218.0, 2218.0, 2218.0, 2198.0, 2198.0, 2198.0, 2198.0, 2198.0, 2188.0, 2163.0, 2145.0, 2145.0, 2093.0, 2093.0, 2093.0, 2093.0, 2093.0, 2093.0, 2093.0, 2093.0, 2093.0, 2093.0, 2089.0, 2069.0, 2069.0, 2069.0, 2069.0, 2069.0, 2069.0, 2069.0, 2069.0, 2069.0, 2069.0, 2069.0, 2055.0, 2046.0, 2040.0, 2033.0, 2030.0, 2030.0, 2030.0, 2030.0, 2026.0, 2026.0, 2026.0, 2026.0, 2026.0, 2026.0, 2026.0, 2026.0, 2026.0, 2026.0, 2026.0, 2026.0, 2026.0, 2026.0, 2026.0, 2002.0, 2002.0, 2002.0, 2002.0, 1989.0, 1989.0, 1989.0, 1989.0, 1989.0, 1989.0, 1989.0, 1989.0, 1989.0, 1989.0, 1989.0, 1989.0, 1989.0, 1989.0, 1989.0, 1989.0, 1989.0, 1981.0, 1981.0, 1981.0, 1981.0, 1981.0, 1981.0, 1981.0, 1981.0, 1981.0, 1981.0, 1972.0, 1972.0, 1972.0, 1972.0, 1972.0, 1972.0, 1972.0, 1972.0, 1972.0, 1972.0, 1972.0, 1972.0, 1972.0, 1972.0, 1972.0, 1972.0, 1972.0, 1972.0, 1972.0, 1972.0, 1972.0, 1972.0, 1972.0, 1972.0, 1972.0, 1972.0, 1972.0, 1972.0, 1972.0, 1972.0, 1972.0, 1972.0, 1972.0, 1972.0, 1972.0, 1972.0, 1972.0, 1972.0, 1972.0, 1972.0, 1972.0, 1972.0, 1972.0, 1972.0, 1972.0, 1972.0, 1972.0, 1972.0, 1972.0, 1972.0, 1972.0, 1972.0, 1972.0, 1972.0, 1972.0, 1972.0, 1972.0, 1972.0, 1972.0, 1972.0, 1972.0, 1972.0, 1972.0, 1972.0, 1972.0, 1972.0, 1972.0, 1972.0, 1972.0, 1972.0, 1972.0, 1972.0, 1972.0, 1972.0, 1972.0, 1972.0, 1972.0, 1972.0, 1972.0, 1972.0, 1972.0, 1972.0, 1972.0, 1972.0, 1972.0, 1972.0, 1972.0, 1972.0, 1972.0, 1972.0, 1972.0, 1972.0, 1972.0, 1972.0, 1972.0, 1972.0, 1972.0, 1972.0, 1972.0, 1972.0, 1972.0, 1972.0, 1972.0, 1972.0, 1972.0, 1972.0, 1972.0, 1972.0, 1972.0, 1972.0, 1972.0, 1972.0, 1972.0, 1972.0, 1972.0, 1972.0, 1972.0, 1972.0, 1972.0, 1972.0, 1972.0, 1972.0, 1972.0, 1972.0, 1972.0, 1972.0, 1972.0, 1972.0, 1972.0, 1972.0, 1972.0, 1972.0, 1972.0, 1972.0, 1972.0, 1972.0, 1972.0, 1972.0, 1972.0, 1972.0, 1972.0, 1972.0, 1972.0, 1972.0, 1972.0, 1972.0, 1972.0, 1972.0, 1972.0, 1972.0, 1972.0, 1972.0, 1972.0, 1972.0, 1972.0, 1972.0, 1972.0, 1972.0, 1972.0, 1972.0, 1972.0, 1972.0, 1972.0, 1972.0, 1972.0, 1972.0, 1972.0, 1972.0, 1972.0, 1972.0, 1972.0, 1972.0, 1972.0, 1972.0, 1972.0, 1972.0, 1972.0, 1972.0, 1972.0, 1972.0, 1972.0, 1972.0, 1972.0, 1972.0, 1972.0, 1972.0, 1972.0, 1972.0, 1972.0, 1972.0, 1972.0, 1972.0, 1972.0, 1972.0, 1972.0, 1972.0, 1972.0, 1972.0, 1972.0, 1972.0, 1972.0]",9,A-n80-k10.vrp,100,GSA,data/vrp/A-n80-k10.vrp
True,53 29 80 19 49 15 22 14 43 40 61 75 30 28 60 26 42 47 32 18 52 74 37 54 4 13 45 24 72 11 7 79 69 44 17 20 27 36 66 70 57 48 16 65 78 63 64 12 35 3 38 25 50 39 59 77 73 55 10 56 34 68 67 71 33 5 23 46 51 6 31 9 62 58 76 21 41 2 8,1923.0,1923.0,"[1, 3, 3, 4, 5, 5, 5, 6, 6, 6, 6, 6, 6, 6, 6, 5, 6, 6, 6, 6, 6, 5, 6, 6, 6, 6, 6, 6, 6, 6, 6, 6, 6, 6, 6, 6, 6, 6, 5, 6, 6, 6, 7, 6, 6, 6, 6, 6, 6, 6, 6, 6, 6, 6, 5, 6, 6, 5, 6, 6, 6, 6, 6, 5, 6, 6, 6, 6, 6, 6, 6, 6, 7, 7, 5, 5, 5, 5, 6, 5, 5, 5, 5, 5, 4, 5, 4, 4, 5, 5, 4, 5, 5, 5, 5, 5, 6, 6, 5, 5, 6, 6, 6, 6, 5, 5, 5, 5, 5, 5, 5, 6, 5, 5, 5, 4, 4, 4, 5, 5, 5, 5, 5, 6, 5, 5, 4, 5, 5, 5, 6, 6, 6, 6, 6, 5, 6, 5, 6, 6, 6, 6, 6, 6, 6, 4, 5, 5, 5, 5, 5, 5, 5, 5, 5, 5, 4, 5, 5, 5, 5, 5, 5, 5, 6, 4, 4, 4, 5, 5, 5, 5, 4, 4, 4, 4, 5, 4, 5, 5, 6, 6, 4, 5, 4, 5, 5, 5, 5, 4, 4, 4, 5, 5, 5, 6, 6, 4, 5, 6, 4, 4, 6, 4, 4, 4, 4, 4, 5, 5, 5, 4, 5, 5, 5, 6, 5, 6, 5, 6, 6, 5, 4, 5, 5, 4, 5, 4, 5, 5, 5, 5, 5, 6, 5, 4, 3, 4, 4, 4, 4, 5, 4, 4, 5, 4, 5, 5, 5, 6, 5, 3, 4, 4, 4, 4, 4, 5, 4, 4, 4, 4, 5, 4, 5, 5, 4, 5, 5, 4, 5, 4, 4, 4, 4, 4, 4, 4, 5, 5, 5, 5, 5, 5, 5, 4, 5, 4, 4, 5, 5, 5, 4, 4, 5, 5, 3, 5, 5, 5]",7,300,5.0567,,329.82982,"[2654.0, 2545.0, 2423.0, 2390.0, 2335.0, 2335.0, 2268.0, 2247.0, 2218.0, 2181.0, 2180.0, 2159.0, 2149.0, 2147.0, 2147.0, 2147.0, 2147.0, 2147.0, 2147.0, 2147.0, 2119.0, 2101.0, 2053.0, 2053.0, 2053.0, 2053.0, 2053.0, 2053.0, 2053.0, 2053.0, 2053.0, 2053.0, 2053.0, 2053.0, 2053.0, 2053.0, 2053.0, 2053.0, 2053.0, 2053.0, 2053.0, 2053.0, 2053.0, 2053.0, 2053.0, 2053.0, 2053.0, 2053.0, 2053.0, 2053.0, 2053.0, 2053.0, 2053.0, 2053.0, 2053.0, 2053.0, 2053.0, 2053.0, 2053.0, 2053.0, 2051.0, 2051.0, 2051.0, 2051.0, 2051.0, 2051.0, 2051.0, 2051.0, 2051.0, 2051.0, 2051.0, 2051.0, 2051.0, 2051.0, 2051.0, 2051.0, 2051.0, 2051.0, 2051.0, 2051.0, 2051.0, 2051.0, 2051.0, 2051.0, 2051.0, 2051.0, 2051.0, 2051.0, 2051.0, 2051.0, 2051.0, 2051.0, 2051.0, 2051.0, 2051.0, 2051.0, 2051.0, 2051.0, 2051.0, 2051.0, 2051.0, 2051.0, 2046.0, 2046.0, 2046.0, 2046.0, 2036.0, 2036.0, 2036.0, 2036.0, 2033.0, 2033.0, 2020.0, 2020.0, 2020.0, 2020.0, 2020.0, 2020.0, 2020.0, 2020.0, 2020.0, 2020.0, 2020.0, 2020.0, 2012.0, 2012.0, 2012.0, 2012.0, 2012.0, 2012.0, 2012.0, 2012.0, 2012.0, 1994.0, 1994.0, 1994.0, 1994.0, 1994.0, 1994.0, 1994.0, 1994.0, 1994.0, 1994.0, 1994.0, 1994.0, 1994.0, 1994.0, 1994.0, 1994.0, 1982.0, 1982.0, 1982.0, 1982.0, 1982.0, 1982.0, 1982.0, 1982.0, 1982.0, 1982.0, 1982.0, 1982.0, 1982.0, 1982.0, 1982.0, 1982.0, 1982.0, 1982.0, 1982.0, 1982.0, 1982.0, 1982.0, 1982.0, 1982.0, 1982.0, 1982.0, 1982.0, 1982.0, 1982.0, 1982.0, 1982.0, 1982.0, 1982.0, 1967.0, 1967.0, 1967.0, 1967.0, 1967.0, 1967.0, 1966.0, 1966.0, 1966.0, 1965.0, 1965.0, 1965.0, 1965.0, 1965.0, 1965.0, 1965.0, 1965.0, 1965.0, 1965.0, 1965.0, 1965.0, 1965.0, 1965.0, 1965.0, 1965.0, 1965.0, 1965.0, 1965.0, 1965.0, 1965.0, 1965.0, 1965.0, 1965.0, 1965.0, 1965.0, 1965.0, 1965.0, 1965.0, 1965.0, 1965.0, 1965.0, 1965.0, 1965.0, 1965.0, 1965.0, 1965.0, 1965.0, 1965.0, 1965.0, 1965.0, 1965.0, 1965.0, 1965.0, 1965.0, 1965.0, 1965.0, 1965.0, 1965.0, 1965.0, 1965.0, 1965.0, 1965.0, 1965.0, 1965.0, 1965.0, 1965.0, 1965.0, 1965.0, 1965.0, 1965.0, 1965.0, 1965.0, 1965.0, 1965.0, 1965.0, 1965.0, 1965.0, 1965.0, 1965.0, 1965.0, 1965.0, 1965.0, 1965.0, 1965.0, 1965.0, 1965.0, 1965.0, 1965.0, 1965.0, 1965.0, 1965.0, 1965.0, 1965.0, 1965.0, 1965.0, 1965.0, 1965.0, 1965.0, 1965.0, 1965.0, 1965.0, 1965.0, 1965.0, 1965.0, 1965.0, 1963.0, 1963.0, 1944.0, 1944.0, 1944.0, 1944.0, 1944.0, 1944.0, 1923.0, 1923.0, 1923.0, 1923.0, 1923.0]",10,A-n80-k10.vrp,296,GSA,data/vrp/A-n80-k10.vrp
